ISO-10303-21;
HEADER;
FILE_DESCRIPTION(('STEP AP242'),'1');
FILE_NAME('2116240001.stp','2026-08-03T21:02:03',('TraceParts'),('TraceParts S.A.S.'),'Spatial InterOp 3D',' ',' ');
FILE_SCHEMA(('AP242_MANAGED_MODEL_BASED_3D_ENGINEERING_MIM_LF  {1 0 10303 442 1 1 4}'));
ENDSEC;
DATA;
#1=MECHANICAL_DESIGN_GEOMETRIC_PRESENTATION_REPRESENTATION(' ',(#10,#11,#12,#13,#14,#15,#16,#17,#18,#19,#20,#21,#22,#23,#24,#25,#26,#27,#28,#29,#30,#31,#32,#33,#34,#35,#36,#37,#38,#39,#40,#41,#42,#43,#44,#45,#46,#47,#48,#49,#50,#51,#52,#53,#54,#55,#56,#57,#58,#59,#60,#61,#62,#63,#64,#65,#66,#67,#68,#69,#70,#71,#72,#73,#74,#75,#76,#77,#78,#79,#80,#81,#82,#83,#84,#85,#86,#87,#88,#89,#90,#91,#92,#93,#94,#95,#96,#97,#98,#99,#100,#101,#102,#103,#104,#105,#106,#107,#108,#109,#110,#111,#112,#113,#114,#115,#116,#117,#118,#119,#120,#121,#122,#123,#124,#125,#126,#127,#128,#129,#130,#131,#132,#133,#134,#135,#136,#137,#138,#139,#140,#141,#142,#143,#144,#145,#146,#147,#148,#149,#150,#151,#152,#153,#154,#155,#156,#157,#158,#159,#160,#161,#162,#163,#164,#165,#166,#167),#6);
#2=PRODUCT_DEFINITION_CONTEXT('',#168,'design');
#3=APPLICATION_PROTOCOL_DEFINITION('INTERNATIONAL STANDARD','ap242_managed_model_based_3d_engineering',2014,#168);
#4=PRODUCT_CATEGORY_RELATIONSHIP('NONE','NONE',#169,#170);
#5=SHAPE_DEFINITION_REPRESENTATION(#171,#172);
#6= (GEOMETRIC_REPRESENTATION_CONTEXT(3)GLOBAL_UNCERTAINTY_ASSIGNED_CONTEXT((#175))GLOBAL_UNIT_ASSIGNED_CONTEXT((#177,#178,#179))REPRESENTATION_CONTEXT('NONE','WORKSPACE'));
#10=STYLED_ITEM('',(#181),#182);
#11=STYLED_ITEM('',(#183),#184);
#12=STYLED_ITEM('',(#185),#186);
#13=STYLED_ITEM('',(#187),#188);
#14=STYLED_ITEM('',(#189),#190);
#15=STYLED_ITEM('',(#191),#192);
#16=STYLED_ITEM('',(#193),#194);
#17=STYLED_ITEM('',(#195),#196);
#18=STYLED_ITEM('',(#197),#198);
#19=STYLED_ITEM('',(#199),#200);
#20=STYLED_ITEM('',(#201),#202);
#21=STYLED_ITEM('',(#203),#204);
#22=STYLED_ITEM('',(#205),#206);
#23=STYLED_ITEM('',(#207),#208);
#24=STYLED_ITEM('',(#209),#210);
#25=STYLED_ITEM('',(#211),#212);
#26=STYLED_ITEM('',(#213),#214);
#27=STYLED_ITEM('',(#215),#216);
#28=STYLED_ITEM('',(#217),#218);
#29=STYLED_ITEM('',(#219),#220);
#30=STYLED_ITEM('',(#221),#222);
#31=STYLED_ITEM('',(#223),#224);
#32=STYLED_ITEM('',(#225),#226);
#33=STYLED_ITEM('',(#227),#228);
#34=STYLED_ITEM('',(#229),#230);
#35=STYLED_ITEM('',(#231),#232);
#36=STYLED_ITEM('',(#233),#234);
#37=STYLED_ITEM('',(#235),#236);
#38=STYLED_ITEM('',(#237),#238);
#39=STYLED_ITEM('',(#239),#240);
#40=STYLED_ITEM('',(#241),#242);
#41=STYLED_ITEM('',(#243),#244);
#42=STYLED_ITEM('',(#245),#246);
#43=STYLED_ITEM('',(#247),#248);
#44=STYLED_ITEM('',(#249),#250);
#45=STYLED_ITEM('',(#251),#252);
#46=STYLED_ITEM('',(#253),#254);
#47=STYLED_ITEM('',(#255),#256);
#48=STYLED_ITEM('',(#257),#258);
#49=STYLED_ITEM('',(#259),#260);
#50=STYLED_ITEM('',(#261),#262);
#51=STYLED_ITEM('',(#263),#264);
#52=STYLED_ITEM('',(#265),#266);
#53=STYLED_ITEM('',(#267),#268);
#54=STYLED_ITEM('',(#269),#270);
#55=STYLED_ITEM('',(#271),#272);
#56=STYLED_ITEM('',(#273),#274);
#57=STYLED_ITEM('',(#275),#276);
#58=STYLED_ITEM('',(#277),#278);
#59=STYLED_ITEM('',(#279),#280);
#60=STYLED_ITEM('',(#281),#282);
#61=STYLED_ITEM('',(#283),#284);
#62=STYLED_ITEM('',(#285),#286);
#63=STYLED_ITEM('',(#287),#288);
#64=STYLED_ITEM('',(#289),#290);
#65=STYLED_ITEM('',(#291),#292);
#66=STYLED_ITEM('',(#293),#294);
#67=STYLED_ITEM('',(#295),#296);
#68=STYLED_ITEM('',(#297),#298);
#69=STYLED_ITEM('',(#299),#300);
#70=STYLED_ITEM('',(#301),#302);
#71=STYLED_ITEM('',(#303),#304);
#72=STYLED_ITEM('',(#305),#306);
#73=STYLED_ITEM('',(#307),#308);
#74=STYLED_ITEM('',(#309),#310);
#75=STYLED_ITEM('',(#311),#312);
#76=STYLED_ITEM('',(#313),#314);
#77=STYLED_ITEM('',(#315),#316);
#78=STYLED_ITEM('',(#317),#318);
#79=STYLED_ITEM('',(#319),#320);
#80=STYLED_ITEM('',(#321),#322);
#81=STYLED_ITEM('',(#323),#324);
#82=STYLED_ITEM('',(#325),#326);
#83=STYLED_ITEM('',(#327),#328);
#84=STYLED_ITEM('',(#329),#330);
#85=STYLED_ITEM('',(#331),#332);
#86=STYLED_ITEM('',(#333),#334);
#87=STYLED_ITEM('',(#335),#336);
#88=STYLED_ITEM('',(#337),#338);
#89=STYLED_ITEM('',(#339),#340);
#90=STYLED_ITEM('',(#341),#342);
#91=STYLED_ITEM('',(#343),#344);
#92=STYLED_ITEM('',(#345),#346);
#93=STYLED_ITEM('',(#347),#348);
#94=STYLED_ITEM('',(#349),#350);
#95=STYLED_ITEM('',(#351),#352);
#96=STYLED_ITEM('',(#353),#354);
#97=STYLED_ITEM('',(#355),#356);
#98=STYLED_ITEM('',(#357),#358);
#99=STYLED_ITEM('',(#359),#360);
#100=STYLED_ITEM('',(#361),#362);
#101=STYLED_ITEM('',(#363),#364);
#102=STYLED_ITEM('',(#365),#366);
#103=STYLED_ITEM('',(#367),#368);
#104=STYLED_ITEM('',(#369),#370);
#105=STYLED_ITEM('',(#371),#372);
#106=STYLED_ITEM('',(#373),#374);
#107=STYLED_ITEM('',(#375),#376);
#108=STYLED_ITEM('',(#377),#378);
#109=STYLED_ITEM('',(#379),#380);
#110=STYLED_ITEM('',(#381),#382);
#111=STYLED_ITEM('',(#383),#384);
#112=STYLED_ITEM('',(#385),#386);
#113=STYLED_ITEM('',(#387),#388);
#114=STYLED_ITEM('',(#389),#390);
#115=STYLED_ITEM('',(#391),#392);
#116=STYLED_ITEM('',(#393),#394);
#117=STYLED_ITEM('',(#395),#396);
#118=STYLED_ITEM('',(#397),#398);
#119=STYLED_ITEM('',(#399),#400);
#120=STYLED_ITEM('',(#401),#402);
#121=STYLED_ITEM('',(#403),#404);
#122=STYLED_ITEM('',(#405),#406);
#123=STYLED_ITEM('',(#407),#408);
#124=STYLED_ITEM('',(#409),#410);
#125=STYLED_ITEM('',(#411),#412);
#126=STYLED_ITEM('',(#413),#414);
#127=STYLED_ITEM('',(#415),#416);
#128=STYLED_ITEM('',(#417),#418);
#129=STYLED_ITEM('',(#419),#420);
#130=STYLED_ITEM('',(#421),#422);
#131=STYLED_ITEM('',(#423),#424);
#132=STYLED_ITEM('',(#425),#426);
#133=STYLED_ITEM('',(#427),#428);
#134=STYLED_ITEM('',(#429),#430);
#135=STYLED_ITEM('',(#431),#432);
#136=STYLED_ITEM('',(#433),#434);
#137=STYLED_ITEM('',(#435),#436);
#138=STYLED_ITEM('',(#437),#438);
#139=STYLED_ITEM('',(#439),#440);
#140=STYLED_ITEM('',(#441),#442);
#141=STYLED_ITEM('',(#443),#444);
#142=STYLED_ITEM('',(#445),#446);
#143=STYLED_ITEM('',(#447),#448);
#144=STYLED_ITEM('',(#449),#450);
#145=STYLED_ITEM('',(#451),#452);
#146=STYLED_ITEM('',(#453),#454);
#147=STYLED_ITEM('',(#455),#456);
#148=STYLED_ITEM('',(#457),#458);
#149=STYLED_ITEM('',(#459),#460);
#150=STYLED_ITEM('',(#461),#462);
#151=STYLED_ITEM('',(#463),#464);
#152=STYLED_ITEM('',(#465),#466);
#153=STYLED_ITEM('',(#467),#468);
#154=STYLED_ITEM('',(#469),#470);
#155=STYLED_ITEM('',(#471),#472);
#156=STYLED_ITEM('',(#473),#474);
#157=STYLED_ITEM('',(#475),#476);
#158=STYLED_ITEM('',(#477),#478);
#159=STYLED_ITEM('',(#479),#480);
#160=STYLED_ITEM('',(#481),#482);
#161=STYLED_ITEM('',(#483),#484);
#162=STYLED_ITEM('',(#485),#486);
#163=STYLED_ITEM('',(#487),#488);
#164=STYLED_ITEM('',(#489),#490);
#165=STYLED_ITEM('',(#491),#492);
#166=STYLED_ITEM('',(#493),#494);
#167=STYLED_ITEM('',(#495),#496);
#168=APPLICATION_CONTEXT('managed model based 3d engineering');
#169=PRODUCT_CATEGORY('part','NONE');
#170=PRODUCT_RELATED_PRODUCT_CATEGORY('detail',' ',(#497));
#171=PRODUCT_DEFINITION_SHAPE('NONE','NONE',#498);
#172=ADVANCED_BREP_SHAPE_REPRESENTATION('1',(#496,#499),#6);
#175=UNCERTAINTY_MEASURE_WITH_UNIT(LENGTH_MEASURE(1.0E-06),#177,'','');
#177= (CONVERSION_BASED_UNIT('MILLIMETRE',#502)LENGTH_UNIT()NAMED_UNIT(#505));
#178= (NAMED_UNIT(#507)PLANE_ANGLE_UNIT()SI_UNIT($,.RADIAN.));
#179= (NAMED_UNIT(#507)SOLID_ANGLE_UNIT()SI_UNIT($,.STERADIAN.));
#181=PRESENTATION_STYLE_ASSIGNMENT((#513));
#182=ADVANCED_FACE('',(#514),#515,.T.);
#183=PRESENTATION_STYLE_ASSIGNMENT((#516));
#184=ADVANCED_FACE('',(#517),#518,.T.);
#185=PRESENTATION_STYLE_ASSIGNMENT((#519));
#186=ADVANCED_FACE('',(#520),#521,.T.);
#187=PRESENTATION_STYLE_ASSIGNMENT((#522));
#188=ADVANCED_FACE('',(#523),#524,.T.);
#189=PRESENTATION_STYLE_ASSIGNMENT((#525));
#190=ADVANCED_FACE('',(#526),#527,.F.);
#191=PRESENTATION_STYLE_ASSIGNMENT((#528));
#192=ADVANCED_FACE('',(#529),#530,.F.);
#193=PRESENTATION_STYLE_ASSIGNMENT((#531));
#194=ADVANCED_FACE('',(#532),#533,.F.);
#195=PRESENTATION_STYLE_ASSIGNMENT((#534));
#196=ADVANCED_FACE('',(#535),#536,.F.);
#197=PRESENTATION_STYLE_ASSIGNMENT((#537));
#198=ADVANCED_FACE('',(#538),#539,.T.);
#199=PRESENTATION_STYLE_ASSIGNMENT((#540));
#200=ADVANCED_FACE('',(#541),#542,.F.);
#201=PRESENTATION_STYLE_ASSIGNMENT((#543));
#202=ADVANCED_FACE('',(#544),#545,.T.);
#203=PRESENTATION_STYLE_ASSIGNMENT((#546));
#204=ADVANCED_FACE('',(#547),#548,.F.);
#205=PRESENTATION_STYLE_ASSIGNMENT((#549));
#206=ADVANCED_FACE('',(#550),#551,.F.);
#207=PRESENTATION_STYLE_ASSIGNMENT((#552));
#208=ADVANCED_FACE('',(#553),#554,.F.);
#209=PRESENTATION_STYLE_ASSIGNMENT((#555));
#210=ADVANCED_FACE('',(#556,#557),#558,.T.);
#211=PRESENTATION_STYLE_ASSIGNMENT((#559));
#212=ADVANCED_FACE('',(#560),#561,.T.);
#213=PRESENTATION_STYLE_ASSIGNMENT((#562));
#214=ADVANCED_FACE('',(#563),#564,.T.);
#215=PRESENTATION_STYLE_ASSIGNMENT((#565));
#216=ADVANCED_FACE('',(#566),#567,.T.);
#217=PRESENTATION_STYLE_ASSIGNMENT((#568));
#218=ADVANCED_FACE('',(#569),#570,.F.);
#219=PRESENTATION_STYLE_ASSIGNMENT((#571));
#220=ADVANCED_FACE('',(#572),#573,.T.);
#221=PRESENTATION_STYLE_ASSIGNMENT((#574));
#222=ADVANCED_FACE('',(#575),#576,.T.);
#223=PRESENTATION_STYLE_ASSIGNMENT((#577));
#224=ADVANCED_FACE('',(#578),#579,.F.);
#225=PRESENTATION_STYLE_ASSIGNMENT((#580));
#226=ADVANCED_FACE('',(#581),#582,.T.);
#227=PRESENTATION_STYLE_ASSIGNMENT((#583));
#228=ADVANCED_FACE('',(#584),#585,.F.);
#229=PRESENTATION_STYLE_ASSIGNMENT((#586));
#230=ADVANCED_FACE('',(#587),#588,.T.);
#231=PRESENTATION_STYLE_ASSIGNMENT((#589));
#232=ADVANCED_FACE('',(#590,#591),#592,.T.);
#233=PRESENTATION_STYLE_ASSIGNMENT((#593));
#234=ADVANCED_FACE('',(#594),#595,.F.);
#235=PRESENTATION_STYLE_ASSIGNMENT((#596));
#236=ADVANCED_FACE('',(#597),#598,.F.);
#237=PRESENTATION_STYLE_ASSIGNMENT((#599));
#238=ADVANCED_FACE('',(#600),#601,.F.);
#239=PRESENTATION_STYLE_ASSIGNMENT((#602));
#240=ADVANCED_FACE('',(#603),#604,.F.);
#241=PRESENTATION_STYLE_ASSIGNMENT((#605));
#242=ADVANCED_FACE('',(#606),#607,.F.);
#243=PRESENTATION_STYLE_ASSIGNMENT((#608));
#244=ADVANCED_FACE('',(#609),#610,.F.);
#245=PRESENTATION_STYLE_ASSIGNMENT((#611));
#246=ADVANCED_FACE('',(#612),#613,.T.);
#247=PRESENTATION_STYLE_ASSIGNMENT((#614));
#248=ADVANCED_FACE('',(#615),#616,.T.);
#249=PRESENTATION_STYLE_ASSIGNMENT((#617));
#250=ADVANCED_FACE('',(#618),#619,.T.);
#251=PRESENTATION_STYLE_ASSIGNMENT((#620));
#252=ADVANCED_FACE('',(#621),#622,.T.);
#253=PRESENTATION_STYLE_ASSIGNMENT((#623));
#254=ADVANCED_FACE('',(#624,#625),#626,.T.);
#255=PRESENTATION_STYLE_ASSIGNMENT((#627));
#256=ADVANCED_FACE('',(#628,#629),#630,.F.);
#257=PRESENTATION_STYLE_ASSIGNMENT((#631));
#258=ADVANCED_FACE('',(#632),#633,.F.);
#259=PRESENTATION_STYLE_ASSIGNMENT((#634));
#260=ADVANCED_FACE('',(#635),#636,.T.);
#261=PRESENTATION_STYLE_ASSIGNMENT((#637));
#262=ADVANCED_FACE('',(#638),#639,.F.);
#263=PRESENTATION_STYLE_ASSIGNMENT((#640));
#264=ADVANCED_FACE('',(#641),#642,.T.);
#265=PRESENTATION_STYLE_ASSIGNMENT((#643));
#266=ADVANCED_FACE('',(#644),#645,.F.);
#267=PRESENTATION_STYLE_ASSIGNMENT((#646));
#268=ADVANCED_FACE('',(#647),#648,.T.);
#269=PRESENTATION_STYLE_ASSIGNMENT((#649));
#270=ADVANCED_FACE('',(#650),#651,.F.);
#271=PRESENTATION_STYLE_ASSIGNMENT((#652));
#272=ADVANCED_FACE('',(#653),#654,.T.);
#273=PRESENTATION_STYLE_ASSIGNMENT((#655));
#274=ADVANCED_FACE('',(#656),#657,.T.);
#275=PRESENTATION_STYLE_ASSIGNMENT((#658));
#276=ADVANCED_FACE('',(#659),#660,.T.);
#277=PRESENTATION_STYLE_ASSIGNMENT((#661));
#278=ADVANCED_FACE('',(#662),#663,.T.);
#279=PRESENTATION_STYLE_ASSIGNMENT((#664));
#280=ADVANCED_FACE('',(#665),#666,.T.);
#281=PRESENTATION_STYLE_ASSIGNMENT((#667));
#282=ADVANCED_FACE('',(#668),#669,.T.);
#283=PRESENTATION_STYLE_ASSIGNMENT((#670));
#284=ADVANCED_FACE('',(#671),#672,.T.);
#285=PRESENTATION_STYLE_ASSIGNMENT((#673));
#286=ADVANCED_FACE('',(#674),#675,.T.);
#287=PRESENTATION_STYLE_ASSIGNMENT((#676));
#288=ADVANCED_FACE('',(#677),#678,.T.);
#289=PRESENTATION_STYLE_ASSIGNMENT((#679));
#290=ADVANCED_FACE('',(#680),#681,.T.);
#291=PRESENTATION_STYLE_ASSIGNMENT((#682));
#292=ADVANCED_FACE('',(#683),#684,.T.);
#293=PRESENTATION_STYLE_ASSIGNMENT((#685));
#294=ADVANCED_FACE('',(#686),#687,.T.);
#295=PRESENTATION_STYLE_ASSIGNMENT((#688));
#296=ADVANCED_FACE('',(#689),#690,.T.);
#297=PRESENTATION_STYLE_ASSIGNMENT((#691));
#298=ADVANCED_FACE('',(#692),#693,.F.);
#299=PRESENTATION_STYLE_ASSIGNMENT((#694));
#300=ADVANCED_FACE('',(#695),#696,.T.);
#301=PRESENTATION_STYLE_ASSIGNMENT((#697));
#302=ADVANCED_FACE('',(#698),#699,.T.);
#303=PRESENTATION_STYLE_ASSIGNMENT((#700));
#304=ADVANCED_FACE('',(#701),#702,.T.);
#305=PRESENTATION_STYLE_ASSIGNMENT((#703));
#306=ADVANCED_FACE('',(#704),#705,.T.);
#307=PRESENTATION_STYLE_ASSIGNMENT((#706));
#308=ADVANCED_FACE('',(#707),#708,.T.);
#309=PRESENTATION_STYLE_ASSIGNMENT((#709));
#310=ADVANCED_FACE('',(#710),#711,.T.);
#311=PRESENTATION_STYLE_ASSIGNMENT((#712));
#312=ADVANCED_FACE('',(#713),#714,.T.);
#313=PRESENTATION_STYLE_ASSIGNMENT((#715));
#314=ADVANCED_FACE('',(#716),#717,.T.);
#315=PRESENTATION_STYLE_ASSIGNMENT((#718));
#316=ADVANCED_FACE('',(#719),#720,.T.);
#317=PRESENTATION_STYLE_ASSIGNMENT((#721));
#318=ADVANCED_FACE('',(#722),#723,.T.);
#319=PRESENTATION_STYLE_ASSIGNMENT((#724));
#320=ADVANCED_FACE('',(#725),#726,.T.);
#321=PRESENTATION_STYLE_ASSIGNMENT((#727));
#322=ADVANCED_FACE('',(#728),#729,.T.);
#323=PRESENTATION_STYLE_ASSIGNMENT((#730));
#324=ADVANCED_FACE('',(#731),#732,.T.);
#325=PRESENTATION_STYLE_ASSIGNMENT((#733));
#326=ADVANCED_FACE('',(#734),#735,.F.);
#327=PRESENTATION_STYLE_ASSIGNMENT((#736));
#328=ADVANCED_FACE('',(#737),#738,.T.);
#329=PRESENTATION_STYLE_ASSIGNMENT((#739));
#330=ADVANCED_FACE('',(#740),#741,.T.);
#331=PRESENTATION_STYLE_ASSIGNMENT((#742));
#332=ADVANCED_FACE('',(#743),#744,.T.);
#333=PRESENTATION_STYLE_ASSIGNMENT((#745));
#334=ADVANCED_FACE('',(#746),#747,.T.);
#335=PRESENTATION_STYLE_ASSIGNMENT((#748));
#336=ADVANCED_FACE('',(#749),#750,.T.);
#337=PRESENTATION_STYLE_ASSIGNMENT((#751));
#338=ADVANCED_FACE('',(#752),#753,.T.);
#339=PRESENTATION_STYLE_ASSIGNMENT((#754));
#340=ADVANCED_FACE('',(#755),#756,.T.);
#341=PRESENTATION_STYLE_ASSIGNMENT((#757));
#342=ADVANCED_FACE('',(#758),#759,.T.);
#343=PRESENTATION_STYLE_ASSIGNMENT((#760));
#344=ADVANCED_FACE('',(#761),#762,.T.);
#345=PRESENTATION_STYLE_ASSIGNMENT((#763));
#346=ADVANCED_FACE('',(#764),#765,.T.);
#347=PRESENTATION_STYLE_ASSIGNMENT((#766));
#348=ADVANCED_FACE('',(#767),#768,.T.);
#349=PRESENTATION_STYLE_ASSIGNMENT((#769));
#350=ADVANCED_FACE('',(#770),#771,.T.);
#351=PRESENTATION_STYLE_ASSIGNMENT((#772));
#352=ADVANCED_FACE('',(#773),#774,.T.);
#353=PRESENTATION_STYLE_ASSIGNMENT((#775));
#354=ADVANCED_FACE('',(#776),#777,.T.);
#355=PRESENTATION_STYLE_ASSIGNMENT((#778));
#356=ADVANCED_FACE('',(#779),#780,.T.);
#357=PRESENTATION_STYLE_ASSIGNMENT((#781));
#358=ADVANCED_FACE('',(#782,#783),#784,.F.);
#359=PRESENTATION_STYLE_ASSIGNMENT((#785));
#360=ADVANCED_FACE('',(#786),#787,.T.);
#361=PRESENTATION_STYLE_ASSIGNMENT((#788));
#362=ADVANCED_FACE('',(#789),#790,.T.);
#363=PRESENTATION_STYLE_ASSIGNMENT((#791));
#364=ADVANCED_FACE('',(#792),#793,.T.);
#365=PRESENTATION_STYLE_ASSIGNMENT((#794));
#366=ADVANCED_FACE('',(#795),#796,.T.);
#367=PRESENTATION_STYLE_ASSIGNMENT((#797));
#368=ADVANCED_FACE('',(#798),#799,.T.);
#369=PRESENTATION_STYLE_ASSIGNMENT((#800));
#370=ADVANCED_FACE('',(#801),#802,.T.);
#371=PRESENTATION_STYLE_ASSIGNMENT((#803));
#372=ADVANCED_FACE('',(#804),#805,.T.);
#373=PRESENTATION_STYLE_ASSIGNMENT((#806));
#374=ADVANCED_FACE('',(#807,#808),#809,.F.);
#375=PRESENTATION_STYLE_ASSIGNMENT((#810));
#376=ADVANCED_FACE('',(#811),#812,.T.);
#377=PRESENTATION_STYLE_ASSIGNMENT((#813));
#378=ADVANCED_FACE('',(#814),#815,.T.);
#379=PRESENTATION_STYLE_ASSIGNMENT((#816));
#380=ADVANCED_FACE('',(#817),#818,.T.);
#381=PRESENTATION_STYLE_ASSIGNMENT((#819));
#382=ADVANCED_FACE('',(#820),#821,.F.);
#383=PRESENTATION_STYLE_ASSIGNMENT((#822));
#384=ADVANCED_FACE('',(#823),#824,.T.);
#385=PRESENTATION_STYLE_ASSIGNMENT((#825));
#386=ADVANCED_FACE('',(#826),#827,.T.);
#387=PRESENTATION_STYLE_ASSIGNMENT((#828));
#388=ADVANCED_FACE('',(#829),#830,.T.);
#389=PRESENTATION_STYLE_ASSIGNMENT((#831));
#390=ADVANCED_FACE('',(#832),#833,.T.);
#391=PRESENTATION_STYLE_ASSIGNMENT((#834));
#392=ADVANCED_FACE('',(#835),#836,.T.);
#393=PRESENTATION_STYLE_ASSIGNMENT((#837));
#394=ADVANCED_FACE('',(#838),#839,.T.);
#395=PRESENTATION_STYLE_ASSIGNMENT((#840));
#396=ADVANCED_FACE('',(#841),#842,.T.);
#397=PRESENTATION_STYLE_ASSIGNMENT((#843));
#398=ADVANCED_FACE('',(#844),#845,.T.);
#399=PRESENTATION_STYLE_ASSIGNMENT((#846));
#400=ADVANCED_FACE('',(#847),#848,.T.);
#401=PRESENTATION_STYLE_ASSIGNMENT((#849));
#402=ADVANCED_FACE('',(#850),#851,.T.);
#403=PRESENTATION_STYLE_ASSIGNMENT((#852));
#404=ADVANCED_FACE('',(#853),#854,.T.);
#405=PRESENTATION_STYLE_ASSIGNMENT((#855));
#406=ADVANCED_FACE('',(#856),#857,.F.);
#407=PRESENTATION_STYLE_ASSIGNMENT((#858));
#408=ADVANCED_FACE('',(#859),#860,.T.);
#409=PRESENTATION_STYLE_ASSIGNMENT((#861));
#410=ADVANCED_FACE('',(#862),#863,.T.);
#411=PRESENTATION_STYLE_ASSIGNMENT((#864));
#412=ADVANCED_FACE('',(#865),#866,.T.);
#413=PRESENTATION_STYLE_ASSIGNMENT((#867));
#414=ADVANCED_FACE('',(#868),#869,.T.);
#415=PRESENTATION_STYLE_ASSIGNMENT((#870));
#416=ADVANCED_FACE('',(#871),#872,.T.);
#417=PRESENTATION_STYLE_ASSIGNMENT((#873));
#418=ADVANCED_FACE('',(#874),#875,.T.);
#419=PRESENTATION_STYLE_ASSIGNMENT((#876));
#420=ADVANCED_FACE('',(#877),#878,.T.);
#421=PRESENTATION_STYLE_ASSIGNMENT((#879));
#422=ADVANCED_FACE('',(#880),#881,.T.);
#423=PRESENTATION_STYLE_ASSIGNMENT((#882));
#424=ADVANCED_FACE('',(#883),#884,.T.);
#425=PRESENTATION_STYLE_ASSIGNMENT((#885));
#426=ADVANCED_FACE('',(#886),#887,.T.);
#427=PRESENTATION_STYLE_ASSIGNMENT((#888));
#428=ADVANCED_FACE('',(#889),#890,.T.);
#429=PRESENTATION_STYLE_ASSIGNMENT((#891));
#430=ADVANCED_FACE('',(#892),#893,.T.);
#431=PRESENTATION_STYLE_ASSIGNMENT((#894));
#432=ADVANCED_FACE('',(#895),#896,.T.);
#433=PRESENTATION_STYLE_ASSIGNMENT((#897));
#434=ADVANCED_FACE('',(#898),#899,.T.);
#435=PRESENTATION_STYLE_ASSIGNMENT((#900));
#436=ADVANCED_FACE('',(#901),#902,.T.);
#437=PRESENTATION_STYLE_ASSIGNMENT((#903));
#438=ADVANCED_FACE('',(#904),#905,.T.);
#439=PRESENTATION_STYLE_ASSIGNMENT((#906));
#440=ADVANCED_FACE('',(#907),#908,.T.);
#441=PRESENTATION_STYLE_ASSIGNMENT((#909));
#442=ADVANCED_FACE('',(#910),#911,.T.);
#443=PRESENTATION_STYLE_ASSIGNMENT((#912));
#444=ADVANCED_FACE('',(#913),#914,.T.);
#445=PRESENTATION_STYLE_ASSIGNMENT((#915));
#446=ADVANCED_FACE('',(#916),#917,.T.);
#447=PRESENTATION_STYLE_ASSIGNMENT((#918));
#448=ADVANCED_FACE('',(#919),#920,.F.);
#449=PRESENTATION_STYLE_ASSIGNMENT((#921));
#450=ADVANCED_FACE('',(#922),#923,.T.);
#451=PRESENTATION_STYLE_ASSIGNMENT((#924));
#452=ADVANCED_FACE('',(#925),#926,.T.);
#453=PRESENTATION_STYLE_ASSIGNMENT((#927));
#454=ADVANCED_FACE('',(#928),#929,.T.);
#455=PRESENTATION_STYLE_ASSIGNMENT((#930));
#456=ADVANCED_FACE('',(#931,#932),#933,.F.);
#457=PRESENTATION_STYLE_ASSIGNMENT((#934));
#458=ADVANCED_FACE('',(#935),#936,.T.);
#459=PRESENTATION_STYLE_ASSIGNMENT((#937));
#460=ADVANCED_FACE('',(#938),#939,.T.);
#461=PRESENTATION_STYLE_ASSIGNMENT((#940));
#462=ADVANCED_FACE('',(#941,#942,#943,#944,#945,#946,#947,#948,#949,#950,#951,#952,#953),#954,.T.);
#463=PRESENTATION_STYLE_ASSIGNMENT((#955));
#464=ADVANCED_FACE('',(#956),#957,.T.);
#465=PRESENTATION_STYLE_ASSIGNMENT((#958));
#466=ADVANCED_FACE('',(#959),#960,.F.);
#467=PRESENTATION_STYLE_ASSIGNMENT((#961));
#468=ADVANCED_FACE('',(#962),#963,.F.);
#469=PRESENTATION_STYLE_ASSIGNMENT((#964));
#470=ADVANCED_FACE('',(#965),#966,.F.);
#471=PRESENTATION_STYLE_ASSIGNMENT((#967));
#472=ADVANCED_FACE('',(#968),#969,.F.);
#473=PRESENTATION_STYLE_ASSIGNMENT((#970));
#474=ADVANCED_FACE('',(#971),#972,.F.);
#475=PRESENTATION_STYLE_ASSIGNMENT((#973));
#476=ADVANCED_FACE('',(#974),#975,.F.);
#477=PRESENTATION_STYLE_ASSIGNMENT((#976));
#478=ADVANCED_FACE('',(#977),#978,.T.);
#479=PRESENTATION_STYLE_ASSIGNMENT((#979));
#480=ADVANCED_FACE('',(#980),#981,.T.);
#481=PRESENTATION_STYLE_ASSIGNMENT((#982));
#482=ADVANCED_FACE('',(#983),#984,.F.);
#483=PRESENTATION_STYLE_ASSIGNMENT((#985));
#484=ADVANCED_FACE('',(#986),#987,.T.);
#485=PRESENTATION_STYLE_ASSIGNMENT((#988));
#486=ADVANCED_FACE('',(#989,#990),#991,.T.);
#487=PRESENTATION_STYLE_ASSIGNMENT((#992));
#488=ADVANCED_FACE('',(#993),#994,.T.);
#489=PRESENTATION_STYLE_ASSIGNMENT((#995));
#490=ADVANCED_FACE('',(#996),#997,.T.);
#491=PRESENTATION_STYLE_ASSIGNMENT((#998));
#492=ADVANCED_FACE('',(#999),#1000,.T.);
#493=PRESENTATION_STYLE_ASSIGNMENT((#1001));
#494=ADVANCED_FACE('',(#1002),#1003,.T.);
#495=PRESENTATION_STYLE_ASSIGNMENT((#1004));
#496=MANIFOLD_SOLID_BREP('1',#1005);
#497=PRODUCT('1','','PART--DESC',(#1006));
#498=PRODUCT_DEFINITION('','NONE',#1007,#2);
#499=AXIS2_PLACEMENT_3D('',#1008,#1009,#1010);
#502=LENGTH_MEASURE_WITH_UNIT(LENGTH_MEASURE(1.0),#1011);
#505=DIMENSIONAL_EXPONENTS(1.0,0.0,0.0,0.0,0.0,0.0,0.0);
#507=DIMENSIONAL_EXPONENTS(0.0,0.0,0.0,0.0,0.0,0.0,0.0);
#513=SURFACE_STYLE_USAGE(.BOTH.,#1012);
#514=FACE_OUTER_BOUND('',#1013,.T.);
#515=B_SPLINE_SURFACE_WITH_KNOTS('',3,1,((#1014,#1015),(#1016,#1017),(#1018,#1019),(#1020,#1021),(#1022,#1023),(#1024,#1025),(#1026,#1027),(#1028,#1029),(#1030,#1031),(#1032,#1033)),.UNSPECIFIED.,.T.,.F.,.F.,(4,2,2,2,4),(2,2),(0.0,0.254129708675163,0.500317863954228,0.746193200738656,1.0),(0.0590000000000001,0.101),.UNSPECIFIED.);
#516=SURFACE_STYLE_USAGE(.BOTH.,#1034);
#517=FACE_OUTER_BOUND('',#1035,.T.);
#518=B_SPLINE_SURFACE_WITH_KNOTS('',3,1,((#1036,#1037),(#1038,#1039),(#1040,#1041),(#1042,#1043),(#1044,#1045),(#1046,#1047),(#1048,#1049),(#1050,#1051),(#1052,#1053),(#1054,#1055),(#1056,#1057),(#1058,#1059),(#1060,#1061),(#1062,#1063),(#1064,#1065),(#1066,#1067),(#1068,#1069),(#1070,#1071),(#1072,#1073),(#1074,#1075),(#1076,#1077),(#1078,#1079)),.UNSPECIFIED.,.T.,.F.,.F.,(4,2,2,2,2,2,2,2,2,2,4),(2,2),(0.0,0.123086012881457,0.251642515224314,0.380596541216011,0.461192807460822,0.541789073705631,0.621786502742805,0.706147427909278,0.790899748206272,0.875062599553248,1.0),(0.0589999999999996,0.101),.UNSPECIFIED.);
#519=SURFACE_STYLE_USAGE(.BOTH.,#1080);
#520=FACE_OUTER_BOUND('',#1081,.T.);
#521=CONICAL_SURFACE('',#1082,2.0,0.785398163397448);
#522=SURFACE_STYLE_USAGE(.BOTH.,#1083);
#523=FACE_OUTER_BOUND('',#1084,.T.);
#524=CYLINDRICAL_SURFACE('',#1085,0.4);
#525=SURFACE_STYLE_USAGE(.BOTH.,#1086);
#526=FACE_OUTER_BOUND('',#1087,.T.);
#527=CYLINDRICAL_SURFACE('',#1088,1.75);
#528=SURFACE_STYLE_USAGE(.BOTH.,#1089);
#529=FACE_OUTER_BOUND('',#1090,.T.);
#530=PLANE('',#1091);
#531=SURFACE_STYLE_USAGE(.BOTH.,#1092);
#532=FACE_OUTER_BOUND('',#1093,.T.);
#533=PLANE('',#1094);
#534=SURFACE_STYLE_USAGE(.BOTH.,#1095);
#535=FACE_OUTER_BOUND('',#1096,.T.);
#536=PLANE('',#1097);
#537=SURFACE_STYLE_USAGE(.BOTH.,#1098);
#538=FACE_OUTER_BOUND('',#1099,.T.);
#539=CYLINDRICAL_SURFACE('',#1100,2.0);
#540=SURFACE_STYLE_USAGE(.BOTH.,#1101);
#541=FACE_OUTER_BOUND('',#1102,.T.);
#542=PLANE('',#1103);
#543=SURFACE_STYLE_USAGE(.BOTH.,#1104);
#544=FACE_OUTER_BOUND('',#1105,.T.);
#545=CYLINDRICAL_SURFACE('',#1106,2.0);
#546=SURFACE_STYLE_USAGE(.BOTH.,#1107);
#547=FACE_OUTER_BOUND('',#1108,.T.);
#548=PLANE('',#1109);
#549=SURFACE_STYLE_USAGE(.BOTH.,#1110);
#550=FACE_OUTER_BOUND('',#1111,.T.);
#551=PLANE('',#1112);
#552=SURFACE_STYLE_USAGE(.BOTH.,#1113);
#553=FACE_OUTER_BOUND('',#1114,.T.);
#554=CYLINDRICAL_SURFACE('',#1115,1.75);
#555=SURFACE_STYLE_USAGE(.BOTH.,#1116);
#556=FACE_OUTER_BOUND('',#1117,.T.);
#557=FACE_BOUND('',#1118,.T.);
#558=PLANE('',#1119);
#559=SURFACE_STYLE_USAGE(.BOTH.,#1120);
#560=FACE_OUTER_BOUND('',#1121,.T.);
#561=PLANE('',#1122);
#562=SURFACE_STYLE_USAGE(.BOTH.,#1123);
#563=FACE_OUTER_BOUND('',#1124,.T.);
#564=PLANE('',#1125);
#565=SURFACE_STYLE_USAGE(.BOTH.,#1126);
#566=FACE_OUTER_BOUND('',#1127,.T.);
#567=PLANE('',#1128);
#568=SURFACE_STYLE_USAGE(.BOTH.,#1129);
#569=FACE_OUTER_BOUND('',#1130,.T.);
#570=CYLINDRICAL_SURFACE('',#1131,2.0);
#571=SURFACE_STYLE_USAGE(.BOTH.,#1132);
#572=FACE_OUTER_BOUND('',#1133,.T.);
#573=CYLINDRICAL_SURFACE('',#1134,2.0);
#574=SURFACE_STYLE_USAGE(.BOTH.,#1135);
#575=FACE_OUTER_BOUND('',#1136,.T.);
#576=CYLINDRICAL_SURFACE('',#1137,2.0);
#577=SURFACE_STYLE_USAGE(.BOTH.,#1138);
#578=FACE_OUTER_BOUND('',#1139,.T.);
#579=CYLINDRICAL_SURFACE('',#1140,2.0);
#580=SURFACE_STYLE_USAGE(.BOTH.,#1141);
#581=FACE_OUTER_BOUND('',#1142,.T.);
#582=CYLINDRICAL_SURFACE('',#1143,2.0);
#583=SURFACE_STYLE_USAGE(.BOTH.,#1144);
#584=FACE_OUTER_BOUND('',#1145,.T.);
#585=PLANE('',#1146);
#586=SURFACE_STYLE_USAGE(.BOTH.,#1147);
#587=FACE_OUTER_BOUND('',#1148,.T.);
#588=PLANE('',#1149);
#589=SURFACE_STYLE_USAGE(.BOTH.,#1150);
#590=FACE_OUTER_BOUND('',#1151,.T.);
#591=FACE_BOUND('',#1152,.T.);
#592=PLANE('',#1153);
#593=SURFACE_STYLE_USAGE(.BOTH.,#1154);
#594=FACE_OUTER_BOUND('',#1155,.T.);
#595=PLANE('',#1156);
#596=SURFACE_STYLE_USAGE(.BOTH.,#1157);
#597=FACE_OUTER_BOUND('',#1158,.T.);
#598=PLANE('',#1159);
#599=SURFACE_STYLE_USAGE(.BOTH.,#1160);
#600=FACE_OUTER_BOUND('',#1161,.T.);
#601=PLANE('',#1162);
#602=SURFACE_STYLE_USAGE(.BOTH.,#1163);
#603=FACE_OUTER_BOUND('',#1164,.T.);
#604=PLANE('',#1165);
#605=SURFACE_STYLE_USAGE(.BOTH.,#1166);
#606=FACE_OUTER_BOUND('',#1167,.T.);
#607=PLANE('',#1168);
#608=SURFACE_STYLE_USAGE(.BOTH.,#1169);
#609=FACE_OUTER_BOUND('',#1170,.T.);
#610=PLANE('',#1171);
#611=SURFACE_STYLE_USAGE(.BOTH.,#1172);
#612=FACE_OUTER_BOUND('',#1173,.T.);
#613=PLANE('',#1174);
#614=SURFACE_STYLE_USAGE(.BOTH.,#1175);
#615=FACE_OUTER_BOUND('',#1176,.T.);
#616=CYLINDRICAL_SURFACE('',#1177,2.5);
#617=SURFACE_STYLE_USAGE(.BOTH.,#1178);
#618=FACE_OUTER_BOUND('',#1179,.T.);
#619=PLANE('',#1180);
#620=SURFACE_STYLE_USAGE(.BOTH.,#1181);
#621=FACE_OUTER_BOUND('',#1182,.T.);
#622=CYLINDRICAL_SURFACE('',#1183,2.5);
#623=SURFACE_STYLE_USAGE(.BOTH.,#1184);
#624=FACE_OUTER_BOUND('',#1185,.T.);
#625=FACE_BOUND('',#1186,.T.);
#626=PLANE('',#1187);
#627=SURFACE_STYLE_USAGE(.BOTH.,#1188);
#628=FACE_OUTER_BOUND('',#1189,.T.);
#629=FACE_BOUND('',#1190,.T.);
#630=PLANE('',#1191);
#631=SURFACE_STYLE_USAGE(.BOTH.,#1192);
#632=FACE_OUTER_BOUND('',#1193,.T.);
#633=PLANE('',#1194);
#634=SURFACE_STYLE_USAGE(.BOTH.,#1195);
#635=FACE_OUTER_BOUND('',#1196,.T.);
#636=CYLINDRICAL_SURFACE('',#1197,4.0);
#637=SURFACE_STYLE_USAGE(.BOTH.,#1198);
#638=FACE_OUTER_BOUND('',#1199,.T.);
#639=PLANE('',#1200);
#640=SURFACE_STYLE_USAGE(.BOTH.,#1201);
#641=FACE_OUTER_BOUND('',#1202,.T.);
#642=CYLINDRICAL_SURFACE('',#1203,4.0);
#643=SURFACE_STYLE_USAGE(.BOTH.,#1204);
#644=FACE_OUTER_BOUND('',#1205,.T.);
#645=PLANE('',#1206);
#646=SURFACE_STYLE_USAGE(.BOTH.,#1207);
#647=FACE_OUTER_BOUND('',#1208,.T.);
#648=CYLINDRICAL_SURFACE('',#1209,4.0);
#649=SURFACE_STYLE_USAGE(.BOTH.,#1210);
#650=FACE_OUTER_BOUND('',#1211,.T.);
#651=PLANE('',#1212);
#652=SURFACE_STYLE_USAGE(.BOTH.,#1213);
#653=FACE_OUTER_BOUND('',#1214,.T.);
#654=CYLINDRICAL_SURFACE('',#1215,4.0);
#655=SURFACE_STYLE_USAGE(.BOTH.,#1216);
#656=FACE_OUTER_BOUND('',#1217,.T.);
#657=PLANE('',#1218);
#658=SURFACE_STYLE_USAGE(.BOTH.,#1219);
#659=FACE_OUTER_BOUND('',#1220,.T.);
#660=PLANE('',#1221);
#661=SURFACE_STYLE_USAGE(.BOTH.,#1222);
#662=FACE_OUTER_BOUND('',#1223,.T.);
#663=PLANE('',#1224);
#664=SURFACE_STYLE_USAGE(.BOTH.,#1225);
#665=FACE_OUTER_BOUND('',#1226,.T.);
#666=PLANE('',#1227);
#667=SURFACE_STYLE_USAGE(.BOTH.,#1228);
#668=FACE_OUTER_BOUND('',#1229,.T.);
#669=PLANE('',#1230);
#670=SURFACE_STYLE_USAGE(.BOTH.,#1231);
#671=FACE_OUTER_BOUND('',#1232,.T.);
#672=PLANE('',#1233);
#673=SURFACE_STYLE_USAGE(.BOTH.,#1234);
#674=FACE_OUTER_BOUND('',#1235,.T.);
#675=PLANE('',#1236);
#676=SURFACE_STYLE_USAGE(.BOTH.,#1237);
#677=FACE_OUTER_BOUND('',#1238,.T.);
#678=PLANE('',#1239);
#679=SURFACE_STYLE_USAGE(.BOTH.,#1240);
#680=FACE_OUTER_BOUND('',#1241,.T.);
#681=PLANE('',#1242);
#682=SURFACE_STYLE_USAGE(.BOTH.,#1243);
#683=FACE_OUTER_BOUND('',#1244,.T.);
#684=PLANE('',#1245);
#685=SURFACE_STYLE_USAGE(.BOTH.,#1246);
#686=FACE_OUTER_BOUND('',#1247,.T.);
#687=PLANE('',#1248);
#688=SURFACE_STYLE_USAGE(.BOTH.,#1249);
#689=FACE_OUTER_BOUND('',#1250,.T.);
#690=PLANE('',#1251);
#691=SURFACE_STYLE_USAGE(.BOTH.,#1252);
#692=FACE_OUTER_BOUND('',#1253,.T.);
#693=PLANE('',#1254);
#694=SURFACE_STYLE_USAGE(.BOTH.,#1255);
#695=FACE_OUTER_BOUND('',#1256,.T.);
#696=PLANE('',#1257);
#697=SURFACE_STYLE_USAGE(.BOTH.,#1258);
#698=FACE_OUTER_BOUND('',#1259,.T.);
#699=PLANE('',#1260);
#700=SURFACE_STYLE_USAGE(.BOTH.,#1261);
#701=FACE_OUTER_BOUND('',#1262,.T.);
#702=PLANE('',#1263);
#703=SURFACE_STYLE_USAGE(.BOTH.,#1264);
#704=FACE_OUTER_BOUND('',#1265,.T.);
#705=PLANE('',#1266);
#706=SURFACE_STYLE_USAGE(.BOTH.,#1267);
#707=FACE_OUTER_BOUND('',#1268,.T.);
#708=PLANE('',#1269);
#709=SURFACE_STYLE_USAGE(.BOTH.,#1270);
#710=FACE_OUTER_BOUND('',#1271,.T.);
#711=PLANE('',#1272);
#712=SURFACE_STYLE_USAGE(.BOTH.,#1273);
#713=FACE_OUTER_BOUND('',#1274,.T.);
#714=PLANE('',#1275);
#715=SURFACE_STYLE_USAGE(.BOTH.,#1276);
#716=FACE_OUTER_BOUND('',#1277,.T.);
#717=PLANE('',#1278);
#718=SURFACE_STYLE_USAGE(.BOTH.,#1279);
#719=FACE_OUTER_BOUND('',#1280,.T.);
#720=PLANE('',#1281);
#721=SURFACE_STYLE_USAGE(.BOTH.,#1282);
#722=FACE_OUTER_BOUND('',#1283,.T.);
#723=PLANE('',#1284);
#724=SURFACE_STYLE_USAGE(.BOTH.,#1285);
#725=FACE_OUTER_BOUND('',#1286,.T.);
#726=PLANE('',#1287);
#727=SURFACE_STYLE_USAGE(.BOTH.,#1288);
#728=FACE_OUTER_BOUND('',#1289,.T.);
#729=PLANE('',#1290);
#730=SURFACE_STYLE_USAGE(.BOTH.,#1291);
#731=FACE_OUTER_BOUND('',#1292,.T.);
#732=PLANE('',#1293);
#733=SURFACE_STYLE_USAGE(.BOTH.,#1294);
#734=FACE_OUTER_BOUND('',#1295,.T.);
#735=PLANE('',#1296);
#736=SURFACE_STYLE_USAGE(.BOTH.,#1297);
#737=FACE_OUTER_BOUND('',#1298,.T.);
#738=PLANE('',#1299);
#739=SURFACE_STYLE_USAGE(.BOTH.,#1300);
#740=FACE_OUTER_BOUND('',#1301,.T.);
#741=PLANE('',#1302);
#742=SURFACE_STYLE_USAGE(.BOTH.,#1303);
#743=FACE_OUTER_BOUND('',#1304,.T.);
#744=PLANE('',#1305);
#745=SURFACE_STYLE_USAGE(.BOTH.,#1306);
#746=FACE_OUTER_BOUND('',#1307,.T.);
#747=PLANE('',#1308);
#748=SURFACE_STYLE_USAGE(.BOTH.,#1309);
#749=FACE_OUTER_BOUND('',#1310,.T.);
#750=PLANE('',#1311);
#751=SURFACE_STYLE_USAGE(.BOTH.,#1312);
#752=FACE_OUTER_BOUND('',#1313,.T.);
#753=PLANE('',#1314);
#754=SURFACE_STYLE_USAGE(.BOTH.,#1315);
#755=FACE_OUTER_BOUND('',#1316,.T.);
#756=PLANE('',#1317);
#757=SURFACE_STYLE_USAGE(.BOTH.,#1318);
#758=FACE_OUTER_BOUND('',#1319,.T.);
#759=PLANE('',#1320);
#760=SURFACE_STYLE_USAGE(.BOTH.,#1321);
#761=FACE_OUTER_BOUND('',#1322,.T.);
#762=PLANE('',#1323);
#763=SURFACE_STYLE_USAGE(.BOTH.,#1324);
#764=FACE_OUTER_BOUND('',#1325,.T.);
#765=B_SPLINE_SURFACE_WITH_KNOTS('',3,1,((#1326,#1327),(#1328,#1329),(#1330,#1331),(#1332,#1333),(#1334,#1335),(#1336,#1337)),.UNSPECIFIED.,.F.,.F.,.F.,(4,2,4),(2,2),(0.0,0.507586512598518,1.0),(0.0506699004101357,0.109330099589864),.UNSPECIFIED.);
#766=SURFACE_STYLE_USAGE(.BOTH.,#1338);
#767=FACE_OUTER_BOUND('',#1339,.T.);
#768=B_SPLINE_SURFACE_WITH_KNOTS('',3,1,((#1340,#1341),(#1342,#1343),(#1344,#1345),(#1346,#1347),(#1348,#1349),(#1350,#1351),(#1352,#1353),(#1354,#1355),(#1356,#1357),(#1358,#1359)),.UNSPECIFIED.,.F.,.F.,.F.,(4,2,2,2,4),(2,2),(0.0,0.0504815207431458,0.252407603715738,0.456849582949199,1.0),(0.0590000000000001,0.101),.UNSPECIFIED.);
#769=SURFACE_STYLE_USAGE(.BOTH.,#1360);
#770=FACE_OUTER_BOUND('',#1361,.T.);
#771=B_SPLINE_SURFACE_WITH_KNOTS('',3,1,((#1362,#1363),(#1364,#1365),(#1366,#1367),(#1368,#1369),(#1370,#1371),(#1372,#1373),(#1374,#1375),(#1376,#1377),(#1378,#1379),(#1380,#1381),(#1382,#1383),(#1384,#1385),(#1386,#1387),(#1388,#1389)),.UNSPECIFIED.,.F.,.F.,.F.,(4,2,2,2,2,2,4),(2,2),(0.0,0.189124201351085,0.342406316155793,0.496924375938434,0.652987616318901,0.810233580699201,1.0),(0.0589131344310821,0.101086865568917),.UNSPECIFIED.);
#772=SURFACE_STYLE_USAGE(.BOTH.,#1390);
#773=FACE_OUTER_BOUND('',#1391,.T.);
#774=PLANE('',#1392);
#775=SURFACE_STYLE_USAGE(.BOTH.,#1393);
#776=FACE_OUTER_BOUND('',#1394,.T.);
#777=B_SPLINE_SURFACE_WITH_KNOTS('',3,1,((#1395,#1396),(#1397,#1398),(#1399,#1400),(#1401,#1402),(#1403,#1404),(#1405,#1406),(#1407,#1408),(#1409,#1410),(#1411,#1412),(#1413,#1414),(#1415,#1416),(#1417,#1418),(#1419,#1420),(#1421,#1422)),.UNSPECIFIED.,.F.,.F.,.F.,(4,2,2,2,2,2,4),(2,2),(0.0,0.0784832274412512,0.27348756556215,0.465235755262943,0.699801501887208,0.934367248511455,1.0),(0.0585366284947871,0.101463371505213),.UNSPECIFIED.);
#778=SURFACE_STYLE_USAGE(.BOTH.,#1423);
#779=FACE_OUTER_BOUND('',#1424,.T.);
#780=B_SPLINE_SURFACE_WITH_KNOTS('',3,1,((#1425,#1426),(#1427,#1428),(#1429,#1430),(#1431,#1432),(#1433,#1434),(#1435,#1436),(#1437,#1438),(#1439,#1440),(#1441,#1442),(#1443,#1444),(#1445,#1446),(#1447,#1448),(#1449,#1450),(#1451,#1452)),.UNSPECIFIED.,.F.,.F.,.F.,(4,2,2,2,2,2,4),(2,2),(0.0,0.402031819762041,0.582595529509819,0.637897329912272,0.69370136792541,0.97662629537935,1.0),(0.0590000000000002,0.101000000000001),.UNSPECIFIED.);
#781=SURFACE_STYLE_USAGE(.BOTH.,#1453);
#782=FACE_OUTER_BOUND('',#1454,.T.);
#783=FACE_BOUND('',#1455,.T.);
#784=PLANE('',#1456);
#785=SURFACE_STYLE_USAGE(.BOTH.,#1457);
#786=FACE_OUTER_BOUND('',#1458,.T.);
#787=B_SPLINE_SURFACE_WITH_KNOTS('',3,1,((#1459,#1460),(#1461,#1462),(#1463,#1464),(#1465,#1466),(#1467,#1468),(#1469,#1470),(#1471,#1472),(#1473,#1474),(#1475,#1476),(#1477,#1478),(#1479,#1480),(#1481,#1482),(#1483,#1484),(#1485,#1486),(#1487,#1488),(#1489,#1490),(#1491,#1492),(#1493,#1494),(#1495,#1496),(#1497,#1498),(#1499,#1500),(#1501,#1502),(#1503,#1504),(#1505,#1506),(#1507,#1508),(#1509,#1510),(#1511,#1512),(#1513,#1514),(#1515,#1516),(#1517,#1518),(#1519,#1520),(#1521,#1522),(#1523,#1524),(#1525,#1526),(#1527,#1528),(#1529,#1530),(#1531,#1532),(#1533,#1534)),.UNSPECIFIED.,.F.,.F.,.F.,(4,2,2,2,2,2,2,2,2,2,2,2,2,2,2,2,2,2,4),(2,2),(0.0,0.0299466933253092,0.0638862790939924,0.0981304445067906,0.154891321423895,0.211948243520263,0.269138029820449,0.328334475289064,0.387652521633289,0.446970567977515,0.50628861432174,0.579200379619851,0.651893695654806,0.724738851659335,0.788082465576315,0.851190079845886,0.914065416920513,0.957151305274441,1.0),(0.0590000000000001,0.101),.UNSPECIFIED.);
#788=SURFACE_STYLE_USAGE(.BOTH.,#1535);
#789=FACE_OUTER_BOUND('',#1536,.T.);
#790=B_SPLINE_SURFACE_WITH_KNOTS('',3,1,((#1537,#1538),(#1539,#1540),(#1541,#1542),(#1543,#1544),(#1545,#1546),(#1547,#1548),(#1549,#1550),(#1551,#1552)),.UNSPECIFIED.,.F.,.F.,.F.,(4,2,2,4),(2,2),(0.0,0.330090800555372,0.658249219993467,1.0),(0.0584847656430758,0.101515234356927),.UNSPECIFIED.);
#791=SURFACE_STYLE_USAGE(.BOTH.,#1553);
#792=FACE_OUTER_BOUND('',#1554,.T.);
#793=B_SPLINE_SURFACE_WITH_KNOTS('',3,1,((#1555,#1556),(#1557,#1558),(#1559,#1560),(#1561,#1562)),.UNSPECIFIED.,.F.,.F.,.F.,(4,4),(2,2),(0.0,1.0),(0.055578268369783,0.104421731630215),.UNSPECIFIED.);
#794=SURFACE_STYLE_USAGE(.BOTH.,#1563);
#795=FACE_OUTER_BOUND('',#1564,.T.);
#796=B_SPLINE_SURFACE_WITH_KNOTS('',3,1,((#1565,#1566),(#1567,#1568),(#1569,#1570),(#1571,#1572),(#1573,#1574),(#1575,#1576),(#1577,#1578),(#1579,#1580),(#1581,#1582),(#1583,#1584),(#1585,#1586),(#1587,#1588),(#1589,#1590),(#1591,#1592),(#1593,#1594),(#1595,#1596),(#1597,#1598),(#1599,#1600),(#1601,#1602),(#1603,#1604),(#1605,#1606),(#1607,#1608)),.UNSPECIFIED.,.T.,.F.,.F.,(4,2,2,2,2,2,2,2,2,2,4),(2,2),(0.0,0.123086012881457,0.251642515224314,0.380596541216011,0.461192807460822,0.541789073705631,0.621786502742805,0.706147427909278,0.790899748206272,0.875062599553248,1.0),(0.0589999999999996,0.101),.UNSPECIFIED.);
#797=SURFACE_STYLE_USAGE(.BOTH.,#1609);
#798=FACE_OUTER_BOUND('',#1610,.T.);
#799=B_SPLINE_SURFACE_WITH_KNOTS('',3,1,((#1611,#1612),(#1613,#1614),(#1615,#1616),(#1617,#1618)),.UNSPECIFIED.,.F.,.F.,.F.,(4,4),(2,2),(0.0,1.0),(0.0569178418873295,0.103082158112669),.UNSPECIFIED.);
#800=SURFACE_STYLE_USAGE(.BOTH.,#1619);
#801=FACE_OUTER_BOUND('',#1620,.T.);
#802=B_SPLINE_SURFACE_WITH_KNOTS('',3,1,((#1621,#1622),(#1623,#1624),(#1625,#1626),(#1627,#1628),(#1629,#1630),(#1631,#1632),(#1633,#1634),(#1635,#1636)),.UNSPECIFIED.,.F.,.F.,.F.,(4,2,2,4),(2,2),(0.0,0.310887938245292,0.617885728790039,1.0),(0.0575544475397735,0.102445552460229),.UNSPECIFIED.);
#803=SURFACE_STYLE_USAGE(.BOTH.,#1637);
#804=FACE_OUTER_BOUND('',#1638,.T.);
#805=B_SPLINE_SURFACE_WITH_KNOTS('',3,1,((#1639,#1640),(#1641,#1642),(#1643,#1644),(#1645,#1646),(#1647,#1648),(#1649,#1650)),.UNSPECIFIED.,.F.,.F.,.F.,(4,2,4),(2,2),(0.0,0.563967621515637,1.0),(0.0561749434777351,0.103825056522263),.UNSPECIFIED.);
#806=SURFACE_STYLE_USAGE(.BOTH.,#1651);
#807=FACE_OUTER_BOUND('',#1652,.T.);
#808=FACE_BOUND('',#1653,.T.);
#809=PLANE('',#1654);
#810=SURFACE_STYLE_USAGE(.BOTH.,#1655);
#811=FACE_OUTER_BOUND('',#1656,.T.);
#812=B_SPLINE_SURFACE_WITH_KNOTS('',3,1,((#1657,#1658),(#1659,#1660),(#1661,#1662),(#1663,#1664),(#1665,#1666),(#1667,#1668)),.UNSPECIFIED.,.F.,.F.,.F.,(4,2,4),(2,2),(0.0,0.323275862068969,1.0),(0.05725156124617,0.102748438753828),.UNSPECIFIED.);
#813=SURFACE_STYLE_USAGE(.BOTH.,#1669);
#814=FACE_OUTER_BOUND('',#1670,.T.);
#815=B_SPLINE_SURFACE_WITH_KNOTS('',3,1,((#1671,#1672),(#1673,#1674),(#1675,#1676),(#1677,#1678),(#1679,#1680),(#1681,#1682),(#1683,#1684),(#1685,#1686),(#1687,#1688),(#1689,#1690),(#1691,#1692),(#1693,#1694),(#1695,#1696),(#1697,#1698),(#1699,#1700),(#1701,#1702),(#1703,#1704),(#1705,#1706),(#1707,#1708),(#1709,#1710),(#1711,#1712),(#1713,#1714),(#1715,#1716),(#1717,#1718),(#1719,#1720),(#1721,#1722)),.UNSPECIFIED.,.F.,.F.,.F.,(4,2,2,2,2,2,2,2,2,2,2,2,4),(2,2),(0.0,0.266730881327197,0.313548909940871,0.360366938554546,0.466141003200262,0.76766128271788,0.805585877324748,0.843192353751521,0.876798141196724,0.910403928641925,0.944009716087127,0.977615503532329,1.0),(0.0590000000000002,0.101000000000001),.UNSPECIFIED.);
#816=SURFACE_STYLE_USAGE(.BOTH.,#1723);
#817=FACE_OUTER_BOUND('',#1724,.T.);
#818=B_SPLINE_SURFACE_WITH_KNOTS('',3,1,((#1725,#1726),(#1727,#1728),(#1729,#1730),(#1731,#1732),(#1733,#1734),(#1735,#1736)),.UNSPECIFIED.,.F.,.F.,.F.,(4,2,4),(2,2),(0.0,0.535714285714293,1.0),(0.0547342489914085,0.105265751008591),.UNSPECIFIED.);
#819=SURFACE_STYLE_USAGE(.BOTH.,#1737);
#820=FACE_OUTER_BOUND('',#1738,.T.);
#821=PLANE('',#1739);
#822=SURFACE_STYLE_USAGE(.BOTH.,#1740);
#823=FACE_OUTER_BOUND('',#1741,.T.);
#824=B_SPLINE_SURFACE_WITH_KNOTS('',3,1,((#1742,#1743),(#1744,#1745),(#1746,#1747),(#1748,#1749),(#1750,#1751),(#1752,#1753)),.UNSPECIFIED.,.F.,.F.,.F.,(4,2,4),(2,2),(0.0,0.497473022939696,1.0),(0.0490761384584692,0.11092386154153),.UNSPECIFIED.);
#825=SURFACE_STYLE_USAGE(.BOTH.,#1754);
#826=FACE_OUTER_BOUND('',#1755,.T.);
#827=B_SPLINE_SURFACE_WITH_KNOTS('',3,1,((#1756,#1757),(#1758,#1759),(#1760,#1761),(#1762,#1763),(#1764,#1765),(#1766,#1767),(#1768,#1769),(#1770,#1771),(#1772,#1773),(#1774,#1775),(#1776,#1777),(#1778,#1779),(#1780,#1781),(#1782,#1783),(#1784,#1785),(#1786,#1787)),.UNSPECIFIED.,.F.,.F.,.F.,(4,2,2,2,2,2,2,4),(2,2),(0.0,0.267215498912583,0.393368738742553,0.520582728194624,0.647157849021743,0.764771899347829,0.882385949673911,1.0),(0.0589999999999996,0.101),.UNSPECIFIED.);
#828=SURFACE_STYLE_USAGE(.BOTH.,#1788);
#829=FACE_OUTER_BOUND('',#1789,.T.);
#830=B_SPLINE_SURFACE_WITH_KNOTS('',3,1,((#1790,#1791),(#1792,#1793),(#1794,#1795),(#1796,#1797),(#1798,#1799),(#1800,#1801),(#1802,#1803),(#1804,#1805),(#1806,#1807),(#1808,#1809),(#1810,#1811),(#1812,#1813),(#1814,#1815),(#1816,#1817),(#1818,#1819),(#1820,#1821),(#1822,#1823),(#1824,#1825),(#1826,#1827),(#1828,#1829),(#1830,#1831),(#1832,#1833),(#1834,#1835),(#1836,#1837)),.UNSPECIFIED.,.F.,.F.,.F.,(4,2,2,2,2,2,2,2,2,2,2,4),(2,2),(0.0,0.153119490962039,0.306238981924078,0.343408412245247,0.380577842566416,0.438074305094474,0.49635291462926,0.783071988606164,0.834777822629507,0.886046740698343,0.943208637855552,1.0),(0.0589125003965031,0.101087499603496),.UNSPECIFIED.);
#831=SURFACE_STYLE_USAGE(.BOTH.,#1838);
#832=FACE_OUTER_BOUND('',#1839,.T.);
#833=PLANE('',#1840);
#834=SURFACE_STYLE_USAGE(.BOTH.,#1841);
#835=FACE_OUTER_BOUND('',#1842,.T.);
#836=B_SPLINE_SURFACE_WITH_KNOTS('',3,1,((#1843,#1844),(#1845,#1846),(#1847,#1848),(#1849,#1850)),.UNSPECIFIED.,.F.,.F.,.F.,(4,4),(2,2),(0.0,1.0),(0.0490773574268091,0.11092264257319),.UNSPECIFIED.);
#837=SURFACE_STYLE_USAGE(.BOTH.,#1851);
#838=FACE_OUTER_BOUND('',#1852,.T.);
#839=B_SPLINE_SURFACE_WITH_KNOTS('',3,1,((#1853,#1854),(#1855,#1856),(#1857,#1858),(#1859,#1860),(#1861,#1862),(#1863,#1864),(#1865,#1866),(#1867,#1868),(#1869,#1870),(#1871,#1872),(#1873,#1874),(#1875,#1876),(#1877,#1878),(#1879,#1880),(#1881,#1882),(#1883,#1884)),.UNSPECIFIED.,.F.,.F.,.F.,(4,2,2,2,2,2,2,4),(2,2),(0.0,0.168560947366845,0.337201466043406,0.506677299017936,0.675472177570085,0.783654349733053,0.891544118597401,1.0),(0.0590000000000001,0.101),.UNSPECIFIED.);
#840=SURFACE_STYLE_USAGE(.BOTH.,#1885);
#841=FACE_OUTER_BOUND('',#1886,.T.);
#842=B_SPLINE_SURFACE_WITH_KNOTS('',3,1,((#1887,#1888),(#1889,#1890),(#1891,#1892),(#1893,#1894),(#1895,#1896),(#1897,#1898),(#1899,#1900),(#1901,#1902),(#1903,#1904),(#1905,#1906),(#1907,#1908),(#1909,#1910),(#1911,#1912),(#1913,#1914),(#1915,#1916),(#1917,#1918),(#1919,#1920),(#1921,#1922)),.UNSPECIFIED.,.F.,.F.,.F.,(4,2,2,2,2,2,2,2,4),(2,2),(0.0,0.153190814685066,0.280474359239566,0.407757903794064,0.533879147530365,0.660806960771103,0.766926935775655,0.874876565521664,1.0),(0.0589311629845756,0.101068837015424),.UNSPECIFIED.);
#843=SURFACE_STYLE_USAGE(.BOTH.,#1923);
#844=FACE_OUTER_BOUND('',#1924,.T.);
#845=PLANE('',#1925);
#846=SURFACE_STYLE_USAGE(.BOTH.,#1926);
#847=FACE_OUTER_BOUND('',#1927,.T.);
#848=B_SPLINE_SURFACE_WITH_KNOTS('',3,1,((#1928,#1929),(#1930,#1931),(#1932,#1933),(#1934,#1935),(#1936,#1937),(#1938,#1939)),.UNSPECIFIED.,.F.,.F.,.F.,(4,2,4),(2,2),(0.0,0.323275862068955,1.0),(0.0572515612461721,0.102748438753827),.UNSPECIFIED.);
#849=SURFACE_STYLE_USAGE(.BOTH.,#1940);
#850=FACE_OUTER_BOUND('',#1941,.T.);
#851=B_SPLINE_SURFACE_WITH_KNOTS('',3,1,((#1942,#1943),(#1944,#1945),(#1946,#1947),(#1948,#1949),(#1950,#1951),(#1952,#1953),(#1954,#1955),(#1956,#1957),(#1958,#1959),(#1960,#1961),(#1962,#1963),(#1964,#1965),(#1966,#1967),(#1968,#1969),(#1970,#1971),(#1972,#1973),(#1974,#1975),(#1976,#1977),(#1978,#1979),(#1980,#1981),(#1982,#1983),(#1984,#1985),(#1986,#1987),(#1988,#1989),(#1990,#1991),(#1992,#1993)),.UNSPECIFIED.,.F.,.F.,.F.,(4,2,2,2,2,2,2,2,2,2,2,2,4),(2,2),(0.0,0.266730881327204,0.313548909940879,0.360366938554555,0.466141003200265,0.767661282717869,0.805585877324734,0.843192353751508,0.87679814119671,0.910403928641916,0.944009716087121,0.977615503532327,1.0),(0.0589999999999993,0.101),.UNSPECIFIED.);
#852=SURFACE_STYLE_USAGE(.BOTH.,#1994);
#853=FACE_OUTER_BOUND('',#1995,.T.);
#854=B_SPLINE_SURFACE_WITH_KNOTS('',3,1,((#1996,#1997),(#1998,#1999),(#2000,#2001),(#2002,#2003),(#2004,#2005),(#2006,#2007)),.UNSPECIFIED.,.F.,.F.,.F.,(4,2,4),(2,2),(0.0,0.53571428571429,1.0),(0.054734248991401,0.105265751008599),.UNSPECIFIED.);
#855=SURFACE_STYLE_USAGE(.BOTH.,#2008);
#856=FACE_OUTER_BOUND('',#2009,.T.);
#857=PLANE('',#2010);
#858=SURFACE_STYLE_USAGE(.BOTH.,#2011);
#859=FACE_OUTER_BOUND('',#2012,.T.);
#860=B_SPLINE_SURFACE_WITH_KNOTS('',3,1,((#2013,#2014),(#2015,#2016),(#2017,#2018),(#2019,#2020),(#2021,#2022),(#2023,#2024)),.UNSPECIFIED.,.F.,.F.,.F.,(4,2,4),(2,2),(0.0,0.497473022939694,1.0),(0.0490761384584494,0.11092386154155),.UNSPECIFIED.);
#861=SURFACE_STYLE_USAGE(.BOTH.,#2025);
#862=FACE_OUTER_BOUND('',#2026,.T.);
#863=B_SPLINE_SURFACE_WITH_KNOTS('',3,1,((#2027,#2028),(#2029,#2030),(#2031,#2032),(#2033,#2034),(#2035,#2036),(#2037,#2038),(#2039,#2040),(#2041,#2042),(#2043,#2044),(#2045,#2046),(#2047,#2048),(#2049,#2050),(#2051,#2052),(#2053,#2054),(#2055,#2056),(#2057,#2058)),.UNSPECIFIED.,.F.,.F.,.F.,(4,2,2,2,2,2,2,4),(2,2),(0.0,0.267215498912584,0.393368738742561,0.520582728194634,0.64715784902175,0.764771899347835,0.882385949673916,1.0),(0.0589999999999997,0.101),.UNSPECIFIED.);
#864=SURFACE_STYLE_USAGE(.BOTH.,#2059);
#865=FACE_OUTER_BOUND('',#2060,.T.);
#866=B_SPLINE_SURFACE_WITH_KNOTS('',3,1,((#2061,#2062),(#2063,#2064),(#2065,#2066),(#2067,#2068),(#2069,#2070),(#2071,#2072),(#2073,#2074),(#2075,#2076),(#2077,#2078),(#2079,#2080),(#2081,#2082),(#2083,#2084),(#2085,#2086),(#2087,#2088),(#2089,#2090),(#2091,#2092),(#2093,#2094),(#2095,#2096),(#2097,#2098),(#2099,#2100),(#2101,#2102),(#2103,#2104),(#2105,#2106),(#2107,#2108)),.UNSPECIFIED.,.F.,.F.,.F.,(4,2,2,2,2,2,2,2,2,2,2,4),(2,2),(0.0,0.153119490962035,0.30623898192407,0.343408412245238,0.380577842566406,0.438074305094462,0.496352914629249,0.783071988606163,0.834777822629509,0.886046740698344,0.943208637855551,1.0),(0.058912500396503,0.101087499603497),.UNSPECIFIED.);
#867=SURFACE_STYLE_USAGE(.BOTH.,#2109);
#868=FACE_OUTER_BOUND('',#2110,.T.);
#869=PLANE('',#2111);
#870=SURFACE_STYLE_USAGE(.BOTH.,#2112);
#871=FACE_OUTER_BOUND('',#2113,.T.);
#872=B_SPLINE_SURFACE_WITH_KNOTS('',3,1,((#2114,#2115),(#2116,#2117),(#2118,#2119),(#2120,#2121)),.UNSPECIFIED.,.F.,.F.,.F.,(4,4),(2,2),(0.0,1.0),(0.0490773574268036,0.110922642573196),.UNSPECIFIED.);
#873=SURFACE_STYLE_USAGE(.BOTH.,#2122);
#874=FACE_OUTER_BOUND('',#2123,.T.);
#875=B_SPLINE_SURFACE_WITH_KNOTS('',3,1,((#2124,#2125),(#2126,#2127),(#2128,#2129),(#2130,#2131),(#2132,#2133),(#2134,#2135),(#2136,#2137),(#2138,#2139),(#2140,#2141),(#2142,#2143),(#2144,#2145),(#2146,#2147),(#2148,#2149),(#2150,#2151),(#2152,#2153),(#2154,#2155)),.UNSPECIFIED.,.F.,.F.,.F.,(4,2,2,2,2,2,2,4),(2,2),(0.0,0.168560947366845,0.337201466043406,0.50667729901794,0.675472177570089,0.783654349733057,0.891544118597405,1.0),(0.0589999999999996,0.101),.UNSPECIFIED.);
#876=SURFACE_STYLE_USAGE(.BOTH.,#2156);
#877=FACE_OUTER_BOUND('',#2157,.T.);
#878=B_SPLINE_SURFACE_WITH_KNOTS('',3,1,((#2158,#2159),(#2160,#2161),(#2162,#2163),(#2164,#2165),(#2166,#2167),(#2168,#2169),(#2170,#2171),(#2172,#2173),(#2174,#2175),(#2176,#2177),(#2178,#2179),(#2180,#2181),(#2182,#2183),(#2184,#2185),(#2186,#2187),(#2188,#2189),(#2190,#2191),(#2192,#2193)),.UNSPECIFIED.,.F.,.F.,.F.,(4,2,2,2,2,2,2,2,4),(2,2),(0.0,0.153190814685059,0.28047435923956,0.407757903794062,0.53387914753037,0.660806960771112,0.766926935775668,0.874876565521676,1.0),(0.0589311629845766,0.101068837015423),.UNSPECIFIED.);
#879=SURFACE_STYLE_USAGE(.BOTH.,#2194);
#880=FACE_OUTER_BOUND('',#2195,.T.);
#881=PLANE('',#2196);
#882=SURFACE_STYLE_USAGE(.BOTH.,#2197);
#883=FACE_OUTER_BOUND('',#2198,.T.);
#884=PLANE('',#2199);
#885=SURFACE_STYLE_USAGE(.BOTH.,#2200);
#886=FACE_OUTER_BOUND('',#2201,.T.);
#887=PLANE('',#2202);
#888=SURFACE_STYLE_USAGE(.BOTH.,#2203);
#889=FACE_OUTER_BOUND('',#2204,.T.);
#890=PLANE('',#2205);
#891=SURFACE_STYLE_USAGE(.BOTH.,#2206);
#892=FACE_OUTER_BOUND('',#2207,.T.);
#893=PLANE('',#2208);
#894=SURFACE_STYLE_USAGE(.BOTH.,#2209);
#895=FACE_OUTER_BOUND('',#2210,.T.);
#896=PLANE('',#2211);
#897=SURFACE_STYLE_USAGE(.BOTH.,#2212);
#898=FACE_OUTER_BOUND('',#2213,.T.);
#899=PLANE('',#2214);
#900=SURFACE_STYLE_USAGE(.BOTH.,#2215);
#901=FACE_OUTER_BOUND('',#2216,.T.);
#902=PLANE('',#2217);
#903=SURFACE_STYLE_USAGE(.BOTH.,#2218);
#904=FACE_OUTER_BOUND('',#2219,.T.);
#905=PLANE('',#2220);
#906=SURFACE_STYLE_USAGE(.BOTH.,#2221);
#907=FACE_OUTER_BOUND('',#2222,.T.);
#908=PLANE('',#2223);
#909=SURFACE_STYLE_USAGE(.BOTH.,#2224);
#910=FACE_OUTER_BOUND('',#2225,.T.);
#911=PLANE('',#2226);
#912=SURFACE_STYLE_USAGE(.BOTH.,#2227);
#913=FACE_OUTER_BOUND('',#2228,.T.);
#914=PLANE('',#2229);
#915=SURFACE_STYLE_USAGE(.BOTH.,#2230);
#916=FACE_OUTER_BOUND('',#2231,.T.);
#917=PLANE('',#2232);
#918=SURFACE_STYLE_USAGE(.BOTH.,#2233);
#919=FACE_OUTER_BOUND('',#2234,.T.);
#920=PLANE('',#2235);
#921=SURFACE_STYLE_USAGE(.BOTH.,#2236);
#922=FACE_OUTER_BOUND('',#2237,.T.);
#923=B_SPLINE_SURFACE_WITH_KNOTS('',3,1,((#2238,#2239),(#2240,#2241),(#2242,#2243),(#2244,#2245),(#2246,#2247),(#2248,#2249),(#2250,#2251),(#2252,#2253),(#2254,#2255),(#2256,#2257)),.UNSPECIFIED.,.F.,.F.,.F.,(4,2,2,2,4),(2,2),(0.0,0.246295679151258,0.503649531652166,0.761341810204433,1.0),(0.0589999999999991,0.100999999999999),.UNSPECIFIED.);
#924=SURFACE_STYLE_USAGE(.BOTH.,#2258);
#925=FACE_OUTER_BOUND('',#2259,.T.);
#926=B_SPLINE_SURFACE_WITH_KNOTS('',3,1,((#2260,#2261),(#2262,#2263),(#2264,#2265),(#2266,#2267),(#2268,#2269),(#2270,#2271),(#2272,#2273),(#2274,#2275),(#2276,#2277),(#2278,#2279)),.UNSPECIFIED.,.T.,.F.,.F.,(4,2,2,2,4),(2,2),(0.0,0.254129708675163,0.500317863954228,0.746193200738656,1.0),(0.0590000000000001,0.101),.UNSPECIFIED.);
#927=SURFACE_STYLE_USAGE(.BOTH.,#2280);
#928=FACE_OUTER_BOUND('',#2281,.T.);
#929=B_SPLINE_SURFACE_WITH_KNOTS('',3,1,((#2282,#2283),(#2284,#2285),(#2286,#2287),(#2288,#2289),(#2290,#2291),(#2292,#2293),(#2294,#2295),(#2296,#2297),(#2298,#2299),(#2300,#2301)),.UNSPECIFIED.,.F.,.F.,.F.,(4,2,2,2,4),(2,2),(0.0,0.25303190650665,0.503573341492567,0.753670642884831,1.0),(0.0589999999999991,0.100999999999999),.UNSPECIFIED.);
#930=SURFACE_STYLE_USAGE(.BOTH.,#2302);
#931=FACE_OUTER_BOUND('',#2303,.T.);
#932=FACE_BOUND('',#2304,.T.);
#933=PLANE('',#2305);
#934=SURFACE_STYLE_USAGE(.BOTH.,#2306);
#935=FACE_OUTER_BOUND('',#2307,.T.);
#936=PLANE('',#2308);
#937=SURFACE_STYLE_USAGE(.BOTH.,#2309);
#938=FACE_OUTER_BOUND('',#2310,.T.);
#939=PLANE('',#2311);
#940=SURFACE_STYLE_USAGE(.BOTH.,#2312);
#941=FACE_OUTER_BOUND('',#2313,.T.);
#942=FACE_BOUND('',#2314,.T.);
#943=FACE_BOUND('',#2315,.T.);
#944=FACE_BOUND('',#2316,.T.);
#945=FACE_BOUND('',#2317,.T.);
#946=FACE_BOUND('',#2318,.T.);
#947=FACE_BOUND('',#2319,.T.);
#948=FACE_BOUND('',#2320,.T.);
#949=FACE_BOUND('',#2321,.T.);
#950=FACE_BOUND('',#2322,.T.);
#951=FACE_BOUND('',#2323,.T.);
#952=FACE_BOUND('',#2324,.T.);
#953=FACE_BOUND('',#2325,.T.);
#954=PLANE('',#2326);
#955=SURFACE_STYLE_USAGE(.BOTH.,#2327);
#956=FACE_OUTER_BOUND('',#2328,.T.);
#957=PLANE('',#2329);
#958=SURFACE_STYLE_USAGE(.BOTH.,#2330);
#959=FACE_OUTER_BOUND('',#2331,.T.);
#960=PLANE('',#2332);
#961=SURFACE_STYLE_USAGE(.BOTH.,#2333);
#962=FACE_OUTER_BOUND('',#2334,.T.);
#963=PLANE('',#2335);
#964=SURFACE_STYLE_USAGE(.BOTH.,#2336);
#965=FACE_OUTER_BOUND('',#2337,.T.);
#966=PLANE('',#2338);
#967=SURFACE_STYLE_USAGE(.BOTH.,#2339);
#968=FACE_OUTER_BOUND('',#2340,.T.);
#969=PLANE('',#2341);
#970=SURFACE_STYLE_USAGE(.BOTH.,#2342);
#971=FACE_OUTER_BOUND('',#2343,.T.);
#972=PLANE('',#2344);
#973=SURFACE_STYLE_USAGE(.BOTH.,#2345);
#974=FACE_OUTER_BOUND('',#2346,.T.);
#975=PLANE('',#2347);
#976=SURFACE_STYLE_USAGE(.BOTH.,#2348);
#977=FACE_OUTER_BOUND('',#2349,.T.);
#978=CYLINDRICAL_SURFACE('',#2350,0.4);
#979=SURFACE_STYLE_USAGE(.BOTH.,#2351);
#980=FACE_OUTER_BOUND('',#2352,.T.);
#981=PLANE('',#2353);
#982=SURFACE_STYLE_USAGE(.BOTH.,#2354);
#983=FACE_OUTER_BOUND('',#2355,.T.);
#984=PLANE('',#2356);
#985=SURFACE_STYLE_USAGE(.BOTH.,#2357);
#986=FACE_OUTER_BOUND('',#2358,.T.);
#987=CONICAL_SURFACE('',#2359,2.0,0.785398163397448);
#988=SURFACE_STYLE_USAGE(.BOTH.,#2360);
#989=FACE_OUTER_BOUND('',#2361,.T.);
#990=FACE_BOUND('',#2362,.T.);
#991=PLANE('',#2363);
#992=SURFACE_STYLE_USAGE(.BOTH.,#2364);
#993=FACE_OUTER_BOUND('',#2365,.T.);
#994=PLANE('',#2366);
#995=SURFACE_STYLE_USAGE(.BOTH.,#2367);
#996=FACE_OUTER_BOUND('',#2368,.T.);
#997=PLANE('',#2369);
#998=SURFACE_STYLE_USAGE(.BOTH.,#2370);
#999=FACE_OUTER_BOUND('',#2371,.T.);
#1000=CYLINDRICAL_SURFACE('',#2372,2.5);
#1001=SURFACE_STYLE_USAGE(.BOTH.,#2373);
#1002=FACE_OUTER_BOUND('',#2374,.T.);
#1003=CYLINDRICAL_SURFACE('',#2375,2.5);
#1004=SURFACE_STYLE_USAGE(.BOTH.,#2376);
#1005=CLOSED_SHELL('',(#182,#184,#186,#188,#190,#192,#194,#196,#198,#200,#202,#204,#206,#208,#210,#212,#214,#216,#218,#220,#222,#224,#226,#228,#230,#232,#234,#236,#238,#240,#242,#244,#246,#248,#250,#252,#254,#256,#258,#260,#262,#264,#266,#268,#270,#272,#274,#276,#278,#280,#282,#284,#286,#288,#290,#292,#294,#296,#298,#300,#302,#304,#306,#308,#310,#312,#314,#316,#318,#320,#322,#324,#326,#328,#330,#332,#334,#336,#338,#340,#342,#344,#346,#348,#350,#352,#354,#356,#358,#360,#362,#364,#366,#368,#370,#372,#374,#376,#378,#380,#382,#384,#386,#388,#390,#392,#394,#396,#398,#400,#402,#404,#406,#408,#410,#412,#414,#416,#418,#420,#422,#424,#426,#428,#430,#432,#434,#436,#438,#440,#442,#444,#446,#448,#450,#452,#454,#456,#458,#460,#462,#464,#466,#468,#470,#472,#474,#476,#478,#480,#482,#484,#486,#488,#490,#492,#494));
#1006=PRODUCT_CONTEXT('',#168,'mechanical');
#1007=PRODUCT_DEFINITION_FORMATION_WITH_SPECIFIED_SOURCE(' ','NONE',#497,.NOT_KNOWN.);
#1008=CARTESIAN_POINT('',(0.0,0.0,0.0));
#1009=DIRECTION('',(0.0,0.0,1.0));
#1010=DIRECTION('',(1.0,0.0,0.0));
#1011= (NAMED_UNIT(#505)LENGTH_UNIT()SI_UNIT(.MILLI.,.METRE.));
#1012=SURFACE_SIDE_STYLE('',(#2378));
#1013=EDGE_LOOP('',(#2379,#2380,#2381,#2382));
#1014=CARTESIAN_POINT('',(10.7652699470784,4.009,-9.746690407799));
#1015=CARTESIAN_POINT('',(10.7652699470784,4.051,-9.746690407799));
#1016=CARTESIAN_POINT('',(10.7652699470784,4.009,-10.1642902617185));
#1017=CARTESIAN_POINT('',(10.7652699470784,4.051,-10.1642902617185));
#1018=CARTESIAN_POINT('',(10.8842805924703,4.009,-10.3730901886783));
#1019=CARTESIAN_POINT('',(10.8842805924703,4.051,-10.3730901886783));
#1020=CARTESIAN_POINT('',(11.3528850087006,4.009,-10.3730901886783));
#1021=CARTESIAN_POINT('',(11.3528850087006,4.051,-10.3730901886783));
#1022=CARTESIAN_POINT('',(11.4681765714239,4.009,-10.1637589641944));
#1023=CARTESIAN_POINT('',(11.4681765714239,4.051,-10.1637589641944));
#1024=CARTESIAN_POINT('',(11.4681765714239,4.009,-9.32802795883134));
#1025=CARTESIAN_POINT('',(11.4681765714239,4.051,-9.32802795883134));
#1026=CARTESIAN_POINT('',(11.3528850087006,4.009,-9.11922803187158));
#1027=CARTESIAN_POINT('',(11.3528850087006,4.051,-9.11922803187158));
#1028=CARTESIAN_POINT('',(10.8842805924703,4.009,-9.11922803187158));
#1029=CARTESIAN_POINT('',(10.8842805924703,4.051,-9.11922803187158));
#1030=CARTESIAN_POINT('',(10.7652699470784,4.009,-9.32855925635541));
#1031=CARTESIAN_POINT('',(10.7652699470784,4.051,-9.32855925635541));
#1032=CARTESIAN_POINT('',(10.7652699470784,4.009,-9.746690407799));
#1033=CARTESIAN_POINT('',(10.7652699470784,4.051,-9.746690407799));
#1034=SURFACE_SIDE_STYLE('',(#2383));
#1035=EDGE_LOOP('',(#2384,#2385,#2386,#2387));
#1036=CARTESIAN_POINT('',(13.4304358557211,4.009,-6.37812080515233));
#1037=CARTESIAN_POINT('',(13.4304358557211,4.051,-6.37812080515233));
#1038=CARTESIAN_POINT('',(13.3745583301428,4.009,-6.3089875008565));
#1039=CARTESIAN_POINT('',(13.3745583301428,4.051,-6.3089875008565));
#1040=CARTESIAN_POINT('',(13.3033980625261,4.009,-6.27465599600211));
#1041=CARTESIAN_POINT('',(13.3033980625261,4.051,-6.27465599600211));
#1042=CARTESIAN_POINT('',(13.1276465290835,4.009,-6.27465599600211));
#1043=CARTESIAN_POINT('',(13.1276465290835,4.051,-6.27465599600211));
#1044=CARTESIAN_POINT('',(13.0526655759572,4.009,-6.31227956296583));
#1045=CARTESIAN_POINT('',(13.0526655759572,4.051,-6.31227956296583));
#1046=CARTESIAN_POINT('',(12.9340412025733,4.009,-6.46300651072952));
#1047=CARTESIAN_POINT('',(12.9340412025733,4.051,-6.46300651072952));
#1048=CARTESIAN_POINT('',(12.9041364267706,4.009,-6.55683274822999));
#1049=CARTESIAN_POINT('',(12.9041364267706,4.051,-6.55683274822999));
#1050=CARTESIAN_POINT('',(12.9041364267706,4.009,-6.74024763717811));
#1051=CARTESIAN_POINT('',(12.9041364267706,4.051,-6.74024763717811));
#1052=CARTESIAN_POINT('',(12.9189415831204,4.009,-6.80138593349415));
#1053=CARTESIAN_POINT('',(12.9189415831204,4.051,-6.80138593349415));
#1054=CARTESIAN_POINT('',(12.9772070371421,4.009,-6.90579133181846));
#1055=CARTESIAN_POINT('',(12.9772070371421,4.051,-6.90579133181846));
#1056=CARTESIAN_POINT('',(13.0158914779271,4.009,-6.94576637171741));
#1057=CARTESIAN_POINT('',(13.0158914779271,4.051,-6.94576637171741));
#1058=CARTESIAN_POINT('',(13.1120053882575,4.009,-7.00105496755824));
#1059=CARTESIAN_POINT('',(13.1120053882575,4.051,-7.00105496755824));
#1060=CARTESIAN_POINT('',(13.1625102843588,4.009,-7.01489967601324));
#1061=CARTESIAN_POINT('',(13.1625102843588,4.051,-7.01489967601324));
#1062=CARTESIAN_POINT('',(13.2704446500056,4.009,-7.01489967601324));
#1063=CARTESIAN_POINT('',(13.2704446500056,4.051,-7.01489967601324));
#1064=CARTESIAN_POINT('',(13.3210687330081,4.009,-7.0003205438148));
#1065=CARTESIAN_POINT('',(13.3210687330081,4.051,-7.0003205438148));
#1066=CARTESIAN_POINT('',(13.4129778995071,4.009,-6.94281150546884));
#1067=CARTESIAN_POINT('',(13.4129778995071,4.051,-6.94281150546884));
#1068=CARTESIAN_POINT('',(13.4485841118918,4.009,-6.901088385948));
#1069=CARTESIAN_POINT('',(13.4485841118918,4.051,-6.901088385948));
#1070=CARTESIAN_POINT('',(13.5009358440504,4.009,-6.79142215849783));
#1071=CARTESIAN_POINT('',(13.5009358440504,4.051,-6.79142215849783));
#1072=CARTESIAN_POINT('',(13.5144909369328,4.009,-6.72566850497967));
#1073=CARTESIAN_POINT('',(13.5144909369328,4.051,-6.72566850497967));
#1074=CARTESIAN_POINT('',(13.5144909369328,4.009,-6.53755067016108));
#1075=CARTESIAN_POINT('',(13.5144909369328,4.051,-6.53755067016108));
#1076=CARTESIAN_POINT('',(13.4863133812993,4.009,-6.44725410944816));
#1077=CARTESIAN_POINT('',(13.4863133812993,4.051,-6.44725410944816));
#1078=CARTESIAN_POINT('',(13.4304358557211,4.009,-6.37812080515233));
#1079=CARTESIAN_POINT('',(13.4304358557211,4.051,-6.37812080515233));
#1080=SURFACE_SIDE_STYLE('',(#2388));
#1081=EDGE_LOOP('',(#2389,#2390,#2391,#2392));
#1082=AXIS2_PLACEMENT_3D('',#2393,#2394,#2395);
#1083=SURFACE_SIDE_STYLE('',(#2396));
#1084=EDGE_LOOP('',(#2397,#2398,#2399,#2400));
#1085=AXIS2_PLACEMENT_3D('',#2401,#2402,#2403);
#1086=SURFACE_SIDE_STYLE('',(#2404));
#1087=EDGE_LOOP('',(#2405,#2406,#2407,#2408));
#1088=AXIS2_PLACEMENT_3D('',#2409,#2410,#2411);
#1089=SURFACE_SIDE_STYLE('',(#2412));
#1090=EDGE_LOOP('',(#2413,#2414,#2415,#2416));
#1091=AXIS2_PLACEMENT_3D('',#2417,#2418,#2419);
#1092=SURFACE_SIDE_STYLE('',(#2420));
#1093=EDGE_LOOP('',(#2421,#2422,#2423,#2424));
#1094=AXIS2_PLACEMENT_3D('',#2425,#2426,#2427);
#1095=SURFACE_SIDE_STYLE('',(#2428));
#1096=EDGE_LOOP('',(#2429,#2430,#2431,#2432));
#1097=AXIS2_PLACEMENT_3D('',#2433,#2434,#2435);
#1098=SURFACE_SIDE_STYLE('',(#2436));
#1099=EDGE_LOOP('',(#2437,#2438,#2439,#2440));
#1100=AXIS2_PLACEMENT_3D('',#2441,#2442,#2443);
#1101=SURFACE_SIDE_STYLE('',(#2444));
#1102=EDGE_LOOP('',(#2445,#2446,#2447,#2448));
#1103=AXIS2_PLACEMENT_3D('',#2449,#2450,#2451);
#1104=SURFACE_SIDE_STYLE('',(#2452));
#1105=EDGE_LOOP('',(#2453,#2454,#2455,#2456));
#1106=AXIS2_PLACEMENT_3D('',#2457,#2458,#2459);
#1107=SURFACE_SIDE_STYLE('',(#2460));
#1108=EDGE_LOOP('',(#2461,#2462,#2463,#2464));
#1109=AXIS2_PLACEMENT_3D('',#2465,#2466,#2467);
#1110=SURFACE_SIDE_STYLE('',(#2468));
#1111=EDGE_LOOP('',(#2469,#2470,#2471,#2472));
#1112=AXIS2_PLACEMENT_3D('',#2473,#2474,#2475);
#1113=SURFACE_SIDE_STYLE('',(#2476));
#1114=EDGE_LOOP('',(#2477,#2478,#2479,#2480));
#1115=AXIS2_PLACEMENT_3D('',#2481,#2482,#2483);
#1116=SURFACE_SIDE_STYLE('',(#2484));
#1117=EDGE_LOOP('',(#2485,#2486,#2487,#2488,#2489,#2490,#2491,#2492,#2493,#2494,#2495,#2496,#2497,#2498,#2499,#2500));
#1118=EDGE_LOOP('',(#2501,#2502));
#1119=AXIS2_PLACEMENT_3D('',#2503,#2504,#2505);
#1120=SURFACE_SIDE_STYLE('',(#2506));
#1121=EDGE_LOOP('',(#2507,#2508,#2509,#2510));
#1122=AXIS2_PLACEMENT_3D('',#2511,#2512,#2513);
#1123=SURFACE_SIDE_STYLE('',(#2514));
#1124=EDGE_LOOP('',(#2515,#2516,#2517,#2518));
#1125=AXIS2_PLACEMENT_3D('',#2519,#2520,#2521);
#1126=SURFACE_SIDE_STYLE('',(#2522));
#1127=EDGE_LOOP('',(#2523,#2524,#2525,#2526));
#1128=AXIS2_PLACEMENT_3D('',#2527,#2528,#2529);
#1129=SURFACE_SIDE_STYLE('',(#2530));
#1130=EDGE_LOOP('',(#2531,#2532,#2533,#2534));
#1131=AXIS2_PLACEMENT_3D('',#2535,#2536,#2537);
#1132=SURFACE_SIDE_STYLE('',(#2538));
#1133=EDGE_LOOP('',(#2539,#2540,#2541,#2542,#2543));
#1134=AXIS2_PLACEMENT_3D('',#2544,#2545,#2546);
#1135=SURFACE_SIDE_STYLE('',(#2547));
#1136=EDGE_LOOP('',(#2548,#2549,#2550,#2551,#2552));
#1137=AXIS2_PLACEMENT_3D('',#2553,#2554,#2555);
#1138=SURFACE_SIDE_STYLE('',(#2556));
#1139=EDGE_LOOP('',(#2557,#2558,#2559,#2560));
#1140=AXIS2_PLACEMENT_3D('',#2561,#2562,#2563);
#1141=SURFACE_SIDE_STYLE('',(#2564));
#1142=EDGE_LOOP('',(#2565,#2566,#2567,#2568));
#1143=AXIS2_PLACEMENT_3D('',#2569,#2570,#2571);
#1144=SURFACE_SIDE_STYLE('',(#2572));
#1145=EDGE_LOOP('',(#2573,#2574,#2575,#2576));
#1146=AXIS2_PLACEMENT_3D('',#2577,#2578,#2579);
#1147=SURFACE_SIDE_STYLE('',(#2580));
#1148=EDGE_LOOP('',(#2581,#2582,#2583,#2584,#2585,#2586,#2587,#2588,#2589,#2590,#2591,#2592,#2593,#2594,#2595,#2596,#2597,#2598,#2599,#2600,#2601,#2602,#2603,#2604));
#1149=AXIS2_PLACEMENT_3D('',#2605,#2606,#2607);
#1150=SURFACE_SIDE_STYLE('',(#2608));
#1151=EDGE_LOOP('',(#2609,#2610,#2611,#2612,#2613,#2614));
#1152=EDGE_LOOP('',(#2615,#2616,#2617,#2618,#2619,#2620,#2621,#2622));
#1153=AXIS2_PLACEMENT_3D('',#2623,#2624,#2625);
#1154=SURFACE_SIDE_STYLE('',(#2626));
#1155=EDGE_LOOP('',(#2627,#2628,#2629,#2630));
#1156=AXIS2_PLACEMENT_3D('',#2631,#2632,#2633);
#1157=SURFACE_SIDE_STYLE('',(#2634));
#1158=EDGE_LOOP('',(#2635,#2636,#2637,#2638));
#1159=AXIS2_PLACEMENT_3D('',#2639,#2640,#2641);
#1160=SURFACE_SIDE_STYLE('',(#2642));
#1161=EDGE_LOOP('',(#2643,#2644,#2645,#2646));
#1162=AXIS2_PLACEMENT_3D('',#2647,#2648,#2649);
#1163=SURFACE_SIDE_STYLE('',(#2650));
#1164=EDGE_LOOP('',(#2651,#2652,#2653,#2654));
#1165=AXIS2_PLACEMENT_3D('',#2655,#2656,#2657);
#1166=SURFACE_SIDE_STYLE('',(#2658));
#1167=EDGE_LOOP('',(#2659,#2660,#2661,#2662));
#1168=AXIS2_PLACEMENT_3D('',#2663,#2664,#2665);
#1169=SURFACE_SIDE_STYLE('',(#2666));
#1170=EDGE_LOOP('',(#2667,#2668,#2669,#2670));
#1171=AXIS2_PLACEMENT_3D('',#2671,#2672,#2673);
#1172=SURFACE_SIDE_STYLE('',(#2674));
#1173=EDGE_LOOP('',(#2675,#2676,#2677,#2678));
#1174=AXIS2_PLACEMENT_3D('',#2679,#2680,#2681);
#1175=SURFACE_SIDE_STYLE('',(#2682));
#1176=EDGE_LOOP('',(#2683,#2684,#2685,#2686));
#1177=AXIS2_PLACEMENT_3D('',#2687,#2688,#2689);
#1178=SURFACE_SIDE_STYLE('',(#2690));
#1179=EDGE_LOOP('',(#2691,#2692,#2693,#2694));
#1180=AXIS2_PLACEMENT_3D('',#2695,#2696,#2697);
#1181=SURFACE_SIDE_STYLE('',(#2698));
#1182=EDGE_LOOP('',(#2699,#2700,#2701,#2702));
#1183=AXIS2_PLACEMENT_3D('',#2703,#2704,#2705);
#1184=SURFACE_SIDE_STYLE('',(#2706));
#1185=EDGE_LOOP('',(#2707,#2708));
#1186=EDGE_LOOP('',(#2709,#2710));
#1187=AXIS2_PLACEMENT_3D('',#2711,#2712,#2713);
#1188=SURFACE_SIDE_STYLE('',(#2714));
#1189=EDGE_LOOP('',(#2715,#2716,#2717,#2718,#2719,#2720,#2721,#2722));
#1190=EDGE_LOOP('',(#2723,#2724,#2725,#2726,#2727,#2728));
#1191=AXIS2_PLACEMENT_3D('',#2729,#2730,#2731);
#1192=SURFACE_SIDE_STYLE('',(#2732));
#1193=EDGE_LOOP('',(#2733,#2734,#2735,#2736));
#1194=AXIS2_PLACEMENT_3D('',#2737,#2738,#2739);
#1195=SURFACE_SIDE_STYLE('',(#2740));
#1196=EDGE_LOOP('',(#2741,#2742,#2743,#2744));
#1197=AXIS2_PLACEMENT_3D('',#2745,#2746,#2747);
#1198=SURFACE_SIDE_STYLE('',(#2748));
#1199=EDGE_LOOP('',(#2749,#2750,#2751,#2752));
#1200=AXIS2_PLACEMENT_3D('',#2753,#2754,#2755);
#1201=SURFACE_SIDE_STYLE('',(#2756));
#1202=EDGE_LOOP('',(#2757,#2758,#2759,#2760));
#1203=AXIS2_PLACEMENT_3D('',#2761,#2762,#2763);
#1204=SURFACE_SIDE_STYLE('',(#2764));
#1205=EDGE_LOOP('',(#2765,#2766,#2767,#2768,#2769,#2770));
#1206=AXIS2_PLACEMENT_3D('',#2771,#2772,#2773);
#1207=SURFACE_SIDE_STYLE('',(#2774));
#1208=EDGE_LOOP('',(#2775,#2776,#2777,#2778));
#1209=AXIS2_PLACEMENT_3D('',#2779,#2780,#2781);
#1210=SURFACE_SIDE_STYLE('',(#2782));
#1211=EDGE_LOOP('',(#2783,#2784,#2785,#2786));
#1212=AXIS2_PLACEMENT_3D('',#2787,#2788,#2789);
#1213=SURFACE_SIDE_STYLE('',(#2790));
#1214=EDGE_LOOP('',(#2791,#2792,#2793,#2794));
#1215=AXIS2_PLACEMENT_3D('',#2795,#2796,#2797);
#1216=SURFACE_SIDE_STYLE('',(#2798));
#1217=EDGE_LOOP('',(#2799,#2800,#2801,#2802));
#1218=AXIS2_PLACEMENT_3D('',#2803,#2804,#2805);
#1219=SURFACE_SIDE_STYLE('',(#2806));
#1220=EDGE_LOOP('',(#2807,#2808,#2809,#2810));
#1221=AXIS2_PLACEMENT_3D('',#2811,#2812,#2813);
#1222=SURFACE_SIDE_STYLE('',(#2814));
#1223=EDGE_LOOP('',(#2815,#2816,#2817,#2818));
#1224=AXIS2_PLACEMENT_3D('',#2819,#2820,#2821);
#1225=SURFACE_SIDE_STYLE('',(#2822));
#1226=EDGE_LOOP('',(#2823,#2824,#2825,#2826));
#1227=AXIS2_PLACEMENT_3D('',#2827,#2828,#2829);
#1228=SURFACE_SIDE_STYLE('',(#2830));
#1229=EDGE_LOOP('',(#2831,#2832,#2833,#2834));
#1230=AXIS2_PLACEMENT_3D('',#2835,#2836,#2837);
#1231=SURFACE_SIDE_STYLE('',(#2838));
#1232=EDGE_LOOP('',(#2839,#2840,#2841,#2842));
#1233=AXIS2_PLACEMENT_3D('',#2843,#2844,#2845);
#1234=SURFACE_SIDE_STYLE('',(#2846));
#1235=EDGE_LOOP('',(#2847,#2848,#2849,#2850));
#1236=AXIS2_PLACEMENT_3D('',#2851,#2852,#2853);
#1237=SURFACE_SIDE_STYLE('',(#2854));
#1238=EDGE_LOOP('',(#2855,#2856,#2857,#2858));
#1239=AXIS2_PLACEMENT_3D('',#2859,#2860,#2861);
#1240=SURFACE_SIDE_STYLE('',(#2862));
#1241=EDGE_LOOP('',(#2863,#2864,#2865,#2866));
#1242=AXIS2_PLACEMENT_3D('',#2867,#2868,#2869);
#1243=SURFACE_SIDE_STYLE('',(#2870));
#1244=EDGE_LOOP('',(#2871,#2872,#2873,#2874));
#1245=AXIS2_PLACEMENT_3D('',#2875,#2876,#2877);
#1246=SURFACE_SIDE_STYLE('',(#2878));
#1247=EDGE_LOOP('',(#2879,#2880,#2881,#2882));
#1248=AXIS2_PLACEMENT_3D('',#2883,#2884,#2885);
#1249=SURFACE_SIDE_STYLE('',(#2886));
#1250=EDGE_LOOP('',(#2887,#2888,#2889,#2890));
#1251=AXIS2_PLACEMENT_3D('',#2891,#2892,#2893);
#1252=SURFACE_SIDE_STYLE('',(#2894));
#1253=EDGE_LOOP('',(#2895,#2896,#2897,#2898,#2899,#2900,#2901,#2902,#2903,#2904,#2905,#2906));
#1254=AXIS2_PLACEMENT_3D('',#2907,#2908,#2909);
#1255=SURFACE_SIDE_STYLE('',(#2910));
#1256=EDGE_LOOP('',(#2911,#2912,#2913,#2914));
#1257=AXIS2_PLACEMENT_3D('',#2915,#2916,#2917);
#1258=SURFACE_SIDE_STYLE('',(#2918));
#1259=EDGE_LOOP('',(#2919,#2920,#2921,#2922));
#1260=AXIS2_PLACEMENT_3D('',#2923,#2924,#2925);
#1261=SURFACE_SIDE_STYLE('',(#2926));
#1262=EDGE_LOOP('',(#2927,#2928,#2929,#2930));
#1263=AXIS2_PLACEMENT_3D('',#2931,#2932,#2933);
#1264=SURFACE_SIDE_STYLE('',(#2934));
#1265=EDGE_LOOP('',(#2935,#2936,#2937,#2938));
#1266=AXIS2_PLACEMENT_3D('',#2939,#2940,#2941);
#1267=SURFACE_SIDE_STYLE('',(#2942));
#1268=EDGE_LOOP('',(#2943,#2944,#2945,#2946));
#1269=AXIS2_PLACEMENT_3D('',#2947,#2948,#2949);
#1270=SURFACE_SIDE_STYLE('',(#2950));
#1271=EDGE_LOOP('',(#2951,#2952,#2953,#2954));
#1272=AXIS2_PLACEMENT_3D('',#2955,#2956,#2957);
#1273=SURFACE_SIDE_STYLE('',(#2958));
#1274=EDGE_LOOP('',(#2959,#2960,#2961,#2962));
#1275=AXIS2_PLACEMENT_3D('',#2963,#2964,#2965);
#1276=SURFACE_SIDE_STYLE('',(#2966));
#1277=EDGE_LOOP('',(#2967,#2968,#2969,#2970));
#1278=AXIS2_PLACEMENT_3D('',#2971,#2972,#2973);
#1279=SURFACE_SIDE_STYLE('',(#2974));
#1280=EDGE_LOOP('',(#2975,#2976,#2977,#2978));
#1281=AXIS2_PLACEMENT_3D('',#2979,#2980,#2981);
#1282=SURFACE_SIDE_STYLE('',(#2982));
#1283=EDGE_LOOP('',(#2983,#2984,#2985,#2986));
#1284=AXIS2_PLACEMENT_3D('',#2987,#2988,#2989);
#1285=SURFACE_SIDE_STYLE('',(#2990));
#1286=EDGE_LOOP('',(#2991,#2992,#2993,#2994));
#1287=AXIS2_PLACEMENT_3D('',#2995,#2996,#2997);
#1288=SURFACE_SIDE_STYLE('',(#2998));
#1289=EDGE_LOOP('',(#2999,#3000,#3001,#3002));
#1290=AXIS2_PLACEMENT_3D('',#3003,#3004,#3005);
#1291=SURFACE_SIDE_STYLE('',(#3006));
#1292=EDGE_LOOP('',(#3007,#3008,#3009,#3010));
#1293=AXIS2_PLACEMENT_3D('',#3011,#3012,#3013);
#1294=SURFACE_SIDE_STYLE('',(#3014));
#1295=EDGE_LOOP('',(#3015,#3016,#3017,#3018,#3019,#3020,#3021,#3022,#3023,#3024,#3025,#3026,#3027));
#1296=AXIS2_PLACEMENT_3D('',#3028,#3029,#3030);
#1297=SURFACE_SIDE_STYLE('',(#3031));
#1298=EDGE_LOOP('',(#3032,#3033,#3034,#3035));
#1299=AXIS2_PLACEMENT_3D('',#3036,#3037,#3038);
#1300=SURFACE_SIDE_STYLE('',(#3039));
#1301=EDGE_LOOP('',(#3040,#3041,#3042,#3043));
#1302=AXIS2_PLACEMENT_3D('',#3044,#3045,#3046);
#1303=SURFACE_SIDE_STYLE('',(#3047));
#1304=EDGE_LOOP('',(#3048,#3049,#3050,#3051));
#1305=AXIS2_PLACEMENT_3D('',#3052,#3053,#3054);
#1306=SURFACE_SIDE_STYLE('',(#3055));
#1307=EDGE_LOOP('',(#3056,#3057,#3058,#3059));
#1308=AXIS2_PLACEMENT_3D('',#3060,#3061,#3062);
#1309=SURFACE_SIDE_STYLE('',(#3063));
#1310=EDGE_LOOP('',(#3064,#3065,#3066,#3067));
#1311=AXIS2_PLACEMENT_3D('',#3068,#3069,#3070);
#1312=SURFACE_SIDE_STYLE('',(#3071));
#1313=EDGE_LOOP('',(#3072,#3073,#3074,#3075));
#1314=AXIS2_PLACEMENT_3D('',#3076,#3077,#3078);
#1315=SURFACE_SIDE_STYLE('',(#3079));
#1316=EDGE_LOOP('',(#3080,#3081,#3082,#3083,#3084,#3085));
#1317=AXIS2_PLACEMENT_3D('',#3086,#3087,#3088);
#1318=SURFACE_SIDE_STYLE('',(#3089));
#1319=EDGE_LOOP('',(#3090,#3091,#3092,#3093));
#1320=AXIS2_PLACEMENT_3D('',#3094,#3095,#3096);
#1321=SURFACE_SIDE_STYLE('',(#3097));
#1322=EDGE_LOOP('',(#3098,#3099,#3100,#3101));
#1323=AXIS2_PLACEMENT_3D('',#3102,#3103,#3104);
#1324=SURFACE_SIDE_STYLE('',(#3105));
#1325=EDGE_LOOP('',(#3106,#3107,#3108,#3109));
#1326=CARTESIAN_POINT('',(15.6053610820735,4.00066990041014,-6.80420770101642));
#1327=CARTESIAN_POINT('',(15.6053610820735,4.05933009958986,-6.80420770101642));
#1328=CARTESIAN_POINT('',(15.5924662684785,4.00066990041014,-6.7877473904698));
#1329=CARTESIAN_POINT('',(15.5924662684785,4.05933009958986,-6.7877473904698));
#1330=CARTESIAN_POINT('',(15.5800490405723,4.00066990041014,-6.77034649074908));
#1331=CARTESIAN_POINT('',(15.5800490405723,4.05933009958986,-6.77034649074908));
#1332=CARTESIAN_POINT('',(15.5565266617832,4.00066990041014,-6.73421178574891));
#1333=CARTESIAN_POINT('',(15.5565266617832,4.05933009958986,-6.73421178574891));
#1334=CARTESIAN_POINT('',(15.5475732137405,4.00066990041014,-6.71720320241283));
#1335=CARTESIAN_POINT('',(15.5475732137405,4.05933009958986,-6.71720320241283));
#1336=CARTESIAN_POINT('',(15.5413645997874,4.00066990041014,-6.7007428918662));
#1337=CARTESIAN_POINT('',(15.5413645997874,4.05933009958986,-6.7007428918662));
#1338=SURFACE_SIDE_STYLE('',(#3110));
#1339=EDGE_LOOP('',(#3111,#3112,#3113,#3114));
#1340=CARTESIAN_POINT('',(15.5413645997874,4.009,-6.7007428918662));
#1341=CARTESIAN_POINT('',(15.5413645997874,4.051,-6.7007428918662));
#1342=CARTESIAN_POINT('',(15.5356335715229,4.009,-6.68428258131958));
#1343=CARTESIAN_POINT('',(15.5356335715229,4.051,-6.68428258131958));
#1344=CARTESIAN_POINT('',(15.5327680573907,4.009,-6.66829256536));
#1345=CARTESIAN_POINT('',(15.5327680573907,4.051,-6.66829256536));
#1346=CARTESIAN_POINT('',(15.5327680573907,4.009,-6.59069395849733));
#1347=CARTESIAN_POINT('',(15.5327680573907,4.051,-6.59069395849733));
#1348=CARTESIAN_POINT('',(15.5528266563162,4.009,-6.5417833214445));
#1349=CARTESIAN_POINT('',(15.5528266563162,4.051,-6.5417833214445));
#1350=CARTESIAN_POINT('',(15.6335608918933,4.009,-6.46985321223577));
#1351=CARTESIAN_POINT('',(15.6335608918933,4.051,-6.46985321223577));
#1352=CARTESIAN_POINT('',(15.6941920201722,4.009,-6.45195705531863));
#1353=CARTESIAN_POINT('',(15.6941920201722,4.051,-6.45195705531863));
#1354=CARTESIAN_POINT('',(15.9875888282653,4.009,-6.45195705531863));
#1355=CARTESIAN_POINT('',(15.9875888282653,4.051,-6.45195705531863));
#1356=CARTESIAN_POINT('',(16.2007512406563,4.009,-6.45195705531863));
#1357=CARTESIAN_POINT('',(16.2007512406563,4.051,-6.45195705531863));
#1358=CARTESIAN_POINT('',(16.4139136530473,4.009,-6.45195705531863));
#1359=CARTESIAN_POINT('',(16.4139136530473,4.051,-6.45195705531863));
#1360=SURFACE_SIDE_STYLE('',(#3115));
#1361=EDGE_LOOP('',(#3116,#3117,#3118,#3119));
#1362=CARTESIAN_POINT('',(16.4139136530473,4.00891313443108,-6.45195705531863));
#1363=CARTESIAN_POINT('',(16.4139136530473,4.05108686556892,-6.45195705531863));
#1364=CARTESIAN_POINT('',(16.4139136530473,4.00891313443108,-6.37420168359361));
#1365=CARTESIAN_POINT('',(16.4139136530473,4.05108686556892,-6.37420168359361));
#1366=CARTESIAN_POINT('',(16.4139136530473,4.00891313443108,-6.2964463118686));
#1367=CARTESIAN_POINT('',(16.4139136530473,4.05108686556892,-6.2964463118686));
#1368=CARTESIAN_POINT('',(16.4139136530473,4.00891313443108,-6.15567146547936));
#1369=CARTESIAN_POINT('',(16.4139136530473,4.05108686556892,-6.15567146547936));
#1370=CARTESIAN_POINT('',(16.4287188093971,4.00891313443108,-6.10817171218767));
#1371=CARTESIAN_POINT('',(16.4287188093971,4.05108686556892,-6.10817171218767));
#1372=CARTESIAN_POINT('',(16.487219166543,4.00891313443108,-6.04395378682457));
#1373=CARTESIAN_POINT('',(16.487219166543,4.05108686556892,-6.04395378682457));
#1374=CARTESIAN_POINT('',(16.5256687042038,4.00891313443108,-6.02775133780272));
#1375=CARTESIAN_POINT('',(16.5256687042038,4.05108686556892,-6.02775133780272));
#1376=CARTESIAN_POINT('',(16.621663427633,4.00891313443108,-6.02775133780272));
#1377=CARTESIAN_POINT('',(16.621663427633,4.05108686556892,-6.02775133780272));
#1378=CARTESIAN_POINT('',(16.660347868418,4.00891313443108,-6.04327105917526));
#1379=CARTESIAN_POINT('',(16.660347868418,4.05108686556892,-6.04327105917526));
#1380=CARTESIAN_POINT('',(16.7178753138181,4.00891313443108,-6.10652933012796));
#1381=CARTESIAN_POINT('',(16.7178753138181,4.05108686556892,-6.10652933012796));
#1382=CARTESIAN_POINT('',(16.7324633074121,4.00891313443108,-6.15426058171822));
#1383=CARTESIAN_POINT('',(16.7324633074121,4.05108686556892,-6.15426058171822));
#1384=CARTESIAN_POINT('',(16.7324633074121,4.00891313443108,-6.2964463118686));
#1385=CARTESIAN_POINT('',(16.7324633074121,4.05108686556892,-6.2964463118686));
#1386=CARTESIAN_POINT('',(16.7324633074121,4.00891313443108,-6.37420168359361));
#1387=CARTESIAN_POINT('',(16.7324633074121,4.05108686556892,-6.37420168359361));
#1388=CARTESIAN_POINT('',(16.7324633074121,4.00891313443108,-6.45195705531863));
#1389=CARTESIAN_POINT('',(16.7324633074121,4.05108686556892,-6.45195705531863));
#1390=SURFACE_SIDE_STYLE('',(#3120));
#1391=EDGE_LOOP('',(#3121,#3122,#3123,#3124));
#1392=AXIS2_PLACEMENT_3D('',#3125,#3126,#3127);
#1393=SURFACE_SIDE_STYLE('',(#3128));
#1394=EDGE_LOOP('',(#3129,#3130,#3131,#3132));
#1395=CARTESIAN_POINT('',(16.7324633074121,4.00853662849479,-6.45195705531863));
#1396=CARTESIAN_POINT('',(16.7324633074121,4.05146337150521,-6.45195705531863));
#1397=CARTESIAN_POINT('',(16.7584121298316,4.00853662849479,-6.45195705531863));
#1398=CARTESIAN_POINT('',(16.7584121298316,4.05146337150521,-6.45195705531863));
#1399=CARTESIAN_POINT('',(16.7843609522511,4.00853662849479,-6.45195705531863));
#1400=CARTESIAN_POINT('',(16.7843609522511,4.05146337150521,-6.45195705531863));
#1401=CARTESIAN_POINT('',(16.8747838426455,4.00853662849479,-6.45195705531863));
#1402=CARTESIAN_POINT('',(16.8747838426455,4.05146337150521,-6.45195705531863));
#1403=CARTESIAN_POINT('',(16.9230199972045,4.00853662849479,-6.4627738308207));
#1404=CARTESIAN_POINT('',(16.9230199972045,4.05146337150521,-6.4627738308207));
#1405=CARTESIAN_POINT('',(16.9874293751769,4.00853662849479,-6.50754517212244));
#1406=CARTESIAN_POINT('',(16.9874293751769,4.05146337150521,-6.50754517212244));
#1407=CARTESIAN_POINT('',(17.0037319785953,4.00853662849479,-6.54272391061859));
#1408=CARTESIAN_POINT('',(17.0037319785953,4.05146337150521,-6.54272391061859));
#1409=CARTESIAN_POINT('',(17.0037319785953,4.00853662849479,-6.65042137105223));
#1410=CARTESIAN_POINT('',(17.0037319785953,4.05146337150521,-6.65042137105223));
#1411=CARTESIAN_POINT('',(16.9841509653585,4.00853662849479,-6.68898552719004));
#1412=CARTESIAN_POINT('',(16.9841509653585,4.05146337150521,-6.68898552719004));
#1413=CARTESIAN_POINT('',(16.9048717410338,4.00853662849479,-6.72378732663148));
#1414=CARTESIAN_POINT('',(16.9048717410338,4.05146337150521,-6.72378732663148));
#1415=CARTESIAN_POINT('',(16.8528149009652,4.00853662849479,-6.73272292378536));
#1416=CARTESIAN_POINT('',(16.8528149009652,4.05146337150521,-6.73272292378536));
#1417=CARTESIAN_POINT('',(16.7690782102126,4.00853662849479,-6.73272292378536));
#1418=CARTESIAN_POINT('',(16.7690782102126,4.05146337150521,-6.73272292378536));
#1419=CARTESIAN_POINT('',(16.7507707588124,4.00853662849479,-6.73272292378536));
#1420=CARTESIAN_POINT('',(16.7507707588124,4.05146337150521,-6.73272292378536));
#1421=CARTESIAN_POINT('',(16.7324633074121,4.00853662849479,-6.73272292378536));
#1422=CARTESIAN_POINT('',(16.7324633074121,4.05146337150521,-6.73272292378536));
#1423=SURFACE_SIDE_STYLE('',(#3133));
#1424=EDGE_LOOP('',(#3134,#3135,#3136,#3137));
#1425=CARTESIAN_POINT('',(16.7324633074121,4.009,-6.73272292378536));
#1426=CARTESIAN_POINT('',(16.7324633074121,4.051,-6.73272292378536));
#1427=CARTESIAN_POINT('',(16.7324633074121,4.009,-7.05628559967333));
#1428=CARTESIAN_POINT('',(16.7324633074121,4.051,-7.05628559967333));
#1429=CARTESIAN_POINT('',(16.7324633074121,4.009,-7.37984827556129));
#1430=CARTESIAN_POINT('',(16.7324633074121,4.051,-7.37984827556129));
#1431=CARTESIAN_POINT('',(16.7324633074121,4.009,-7.84873197884661));
#1432=CARTESIAN_POINT('',(16.7324633074121,4.051,-7.84873197884661));
#1433=CARTESIAN_POINT('',(16.6679892394372,4.009,-7.92162763983881));
#1434=CARTESIAN_POINT('',(16.6679892394372,4.051,-7.92162763983881));
#1435=CARTESIAN_POINT('',(16.4989239056364,4.009,-7.92162763983881));
#1436=CARTESIAN_POINT('',(16.4989239056364,4.051,-7.92162763983881));
#1437=CARTESIAN_POINT('',(16.4645377360498,4.009,-7.90845939140151));
#1438=CARTESIAN_POINT('',(16.4645377360498,4.051,-7.90845939140151));
#1439=CARTESIAN_POINT('',(16.40792672302,4.009,-7.8555472159409));
#1440=CARTESIAN_POINT('',(16.40792672302,4.051,-7.8555472159409));
#1441=CARTESIAN_POINT('',(16.3714085267528,4.009,-7.81345988481813));
#1442=CARTESIAN_POINT('',(16.3714085267528,4.051,-7.81345988481813));
#1443=CARTESIAN_POINT('',(16.1047067914399,4.009,-7.45662549476577));
#1444=CARTESIAN_POINT('',(16.1047067914399,4.051,-7.45662549476577));
#1445=CARTESIAN_POINT('',(15.877266534175,4.009,-7.16210188175878));
#1446=CARTESIAN_POINT('',(15.877266534175,4.051,-7.16210188175878));
#1447=CARTESIAN_POINT('',(15.6335677833287,4.009,-6.84133880270504));
#1448=CARTESIAN_POINT('',(15.6335677833287,4.051,-6.84133880270504));
#1449=CARTESIAN_POINT('',(15.6177783099798,4.009,-6.8211383061501));
#1450=CARTESIAN_POINT('',(15.6177783099798,4.051,-6.8211383061501));
#1451=CARTESIAN_POINT('',(15.6053610820735,4.009,-6.80420770101642));
#1452=CARTESIAN_POINT('',(15.6053610820735,4.051,-6.80420770101642));
#1453=SURFACE_SIDE_STYLE('',(#3138));
#1454=EDGE_LOOP('',(#3139,#3140,#3141,#3142,#3143));
#1455=EDGE_LOOP('',(#3144,#3145,#3146));
#1456=AXIS2_PLACEMENT_3D('',#3147,#3148,#3149);
#1457=SURFACE_SIDE_STYLE('',(#3150));
#1458=EDGE_LOOP('',(#3151,#3152,#3153,#3154));
#1459=CARTESIAN_POINT('',(13.5388478070566,4.009,-7.41041742371931));
#1460=CARTESIAN_POINT('',(13.5388478070566,4.051,-7.41041742371931));
#1461=CARTESIAN_POINT('',(13.5694132911336,4.009,-7.38831357812813));
#1462=CARTESIAN_POINT('',(13.5694132911336,4.051,-7.38831357812813));
#1463=CARTESIAN_POINT('',(13.6023667036541,4.009,-7.37749680262606));
#1464=CARTESIAN_POINT('',(13.6023667036541,4.051,-7.37749680262606));
#1465=CARTESIAN_POINT('',(13.6787804138465,4.009,-7.37749680262606));
#1466=CARTESIAN_POINT('',(13.6787804138465,4.051,-7.37749680262606));
#1467=CARTESIAN_POINT('',(13.7122114120557,4.009,-7.39160564023745));
#1468=CARTESIAN_POINT('',(13.7122114120557,4.051,-7.39160564023745));
#1469=CARTESIAN_POINT('',(13.7649815642713,4.009,-7.44734941124573));
#1470=CARTESIAN_POINT('',(13.7649815642713,4.051,-7.44734941124573));
#1471=CARTESIAN_POINT('',(13.7781182370967,4.009,-7.47861013884105));
#1472=CARTESIAN_POINT('',(13.7781182370967,4.051,-7.47861013884105));
#1473=CARTESIAN_POINT('',(13.7781182370967,4.009,-7.56984728872806));
#1474=CARTESIAN_POINT('',(13.7781182370967,4.051,-7.56984728872806));
#1475=CARTESIAN_POINT('',(13.7571044667938,4.009,-7.62910440669591));
#1476=CARTESIAN_POINT('',(13.7571044667938,4.051,-7.62910440669591));
#1477=CARTESIAN_POINT('',(13.6728301844092,4.009,-7.75264291768741));
#1478=CARTESIAN_POINT('',(13.6728301844092,4.051,-7.75264291768741));
#1479=CARTESIAN_POINT('',(13.610485660362,4.009,-7.80452428766424));
#1480=CARTESIAN_POINT('',(13.610485660362,4.051,-7.80452428766424));
#1481=CARTESIAN_POINT('',(13.4450486156199,4.009,-7.88833419161571));
#1482=CARTESIAN_POINT('',(13.4450486156199,4.051,-7.88833419161571));
#1483=CARTESIAN_POINT('',(13.3492462886416,4.009,-7.90892968598856));
#1484=CARTESIAN_POINT('',(13.3492462886416,4.051,-7.90892968598856));
#1485=CARTESIAN_POINT('',(13.1276465290835,4.009,-7.90892968598856));
#1486=CARTESIAN_POINT('',(13.1276465290835,4.051,-7.90892968598856));
#1487=CARTESIAN_POINT('',(13.0268759487672,4.009,-7.88776642957147));
#1488=CARTESIAN_POINT('',(13.0268759487672,4.051,-7.88776642957147));
#1489=CARTESIAN_POINT('',(12.8499877491812,4.009,-7.80490956761037));
#1490=CARTESIAN_POINT('',(12.8499877491812,4.051,-7.80490956761037));
#1491=CARTESIAN_POINT('',(12.7751882908209,4.009,-7.74244540217411));
#1492=CARTESIAN_POINT('',(12.7751882908209,4.051,-7.74244540217411));
#1493=CARTESIAN_POINT('',(12.6510160117581,4.009,-7.57878288588194));
#1494=CARTESIAN_POINT('',(12.6510160117581,4.051,-7.57878288588194));
#1495=CARTESIAN_POINT('',(12.6032574428879,4.009,-7.47531807673172));
#1496=CARTESIAN_POINT('',(12.6032574428879,4.051,-7.47531807673172));
#1497=CARTESIAN_POINT('',(12.5373506178469,4.009,-7.2260619455971));
#1498=CARTESIAN_POINT('',(12.5373506178469,4.051,-7.2260619455971));
#1499=CARTESIAN_POINT('',(12.5206351187423,4.009,-7.08497356948316));
#1500=CARTESIAN_POINT('',(12.5206351187423,4.051,-7.08497356948316));
#1501=CARTESIAN_POINT('',(12.5206351187423,4.009,-6.73272292378536));
#1502=CARTESIAN_POINT('',(12.5206351187423,4.051,-6.73272292378536));
#1503=CARTESIAN_POINT('',(12.5478575029983,4.009,-6.5690604074932));
#1504=CARTESIAN_POINT('',(12.5478575029983,4.051,-6.5690604074932));
#1505=CARTESIAN_POINT('',(12.6575376597977,4.009,-6.30045488879834));
#1506=CARTESIAN_POINT('',(12.6575376597977,4.051,-6.30045488879834));
#1507=CARTESIAN_POINT('',(12.7369814357246,4.009,-6.19893856748763));
#1508=CARTESIAN_POINT('',(12.7369814357246,4.051,-6.19893856748763));
#1509=CARTESIAN_POINT('',(12.9444700970882,4.009,-6.06241069801654));
#1510=CARTESIAN_POINT('',(12.9444700970882,4.051,-6.06241069801654));
#1511=CARTESIAN_POINT('',(13.0669931466182,4.009,-6.02775133780272));
#1512=CARTESIAN_POINT('',(13.0669931466182,4.051,-6.02775133780272));
#1513=CARTESIAN_POINT('',(13.3339635466031,4.009,-6.02775133780272));
#1514=CARTESIAN_POINT('',(13.3339635466031,4.051,-6.02775133780272));
#1515=CARTESIAN_POINT('',(13.4447634263821,4.009,-6.05455812926437));
#1516=CARTESIAN_POINT('',(13.4447634263821,4.051,-6.05455812926437));
#1517=CARTESIAN_POINT('',(13.6411621853457,4.009,-6.16252438368801));
#1518=CARTESIAN_POINT('',(13.6411621853457,4.051,-6.16252438368801));
#1519=CARTESIAN_POINT('',(13.7174648546314,4.009,-6.23750272362544));
#1520=CARTESIAN_POINT('',(13.7174648546314,4.051,-6.23750272362544));
#1521=CARTESIAN_POINT('',(13.8271074129356,4.009,-6.42996865117526));
#1522=CARTESIAN_POINT('',(13.8271074129356,4.051,-6.42996865117526));
#1523=CARTESIAN_POINT('',(13.8545319472891,4.009,-6.53708037557404));
#1524=CARTESIAN_POINT('',(13.8545319472891,4.051,-6.53708037557404));
#1525=CARTESIAN_POINT('',(13.8545319472891,4.009,-6.73601498589469));
#1526=CARTESIAN_POINT('',(13.8545319472891,4.051,-6.73601498589469));
#1527=CARTESIAN_POINT('',(13.8406819623168,4.009,-6.81361359275735));
#1528=CARTESIAN_POINT('',(13.8406819623168,4.051,-6.81361359275735));
#1529=CARTESIAN_POINT('',(13.7844819722952,4.009,-6.96275561484896));
#1530=CARTESIAN_POINT('',(13.7844819722952,4.051,-6.96275561484896));
#1531=CARTESIAN_POINT('',(13.7446872388875,4.009,-7.02712733527645));
#1532=CARTESIAN_POINT('',(13.7446872388875,4.051,-7.02712733527645));
#1533=CARTESIAN_POINT('',(13.6935855701963,4.009,-7.08215180196088));
#1534=CARTESIAN_POINT('',(13.6935855701963,4.051,-7.08215180196088));
#1535=SURFACE_SIDE_STYLE('',(#3155));
#1536=EDGE_LOOP('',(#3156,#3157,#3158,#3159));
#1537=CARTESIAN_POINT('',(13.6935855701963,4.00848476564307,-7.08215180196088));
#1538=CARTESIAN_POINT('',(13.6935855701963,4.05151523435692,-7.08215180196088));
#1539=CARTESIAN_POINT('',(13.6420063158164,4.00848476564307,-7.13670597405827));
#1540=CARTESIAN_POINT('',(13.6420063158164,4.05151523435692,-7.13670597405827));
#1541=CARTESIAN_POINT('',(13.5823081047285,4.00848476564307,-7.17903248689245));
#1542=CARTESIAN_POINT('',(13.5823081047285,4.05151523435692,-7.17903248689245));
#1543=CARTESIAN_POINT('',(13.4451660258166,4.00848476564307,-7.23811615662177));
#1544=CARTESIAN_POINT('',(13.4451660258166,4.05151523435692,-7.23811615662177));
#1545=CARTESIAN_POINT('',(13.3707376446332,4.00848476564308,-7.25333903164579));
#1546=CARTESIAN_POINT('',(13.3707376446332,4.05151523435693,-7.25333903164579));
#1547=CARTESIAN_POINT('',(13.2059705820308,4.00848476564308,-7.25333903164579));
#1548=CARTESIAN_POINT('',(13.2059705820308,4.05151523435693,-7.25333903164579));
#1549=CARTESIAN_POINT('',(13.130034457527,4.00848476564307,-7.23687872109917));
#1550=CARTESIAN_POINT('',(13.130034457527,4.05151523435692,-7.23687872109917));
#1551=CARTESIAN_POINT('',(13.0622172897312,4.00848476564307,-7.20442839459296));
#1552=CARTESIAN_POINT('',(13.0622172897312,4.05151523435692,-7.20442839459296));
#1553=SURFACE_SIDE_STYLE('',(#3160));
#1554=EDGE_LOOP('',(#3161,#3162,#3163,#3164));
#1555=CARTESIAN_POINT('',(13.0622172897312,4.00557826836978,-7.20442839459296));
#1556=CARTESIAN_POINT('',(13.0622172897312,4.05442173163022,-7.20442839459296));
#1557=CARTESIAN_POINT('',(12.9944001219354,4.00557826836978,-7.17150777349971));
#1558=CARTESIAN_POINT('',(12.9944001219354,4.05442173163022,-7.17150777349971));
#1559=CARTESIAN_POINT('',(12.9313588110267,4.00557826836978,-7.12165654727278));
#1560=CARTESIAN_POINT('',(12.9313588110267,4.05442173163022,-7.12165654727278));
#1561=CARTESIAN_POINT('',(12.8735709426936,4.00557826836978,-7.05393412673809));
#1562=CARTESIAN_POINT('',(12.8735709426936,4.05442173163022,-7.05393412673809));
#1563=SURFACE_SIDE_STYLE('',(#3165));
#1564=EDGE_LOOP('',(#3166,#3167,#3168,#3169));
#1565=CARTESIAN_POINT('',(13.4304358557211,4.009,-6.37812080515233));
#1566=CARTESIAN_POINT('',(13.4304358557211,4.051,-6.37812080515233));
#1567=CARTESIAN_POINT('',(13.3745583301428,4.009,-6.3089875008565));
#1568=CARTESIAN_POINT('',(13.3745583301428,4.051,-6.3089875008565));
#1569=CARTESIAN_POINT('',(13.3033980625261,4.009,-6.27465599600211));
#1570=CARTESIAN_POINT('',(13.3033980625261,4.051,-6.27465599600211));
#1571=CARTESIAN_POINT('',(13.1276465290835,4.009,-6.27465599600211));
#1572=CARTESIAN_POINT('',(13.1276465290835,4.051,-6.27465599600211));
#1573=CARTESIAN_POINT('',(13.0526655759572,4.009,-6.31227956296583));
#1574=CARTESIAN_POINT('',(13.0526655759572,4.051,-6.31227956296583));
#1575=CARTESIAN_POINT('',(12.9340412025733,4.009,-6.46300651072952));
#1576=CARTESIAN_POINT('',(12.9340412025733,4.051,-6.46300651072952));
#1577=CARTESIAN_POINT('',(12.9041364267706,4.009,-6.55683274822999));
#1578=CARTESIAN_POINT('',(12.9041364267706,4.051,-6.55683274822999));
#1579=CARTESIAN_POINT('',(12.9041364267706,4.009,-6.74024763717811));
#1580=CARTESIAN_POINT('',(12.9041364267706,4.051,-6.74024763717811));
#1581=CARTESIAN_POINT('',(12.9189415831204,4.009,-6.80138593349415));
#1582=CARTESIAN_POINT('',(12.9189415831204,4.051,-6.80138593349415));
#1583=CARTESIAN_POINT('',(12.9772070371421,4.009,-6.90579133181846));
#1584=CARTESIAN_POINT('',(12.9772070371421,4.051,-6.90579133181846));
#1585=CARTESIAN_POINT('',(13.0158914779271,4.009,-6.94576637171741));
#1586=CARTESIAN_POINT('',(13.0158914779271,4.051,-6.94576637171741));
#1587=CARTESIAN_POINT('',(13.1120053882575,4.009,-7.00105496755824));
#1588=CARTESIAN_POINT('',(13.1120053882575,4.051,-7.00105496755824));
#1589=CARTESIAN_POINT('',(13.1625102843588,4.009,-7.01489967601324));
#1590=CARTESIAN_POINT('',(13.1625102843588,4.051,-7.01489967601324));
#1591=CARTESIAN_POINT('',(13.2704446500056,4.009,-7.01489967601324));
#1592=CARTESIAN_POINT('',(13.2704446500056,4.051,-7.01489967601324));
#1593=CARTESIAN_POINT('',(13.3210687330081,4.009,-7.0003205438148));
#1594=CARTESIAN_POINT('',(13.3210687330081,4.051,-7.0003205438148));
#1595=CARTESIAN_POINT('',(13.4129778995071,4.009,-6.94281150546884));
#1596=CARTESIAN_POINT('',(13.4129778995071,4.051,-6.94281150546884));
#1597=CARTESIAN_POINT('',(13.4485841118918,4.009,-6.901088385948));
#1598=CARTESIAN_POINT('',(13.4485841118918,4.051,-6.901088385948));
#1599=CARTESIAN_POINT('',(13.5009358440504,4.009,-6.79142215849783));
#1600=CARTESIAN_POINT('',(13.5009358440504,4.051,-6.79142215849783));
#1601=CARTESIAN_POINT('',(13.5144909369328,4.009,-6.72566850497967));
#1602=CARTESIAN_POINT('',(13.5144909369328,4.051,-6.72566850497967));
#1603=CARTESIAN_POINT('',(13.5144909369328,4.009,-6.53755067016108));
#1604=CARTESIAN_POINT('',(13.5144909369328,4.051,-6.53755067016108));
#1605=CARTESIAN_POINT('',(13.4863133812993,4.009,-6.44725410944816));
#1606=CARTESIAN_POINT('',(13.4863133812993,4.051,-6.44725410944816));
#1607=CARTESIAN_POINT('',(13.4304358557211,4.009,-6.37812080515233));
#1608=CARTESIAN_POINT('',(13.4304358557211,4.051,-6.37812080515233));
#1609=SURFACE_SIDE_STYLE('',(#3170));
#1610=EDGE_LOOP('',(#3171,#3172,#3173,#3174));
#1611=CARTESIAN_POINT('',(12.8735709426936,4.00691784188733,-7.05393412673809));
#1612=CARTESIAN_POINT('',(12.8735709426936,4.05308215811267,-7.05393412673809));
#1613=CARTESIAN_POINT('',(12.8845554135338,4.00691784188733,-7.28108641228153));
#1614=CARTESIAN_POINT('',(12.8845554135338,4.05308215811267,-7.28108641228153));
#1615=CARTESIAN_POINT('',(12.9213295115639,4.00691784188733,-7.43910539352914));
#1616=CARTESIAN_POINT('',(12.9213295115639,4.05308215811267,-7.43910539352914));
#1617=CARTESIAN_POINT('',(12.9829380654066,4.00691784188733,-7.52799107048092));
#1618=CARTESIAN_POINT('',(12.9829380654066,4.05308215811267,-7.52799107048092));
#1619=SURFACE_SIDE_STYLE('',(#3175));
#1620=EDGE_LOOP('',(#3176,#3177,#3178,#3179));
#1621=CARTESIAN_POINT('',(12.9829380654066,4.00755444753977,-7.52799107048092));
#1622=CARTESIAN_POINT('',(12.9829380654066,4.05244555246023,-7.52799107048092));
#1623=CARTESIAN_POINT('',(13.0135035494835,4.00755444753977,-7.5712581724892));
#1624=CARTESIAN_POINT('',(13.0135035494835,4.05244555246023,-7.5712581724892));
#1625=CARTESIAN_POINT('',(13.0512328188911,4.00755444753977,-7.60558967734359));
#1626=CARTESIAN_POINT('',(13.0512328188911,4.05244555246023,-7.60558967734359));
#1627=CARTESIAN_POINT('',(13.1404571805726,4.00755444753977,-7.65699841755295));
#1628=CARTESIAN_POINT('',(13.1404571805726,4.05244555246023,-7.65699841755295));
#1629=CARTESIAN_POINT('',(13.1854343974165,4.00755444753977,-7.66954974118191));
#1630=CARTESIAN_POINT('',(13.1854343974165,4.05244555246023,-7.66954974118191));
#1631=CARTESIAN_POINT('',(13.2862049777328,4.00755444753977,-7.66954974118191));
#1632=CARTESIAN_POINT('',(13.2862049777328,4.05244555246023,-7.66954974118191));
#1633=CARTESIAN_POINT('',(13.3358738893579,4.00755444753977,-7.65403001980938));
#1634=CARTESIAN_POINT('',(13.3358738893579,4.05244555246023,-7.65403001980938));
#1635=CARTESIAN_POINT('',(13.3783790156525,4.00755444753977,-7.6239311662384));
#1636=CARTESIAN_POINT('',(13.3783790156525,4.05244555246023,-7.6239311662384));
#1637=SURFACE_SIDE_STYLE('',(#3180));
#1638=EDGE_LOOP('',(#3181,#3182,#3183,#3184));
#1639=CARTESIAN_POINT('',(13.3783790156525,4.00617494347774,-7.6239311662384));
#1640=CARTESIAN_POINT('',(13.3783790156525,4.05382505652226,-7.6239311662384));
#1641=CARTESIAN_POINT('',(13.4204065562583,4.00617494347774,-7.59336201808038));
#1642=CARTESIAN_POINT('',(13.4204065562583,4.05382505652226,-7.59336201808038));
#1643=CARTESIAN_POINT('',(13.451449626024,4.00617494347774,-7.55291668359439));
#1644=CARTESIAN_POINT('',(13.451449626024,4.05382505652226,-7.55291668359439));
#1645=CARTESIAN_POINT('',(13.4861697278344,4.00617494347774,-7.46368900651829));
#1646=CARTESIAN_POINT('',(13.4861697278344,4.05382505652226,-7.46368900651829));
#1647=CARTESIAN_POINT('',(13.5082823229796,4.00617494347774,-7.43299156389754));
#1648=CARTESIAN_POINT('',(13.5082823229796,4.05382505652226,-7.43299156389754));
#1649=CARTESIAN_POINT('',(13.5388478070566,4.00617494347774,-7.41041742371931));
#1650=CARTESIAN_POINT('',(13.5388478070566,4.05382505652226,-7.41041742371931));
#1651=SURFACE_SIDE_STYLE('',(#3185));
#1652=EDGE_LOOP('',(#3186,#3187,#3188,#3189,#3190,#3191));
#1653=EDGE_LOOP('',(#3192,#3193));
#1654=AXIS2_PLACEMENT_3D('',#3194,#3195,#3196);
#1655=SURFACE_SIDE_STYLE('',(#3197));
#1656=EDGE_LOOP('',(#3198,#3199,#3200,#3201));
#1657=CARTESIAN_POINT('',(9.50706942302772,4.00725156124617,-7.16962659515152));
#1658=CARTESIAN_POINT('',(9.50706942302772,4.05274843875383,-7.16962659515152));
#1659=CARTESIAN_POINT('',(9.53476939297249,4.00725156124617,-7.14187921451578));
#1660=CARTESIAN_POINT('',(9.53476939297249,4.05274843875383,-7.14187921451578));
#1661=CARTESIAN_POINT('',(9.56629004842687,4.00725156124617,-7.12777037690439));
#1662=CARTESIAN_POINT('',(9.56629004842687,4.05274843875383,-7.12777037690439));
#1663=CARTESIAN_POINT('',(9.67708992820591,4.00725156124617,-7.12777037690439));
#1664=CARTESIAN_POINT('',(9.67708992820591,4.05274843875383,-7.12777037690439));
#1665=CARTESIAN_POINT('',(9.82227597757156,4.00725156124617,-7.20913134046343));
#1666=CARTESIAN_POINT('',(9.82227597757156,4.05274843875383,-7.20913134046343));
#1667=CARTESIAN_POINT('',(10.0376671231765,4.00725156124617,-7.37232356216855));
#1668=CARTESIAN_POINT('',(10.0376671231765,4.05274843875383,-7.37232356216855));
#1669=SURFACE_SIDE_STYLE('',(#3202));
#1670=EDGE_LOOP('',(#3203,#3204,#3205,#3206));
#1671=CARTESIAN_POINT('',(10.0376671231765,4.009,-7.37232356216855));
#1672=CARTESIAN_POINT('',(10.0376671231765,4.051,-7.37232356216855));
#1673=CARTESIAN_POINT('',(10.0376671231765,4.009,-6.99185524124796));
#1674=CARTESIAN_POINT('',(10.0376671231765,4.051,-6.99185524124796));
#1675=CARTESIAN_POINT('',(10.0376671231765,4.009,-6.61138692032738));
#1676=CARTESIAN_POINT('',(10.0376671231765,4.051,-6.61138692032738));
#1677=CARTESIAN_POINT('',(10.0376671231765,4.009,-6.16413676804619));
#1678=CARTESIAN_POINT('',(10.0376671231765,4.051,-6.16413676804619));
#1679=CARTESIAN_POINT('',(10.0534274509037,4.009,-6.11334495264518));
#1680=CARTESIAN_POINT('',(10.0534274509037,4.051,-6.11334495264518));
#1681=CARTESIAN_POINT('',(10.1164687618125,4.009,-6.04468194293639));
#1682=CARTESIAN_POINT('',(10.1164687618125,4.051,-6.04468194293639));
#1683=CARTESIAN_POINT('',(10.1580187167296,4.009,-6.02775133780272));
#1684=CARTESIAN_POINT('',(10.1580187167296,4.051,-6.02775133780272));
#1685=CARTESIAN_POINT('',(10.326128879153,4.009,-6.02775133780272));
#1686=CARTESIAN_POINT('',(10.326128879153,4.051,-6.02775133780272));
#1687=CARTESIAN_POINT('',(10.3843943331747,4.009,-6.11193406888404));
#1688=CARTESIAN_POINT('',(10.3843943331747,4.051,-6.11193406888404));
#1689=CARTESIAN_POINT('',(10.3843943331747,4.009,-6.75843236121057));
#1690=CARTESIAN_POINT('',(10.3843943331747,4.051,-6.75843236121057));
#1691=CARTESIAN_POINT('',(10.3843943331747,4.009,-7.23703548596152));
#1692=CARTESIAN_POINT('',(10.3843943331747,4.051,-7.23703548596152));
#1693=CARTESIAN_POINT('',(10.3843943331747,4.009,-7.77583631785441));
#1694=CARTESIAN_POINT('',(10.3843943331747,4.051,-7.77583631785441));
#1695=CARTESIAN_POINT('',(10.3710219338911,4.009,-7.8233360711461));
#1696=CARTESIAN_POINT('',(10.3710219338911,4.051,-7.8233360711461));
#1697=CARTESIAN_POINT('',(10.3168055115334,4.009,-7.89171110214457));
#1698=CARTESIAN_POINT('',(10.3168055115334,4.051,-7.89171110214457));
#1699=CARTESIAN_POINT('',(10.2802806530375,4.009,-7.90892968598856));
#1700=CARTESIAN_POINT('',(10.2802806530375,4.051,-7.90892968598856));
#1701=CARTESIAN_POINT('',(10.1952704004484,4.009,-7.90892968598856));
#1702=CARTESIAN_POINT('',(10.1952704004484,4.051,-7.90892968598856));
#1703=CARTESIAN_POINT('',(10.1680480161924,4.009,-7.90140497259581));
#1704=CARTESIAN_POINT('',(10.1680480161924,4.051,-7.90140497259581));
#1705=CARTESIAN_POINT('',(10.1393928748702,4.009,-7.87130611902484));
#1706=CARTESIAN_POINT('',(10.1393928748702,4.051,-7.87130611902484));
#1707=CARTESIAN_POINT('',(10.1083498051045,4.009,-7.83133107912589));
#1708=CARTESIAN_POINT('',(10.1083498051045,4.051,-7.83133107912589));
#1709=CARTESIAN_POINT('',(10.012832667364,4.009,-7.70058918392697));
#1710=CARTESIAN_POINT('',(10.012832667364,4.051,-7.70058918392697));
#1711=CARTESIAN_POINT('',(9.95838789885185,4.009,-7.64180236054617));
#1712=CARTESIAN_POINT('',(9.95838789885185,4.051,-7.64180236054617));
#1713=CARTESIAN_POINT('',(9.83517079116653,4.009,-7.53645637304776));
#1714=CARTESIAN_POINT('',(9.83517079116653,4.051,-7.53645637304776));
#1715=CARTESIAN_POINT('',(9.75350363839836,4.009,-7.48613485223379));
#1716=CARTESIAN_POINT('',(9.75350363839836,4.051,-7.48613485223379));
#1717=CARTESIAN_POINT('',(9.58163222479414,4.009,-7.40699596352511));
#1718=CARTESIAN_POINT('',(9.58163222479414,4.051,-7.40699596352511));
#1719=CARTESIAN_POINT('',(9.53381422159508,4.009,-7.38078886473538));
#1720=CARTESIAN_POINT('',(9.53381422159508,4.051,-7.38078886473538));
#1721=CARTESIAN_POINT('',(9.50659183733902,4.009,-7.36103649207943));
#1722=CARTESIAN_POINT('',(9.50659183733902,4.051,-7.36103649207943));
#1723=SURFACE_SIDE_STYLE('',(#3207));
#1724=EDGE_LOOP('',(#3208,#3209,#3210,#3211));
#1725=CARTESIAN_POINT('',(9.50659183733902,4.00473424899141,-7.36103649207943));
#1726=CARTESIAN_POINT('',(9.50659183733902,4.05526575100859,-7.36103649207943));
#1727=CARTESIAN_POINT('',(9.47936945308296,4.00473424899141,-7.34081382483643));
#1728=CARTESIAN_POINT('',(9.47936945308296,4.05526575100859,-7.34081382483643));
#1729=CARTESIAN_POINT('',(9.46599705379928,4.00473424899141,-7.30930408750432));
#1730=CARTESIAN_POINT('',(9.46599705379928,4.05526575100859,-7.30930408750432));
#1731=CARTESIAN_POINT('',(9.46599705379928,4.00473424899141,-7.23029459688052));
#1732=CARTESIAN_POINT('',(9.46599705379928,4.05526575100859,-7.23029459688052));
#1733=CARTESIAN_POINT('',(9.47984703877167,4.00473424899141,-7.19784427037431));
#1734=CARTESIAN_POINT('',(9.47984703877167,4.05526575100859,-7.19784427037431));
#1735=CARTESIAN_POINT('',(9.50706942302772,4.00473424899141,-7.16962659515152));
#1736=CARTESIAN_POINT('',(9.50706942302772,4.05526575100859,-7.16962659515152));
#1737=SURFACE_SIDE_STYLE('',(#3212));
#1738=EDGE_LOOP('',(#3213,#3214,#3215));
#1739=AXIS2_PLACEMENT_3D('',#3216,#3217,#3218);
#1740=SURFACE_SIDE_STYLE('',(#3219));
#1741=EDGE_LOOP('',(#3220,#3221,#3222,#3223));
#1742=CARTESIAN_POINT('',(8.15884502381978,3.99907613845847,-7.27826464475925));
#1743=CARTESIAN_POINT('',(8.15884502381978,4.06092386154153,-7.27826464475925));
#1744=CARTESIAN_POINT('',(8.18415706532102,3.99907613845847,-7.30836349833023));
#1745=CARTESIAN_POINT('',(8.18415706532102,4.06092386154153,-7.30836349833023));
#1746=CARTESIAN_POINT('',(8.20660359269005,3.99907613845847,-7.35116030575146));
#1747=CARTESIAN_POINT('',(8.20660359269005,4.06092386154153,-7.35116030575146));
#1748=CARTESIAN_POINT('',(8.24596454762406,3.99907613845847,-7.46365898060988));
#1749=CARTESIAN_POINT('',(8.24596454762406,4.06092386154153,-7.46365898060988));
#1750=CARTESIAN_POINT('',(8.26057077551347,3.99907613845847,-7.49742192232291));
#1751=CARTESIAN_POINT('',(8.26057077551347,4.06092386154153,-7.49742192232291));
#1752=CARTESIAN_POINT('',(8.26916731791012,3.99907613845847,-7.51011987617316));
#1753=CARTESIAN_POINT('',(8.26916731791012,4.06092386154153,-7.51011987617316));
#1754=SURFACE_SIDE_STYLE('',(#3224));
#1755=EDGE_LOOP('',(#3225,#3226,#3227,#3228));
#1756=CARTESIAN_POINT('',(8.26916731791012,4.009,-7.51011987617316));
#1757=CARTESIAN_POINT('',(8.26916731791012,4.051,-7.51011987617316));
#1758=CARTESIAN_POINT('',(8.33268621450759,4.009,-7.60653026651768));
#1759=CARTESIAN_POINT('',(8.33268621450759,4.051,-7.60653026651768));
#1760=CARTESIAN_POINT('',(8.4200843955402,4.009,-7.65450031439642));
#1761=CARTESIAN_POINT('',(8.4200843955402,4.051,-7.65450031439642));
#1762=CARTESIAN_POINT('',(8.58389628676525,4.009,-7.65450031439642));
#1763=CARTESIAN_POINT('',(8.58389628676525,4.051,-7.65450031439642));
#1764=CARTESIAN_POINT('',(8.63261002701293,4.009,-7.64274294972026));
#1765=CARTESIAN_POINT('',(8.63261002701293,4.051,-7.64274294972026));
#1766=CARTESIAN_POINT('',(8.72181442909936,4.009,-7.59551576925827));
#1767=CARTESIAN_POINT('',(8.72181442909936,4.051,-7.59551576925827));
#1768=CARTESIAN_POINT('',(8.75678230607566,4.009,-7.56326316450941));
#1769=CARTESIAN_POINT('',(8.75678230607566,4.051,-7.56326316450941));
#1770=CARTESIAN_POINT('',(8.80918481789609,4.009,-7.47882270257849));
#1771=CARTESIAN_POINT('',(8.80918481789609,4.051,-7.47882270257849));
#1772=CARTESIAN_POINT('',(8.82173395973923,4.009,-7.43064009096231));
#1773=CARTESIAN_POINT('',(8.82173395973923,4.051,-7.43064009096231));
#1774=CARTESIAN_POINT('',(8.82173395973923,4.009,-7.32811587098618));
#1775=CARTESIAN_POINT('',(8.82173395973923,4.051,-7.32811587098618));
#1776=CARTESIAN_POINT('',(8.80979431752166,4.009,-7.27732405558516));
#1777=CARTESIAN_POINT('',(8.80979431752166,4.051,-7.27732405558516));
#1778=CARTESIAN_POINT('',(8.76108057727398,4.009,-7.17479983560903));
#1779=CARTESIAN_POINT('',(8.76108057727398,4.051,-7.17479983560903));
#1780=CARTESIAN_POINT('',(8.72621682199868,4.009,-7.12447831479506));
#1781=CARTESIAN_POINT('',(8.72621682199868,4.051,-7.12447831479506));
#1782=CARTESIAN_POINT('',(8.63356519839034,4.009,-7.0266570406894));
#1783=CARTESIAN_POINT('',(8.63356519839034,4.051,-7.0266570406894));
#1784=CARTESIAN_POINT('',(8.5752997443686,4.009,-6.97774640363657));
#1785=CARTESIAN_POINT('',(8.5752997443686,4.051,-6.97774640363657));
#1786=CARTESIAN_POINT('',(8.5060498195067,4.009,-6.92930606117078));
#1787=CARTESIAN_POINT('',(8.5060498195067,4.051,-6.92930606117078));
#1788=SURFACE_SIDE_STYLE('',(#3229));
#1789=EDGE_LOOP('',(#3230,#3231,#3232,#3233));
#1790=CARTESIAN_POINT('',(8.5060498195067,4.0089125003965,-6.92930606117078));
#1791=CARTESIAN_POINT('',(8.5060498195067,4.0510874996035,-6.92930606117078));
#1792=CARTESIAN_POINT('',(8.46688779303307,4.0089125003965,-6.90343985888323));
#1793=CARTESIAN_POINT('',(8.46688779303307,4.0510874996035,-6.90343985888323));
#1794=CARTESIAN_POINT('',(8.40193613936949,4.0089125003965,-6.84935598137288));
#1795=CARTESIAN_POINT('',(8.40193613936949,4.0510874996035,-6.84935598137288));
#1796=CARTESIAN_POINT('',(8.22045357766243,4.0089125003965,-6.68475287590663));
#1797=CARTESIAN_POINT('',(8.22045357766243,4.0510874996035,-6.68475287590663));
#1798=CARTESIAN_POINT('',(8.11825024028004,4.0089125003965,-6.58599101262687));
#1799=CARTESIAN_POINT('',(8.11825024028004,4.0510874996035,-6.58599101262687));
#1800=CARTESIAN_POINT('',(7.97817985127336,4.0089125003965,-6.44221444390486));
#1801=CARTESIAN_POINT('',(7.97817985127336,4.0510874996035,-6.44221444390486));
#1802=CARTESIAN_POINT('',(7.95300559198888,4.0089125003965,-6.4030464182658));
#1803=CARTESIAN_POINT('',(7.95300559198888,4.0510874996035,-6.4030464182658));
#1804=CARTESIAN_POINT('',(7.90715736587341,4.0089125003965,-6.30334396581195));
#1805=CARTESIAN_POINT('',(7.90715736587341,4.0510874996035,-6.30334396581195));
#1806=CARTESIAN_POINT('',(7.89569530934454,4.0089125003965,-6.263368925913));
#1807=CARTESIAN_POINT('',(7.89569530934454,4.0510874996035,-6.263368925913));
#1808=CARTESIAN_POINT('',(7.89569530934454,4.0089125003965,-6.18671090822442));
#1809=CARTESIAN_POINT('',(7.89569530934454,4.0510874996035,-6.18671090822442));
#1810=CARTESIAN_POINT('',(7.91384356551525,4.0089125003965,-6.14579527915138));
#1811=CARTESIAN_POINT('',(7.91384356551525,4.0510874996035,-6.14579527915138));
#1812=CARTESIAN_POINT('',(7.9850070096125,4.0089125003965,-6.07666524447136));
#1813=CARTESIAN_POINT('',(7.9850070096125,4.0510874996035,-6.07666524447136));
#1814=CARTESIAN_POINT('',(8.03467274475705,4.0089125003965,-6.05926107513483));
#1815=CARTESIAN_POINT('',(8.03467274475705,4.0510874996035,-6.05926107513483));
#1816=CARTESIAN_POINT('',(8.41069187699571,4.0089125003965,-6.05926107513483));
#1817=CARTESIAN_POINT('',(8.41069187699571,4.0510874996035,-6.05926107513483));
#1818=CARTESIAN_POINT('',(8.72319211263689,4.0089125003965,-6.05926107513483));
#1819=CARTESIAN_POINT('',(8.72319211263689,4.0510874996035,-6.05926107513483));
#1820=CARTESIAN_POINT('',(9.09204745954501,4.0089125003965,-6.05926107513483));
#1821=CARTESIAN_POINT('',(9.09204745954501,4.0510874996035,-6.05926107513483));
#1822=CARTESIAN_POINT('',(9.13359741446215,4.0089125003965,-6.07336991274623));
#1823=CARTESIAN_POINT('',(9.13359741446215,4.0510874996035,-6.07336991274623));
#1824=CARTESIAN_POINT('',(9.18876328871794,4.0089125003965,-6.13050343810164));
#1825=CARTESIAN_POINT('',(9.18876328871794,4.0510874996035,-6.13050343810164));
#1826=CARTESIAN_POINT('',(9.20284733932405,4.0089125003965,-6.16507735722029));
#1827=CARTESIAN_POINT('',(9.20284733932405,4.0510874996035,-6.16507735722029));
#1828=CARTESIAN_POINT('',(9.20284733932405,4.0089125003965,-6.25161156123684));
#1829=CARTESIAN_POINT('',(9.20284733932405,4.0510874996035,-6.25161156123684));
#1830=CARTESIAN_POINT('',(9.18517666884205,4.0089125003965,-6.28829453902646));
#1831=CARTESIAN_POINT('',(9.18517666884205,4.0510874996035,-6.28829453902646));
#1832=CARTESIAN_POINT('',(9.11567515222531,4.0089125003965,-6.3417343548897));
#1833=CARTESIAN_POINT('',(9.11567515222531,4.0510874996035,-6.3417343548897));
#1834=CARTESIAN_POINT('',(9.06530266097765,4.0089125003965,-6.35507637038706));
#1835=CARTESIAN_POINT('',(9.06530266097765,4.0510874996035,-6.35507637038706));
#1836=CARTESIAN_POINT('',(8.99891825024797,4.0089125003965,-6.35507637038706));
#1837=CARTESIAN_POINT('',(8.99891825024797,4.0510874996035,-6.35507637038706));
#1838=SURFACE_SIDE_STYLE('',(#3234));
#1839=EDGE_LOOP('',(#3235,#3236,#3237,#3238));
#1840=AXIS2_PLACEMENT_3D('',#3239,#3240,#3241);
#1841=SURFACE_SIDE_STYLE('',(#3242));
#1842=EDGE_LOOP('',(#3243,#3244,#3245,#3246));
#1843=CARTESIAN_POINT('',(8.3341189715737,3.99907735742681,-6.35507637038706));
#1844=CARTESIAN_POINT('',(8.3341189715737,4.06092264257319,-6.35507637038706));
#1845=CARTESIAN_POINT('',(8.35561032756532,3.99907735742681,-6.38658610771917));
#1846=CARTESIAN_POINT('',(8.35561032756532,4.06092264257319,-6.38658610771917));
#1847=CARTESIAN_POINT('',(8.37614651217954,3.99907735742681,-6.41386319376786));
#1848=CARTESIAN_POINT('',(8.37614651217954,4.06092264257319,-6.41386319376786));
#1849=CARTESIAN_POINT('',(8.39668269679376,3.99907735742681,-6.43643733394609));
#1850=CARTESIAN_POINT('',(8.39668269679376,4.06092264257319,-6.43643733394609));
#1851=SURFACE_SIDE_STYLE('',(#3247));
#1852=EDGE_LOOP('',(#3248,#3249,#3250,#3251));
#1853=CARTESIAN_POINT('',(8.39668269679376,4.009,-6.43643733394609));
#1854=CARTESIAN_POINT('',(8.39668269679376,4.051,-6.43643733394609));
#1855=CARTESIAN_POINT('',(8.44396367997533,4.009,-6.49334297897872));
#1856=CARTESIAN_POINT('',(8.44396367997533,4.051,-6.49334297897872));
#1857=CARTESIAN_POINT('',(8.53183944669665,4.009,-6.57329305877661));
#1858=CARTESIAN_POINT('',(8.53183944669665,4.051,-6.57329305877661));
#1859=CARTESIAN_POINT('',(8.78693039969815,4.009,-6.77933070775557));
#1860=CARTESIAN_POINT('',(8.78693039969815,4.051,-6.77933070775557));
#1861=CARTESIAN_POINT('',(8.87856665669486,4.009,-6.8545292218304));
#1862=CARTESIAN_POINT('',(8.87856665669486,4.051,-6.8545292218304));
#1863=CARTESIAN_POINT('',(8.98676833389759,4.009,-6.95070692398983));
#1864=CARTESIAN_POINT('',(8.98676833389759,4.051,-6.95070692398983));
#1865=CARTESIAN_POINT('',(9.04046820516511,4.009,-7.01678085436142));
#1866=CARTESIAN_POINT('',(9.04046820516511,4.051,-7.01678085436142));
#1867=CARTESIAN_POINT('',(9.1443727207575,4.009,-7.18668546910752));
#1868=CARTESIAN_POINT('',(9.1443727207575,4.051,-7.18668546910752));
#1869=CARTESIAN_POINT('',(9.17084909818097,4.009,-7.28108641228153));
#1870=CARTESIAN_POINT('',(9.17084909818097,4.051,-7.28108641228153));
#1871=CARTESIAN_POINT('',(9.17084909818097,4.009,-7.45086275820531));
#1872=CARTESIAN_POINT('',(9.17084909818097,4.051,-7.45086275820531));
#1873=CARTESIAN_POINT('',(9.1584318702747,4.009,-7.51435252745658));
#1874=CARTESIAN_POINT('',(9.1584318702747,4.051,-7.51435252745658));
#1875=CARTESIAN_POINT('',(9.10787620265231,4.009,-7.6374031887091));
#1876=CARTESIAN_POINT('',(9.10787620265231,4.051,-7.6374031887091));
#1877=CARTESIAN_POINT('',(9.0729440319969,4.009,-7.69165358677309));
#1878=CARTESIAN_POINT('',(9.0729440319969,4.051,-7.69165358677309));
#1879=CARTESIAN_POINT('',(8.98292236245391,4.009,-7.78501621738149));
#1880=CARTESIAN_POINT('',(8.98292236245391,4.051,-7.78501621738149));
#1881=CARTESIAN_POINT('',(8.93110108245217,4.009,-7.82192518738496));
#1882=CARTESIAN_POINT('',(8.93110108245217,4.051,-7.82192518738496));
#1883=CARTESIAN_POINT('',(8.87140287136432,4.009,-7.84873197884661));
#1884=CARTESIAN_POINT('',(8.87140287136432,4.051,-7.84873197884661));
#1885=SURFACE_SIDE_STYLE('',(#3252));
#1886=EDGE_LOOP('',(#3253,#3254,#3255,#3256));
#1887=CARTESIAN_POINT('',(8.87140287136432,4.00893116298458,-7.84873197884661));
#1888=CARTESIAN_POINT('',(8.87140287136432,4.05106883701542,-7.84873197884661));
#1889=CARTESIAN_POINT('',(8.77970641913339,4.00893116298458,-7.88870701874556));
#1890=CARTESIAN_POINT('',(8.77970641913339,4.05106883701542,-7.88870701874556));
#1891=CARTESIAN_POINT('',(8.66890653935435,4.00893116298458,-7.90892968598856));
#1892=CARTESIAN_POINT('',(8.66890653935435,4.05106883701542,-7.90892968598856));
#1893=CARTESIAN_POINT('',(8.43106886638036,4.00893116298458,-7.90892968598856));
#1894=CARTESIAN_POINT('',(8.43106886638036,4.05106883701542,-7.90892968598856));
#1895=CARTESIAN_POINT('',(8.33698448570591,4.00893116298458,-7.89340996461602));
#1896=CARTESIAN_POINT('',(8.33698448570591,4.05106883701542,-7.89340996461602));
#1897=CARTESIAN_POINT('',(8.17651569430178,4.00893116298458,-7.8303904899518));
#1898=CARTESIAN_POINT('',(8.17651569430178,4.05106883701542,-7.8303904899518));
#1899=CARTESIAN_POINT('',(8.11060886926079,4.00893116298458,-7.78947486087876));
#1900=CARTESIAN_POINT('',(8.11060886926079,4.05106883701542,-7.78947486087876));
#1901=CARTESIAN_POINT('',(8.00601974044918,4.00893116298458,-7.68741874534292));
#1902=CARTESIAN_POINT('',(8.00601974044918,4.05106883701542,-7.68741874534292));
#1903=CARTESIAN_POINT('',(7.96685557696126,4.00893116298458,-7.63051529045705));
#1904=CARTESIAN_POINT('',(7.96685557696126,4.05106883701542,-7.63051529045705));
#1905=CARTESIAN_POINT('',(7.91415316734773,4.00893116298458,-7.50501691631866));
#1906=CARTESIAN_POINT('',(7.91415316734773,4.05106883701542,-7.50501691631866));
#1907=CARTESIAN_POINT('',(7.90094875192027,4.00893116298458,-7.4447489285737));
#1908=CARTESIAN_POINT('',(7.90094875192027,4.05106883701542,-7.4447489285737));
#1909=CARTESIAN_POINT('',(7.90094875192027,4.00893116298458,-7.33940294107529));
#1910=CARTESIAN_POINT('',(7.90094875192027,4.05106883701542,-7.33940294107529));
#1911=CARTESIAN_POINT('',(7.91527632258136,4.00893116298458,-7.30177937411158));
#1912=CARTESIAN_POINT('',(7.91527632258136,4.05106883701542,-7.30177937411158));
#1913=CARTESIAN_POINT('',(7.97115384815958,4.00893116298458,-7.24675490742714));
#1914=CARTESIAN_POINT('',(7.97115384815958,4.05106883701542,-7.24675490742714));
#1915=CARTESIAN_POINT('',(8.00649518912359,4.00893116298458,-7.23311636440279));
#1916=CARTESIAN_POINT('',(8.00649518912359,4.05106883701542,-7.23311636440279));
#1917=CARTESIAN_POINT('',(8.09723646997712,4.00893116298458,-7.23311636440279));
#1918=CARTESIAN_POINT('',(8.09723646997712,4.05106883701542,-7.23311636440279));
#1919=CARTESIAN_POINT('',(8.13401056800723,4.00893116298458,-7.24816579118828));
#1920=CARTESIAN_POINT('',(8.13401056800723,4.05106883701542,-7.24816579118828));
#1921=CARTESIAN_POINT('',(8.15884502381978,4.00893116298458,-7.27826464475925));
#1922=CARTESIAN_POINT('',(8.15884502381978,4.05106883701542,-7.27826464475925));
#1923=SURFACE_SIDE_STYLE('',(#3257));
#1924=EDGE_LOOP('',(#3258,#3259,#3260,#3261,#3262,#3263,#3264));
#1925=AXIS2_PLACEMENT_3D('',#3265,#3266,#3267);
#1926=SURFACE_SIDE_STYLE('',(#3268));
#1927=EDGE_LOOP('',(#3269,#3270,#3271,#3272));
#1928=CARTESIAN_POINT('',(11.0568349828682,4.00725156124617,-7.16962659515152));
#1929=CARTESIAN_POINT('',(11.0568349828682,4.05274843875383,-7.16962659515152));
#1930=CARTESIAN_POINT('',(11.084534952813,4.00725156124617,-7.14187921451578));
#1931=CARTESIAN_POINT('',(11.084534952813,4.05274843875383,-7.14187921451578));
#1932=CARTESIAN_POINT('',(11.1160556082674,4.00725156124617,-7.12777037690439));
#1933=CARTESIAN_POINT('',(11.1160556082674,4.05274843875383,-7.12777037690439));
#1934=CARTESIAN_POINT('',(11.2268554880464,4.00725156124617,-7.12777037690439));
#1935=CARTESIAN_POINT('',(11.2268554880464,4.05274843875383,-7.12777037690439));
#1936=CARTESIAN_POINT('',(11.3720415374121,4.00725156124617,-7.20913134046343));
#1937=CARTESIAN_POINT('',(11.3720415374121,4.05274843875383,-7.20913134046343));
#1938=CARTESIAN_POINT('',(11.587432683017,4.00725156124617,-7.37232356216855));
#1939=CARTESIAN_POINT('',(11.587432683017,4.05274843875383,-7.37232356216855));
#1940=SURFACE_SIDE_STYLE('',(#3273));
#1941=EDGE_LOOP('',(#3274,#3275,#3276,#3277));
#1942=CARTESIAN_POINT('',(11.587432683017,4.009,-7.37232356216855));
#1943=CARTESIAN_POINT('',(11.587432683017,4.051,-7.37232356216855));
#1944=CARTESIAN_POINT('',(11.587432683017,4.009,-6.99185524124796));
#1945=CARTESIAN_POINT('',(11.587432683017,4.051,-6.99185524124796));
#1946=CARTESIAN_POINT('',(11.587432683017,4.009,-6.61138692032738));
#1947=CARTESIAN_POINT('',(11.587432683017,4.051,-6.61138692032738));
#1948=CARTESIAN_POINT('',(11.587432683017,4.009,-6.16413676804619));
#1949=CARTESIAN_POINT('',(11.587432683017,4.051,-6.16413676804619));
#1950=CARTESIAN_POINT('',(11.6031930107442,4.009,-6.11334495264518));
#1951=CARTESIAN_POINT('',(11.6031930107442,4.051,-6.11334495264518));
#1952=CARTESIAN_POINT('',(11.666234321653,4.009,-6.04468194293639));
#1953=CARTESIAN_POINT('',(11.666234321653,4.051,-6.04468194293639));
#1954=CARTESIAN_POINT('',(11.7077842765701,4.009,-6.02775133780272));
#1955=CARTESIAN_POINT('',(11.7077842765701,4.051,-6.02775133780272));
#1956=CARTESIAN_POINT('',(11.8758944389935,4.009,-6.02775133780272));
#1957=CARTESIAN_POINT('',(11.8758944389935,4.051,-6.02775133780272));
#1958=CARTESIAN_POINT('',(11.9341598930153,4.009,-6.11193406888404));
#1959=CARTESIAN_POINT('',(11.9341598930153,4.051,-6.11193406888404));
#1960=CARTESIAN_POINT('',(11.9341598930153,4.009,-6.75843236121057));
#1961=CARTESIAN_POINT('',(11.9341598930153,4.051,-6.75843236121057));
#1962=CARTESIAN_POINT('',(11.9341598930153,4.009,-7.23703548596152));
#1963=CARTESIAN_POINT('',(11.9341598930153,4.051,-7.23703548596152));
#1964=CARTESIAN_POINT('',(11.9341598930153,4.009,-7.77583631785441));
#1965=CARTESIAN_POINT('',(11.9341598930153,4.051,-7.77583631785441));
#1966=CARTESIAN_POINT('',(11.9207874937316,4.009,-7.8233360711461));
#1967=CARTESIAN_POINT('',(11.9207874937316,4.051,-7.8233360711461));
#1968=CARTESIAN_POINT('',(11.8665710713739,4.009,-7.89171110214457));
#1969=CARTESIAN_POINT('',(11.8665710713739,4.051,-7.89171110214457));
#1970=CARTESIAN_POINT('',(11.830046212878,4.009,-7.90892968598856));
#1971=CARTESIAN_POINT('',(11.830046212878,4.051,-7.90892968598856));
#1972=CARTESIAN_POINT('',(11.745035960289,4.009,-7.90892968598856));
#1973=CARTESIAN_POINT('',(11.745035960289,4.051,-7.90892968598856));
#1974=CARTESIAN_POINT('',(11.7178135760329,4.009,-7.90140497259581));
#1975=CARTESIAN_POINT('',(11.7178135760329,4.051,-7.90140497259581));
#1976=CARTESIAN_POINT('',(11.6891584347107,4.009,-7.87130611902484));
#1977=CARTESIAN_POINT('',(11.6891584347107,4.051,-7.87130611902484));
#1978=CARTESIAN_POINT('',(11.658115364945,4.009,-7.83133107912589));
#1979=CARTESIAN_POINT('',(11.658115364945,4.051,-7.83133107912589));
#1980=CARTESIAN_POINT('',(11.5625982272045,4.009,-7.70058918392697));
#1981=CARTESIAN_POINT('',(11.5625982272045,4.051,-7.70058918392697));
#1982=CARTESIAN_POINT('',(11.5081534586924,4.009,-7.64180236054617));
#1983=CARTESIAN_POINT('',(11.5081534586924,4.051,-7.64180236054617));
#1984=CARTESIAN_POINT('',(11.3849363510071,4.009,-7.53645637304776));
#1985=CARTESIAN_POINT('',(11.3849363510071,4.051,-7.53645637304776));
#1986=CARTESIAN_POINT('',(11.3032691982389,4.009,-7.48613485223379));
#1987=CARTESIAN_POINT('',(11.3032691982389,4.051,-7.48613485223379));
#1988=CARTESIAN_POINT('',(11.1313977846347,4.009,-7.40699596352511));
#1989=CARTESIAN_POINT('',(11.1313977846347,4.051,-7.40699596352511));
#1990=CARTESIAN_POINT('',(11.0835797814356,4.009,-7.38078886473538));
#1991=CARTESIAN_POINT('',(11.0835797814356,4.051,-7.38078886473538));
#1992=CARTESIAN_POINT('',(11.0563573971795,4.009,-7.36103649207943));
#1993=CARTESIAN_POINT('',(11.0563573971795,4.051,-7.36103649207943));
#1994=SURFACE_SIDE_STYLE('',(#3278));
#1995=EDGE_LOOP('',(#3279,#3280,#3281,#3282));
#1996=CARTESIAN_POINT('',(11.0563573971795,4.0047342489914,-7.36103649207943));
#1997=CARTESIAN_POINT('',(11.0563573971795,4.0552657510086,-7.36103649207943));
#1998=CARTESIAN_POINT('',(11.0291350129235,4.0047342489914,-7.34081382483643));
#1999=CARTESIAN_POINT('',(11.0291350129235,4.0552657510086,-7.34081382483643));
#2000=CARTESIAN_POINT('',(11.0157626136398,4.0047342489914,-7.30930408750432));
#2001=CARTESIAN_POINT('',(11.0157626136398,4.0552657510086,-7.30930408750432));
#2002=CARTESIAN_POINT('',(11.0157626136398,4.0047342489914,-7.23029459688052));
#2003=CARTESIAN_POINT('',(11.0157626136398,4.0552657510086,-7.23029459688052));
#2004=CARTESIAN_POINT('',(11.0296125986122,4.0047342489914,-7.19784427037431));
#2005=CARTESIAN_POINT('',(11.0296125986122,4.0552657510086,-7.19784427037431));
#2006=CARTESIAN_POINT('',(11.0568349828682,4.0047342489914,-7.16962659515152));
#2007=CARTESIAN_POINT('',(11.0568349828682,4.0552657510086,-7.16962659515152));
#2008=SURFACE_SIDE_STYLE('',(#3283));
#2009=EDGE_LOOP('',(#3284,#3285,#3286));
#2010=AXIS2_PLACEMENT_3D('',#3287,#3288,#3289);
#2011=SURFACE_SIDE_STYLE('',(#3290));
#2012=EDGE_LOOP('',(#3291,#3292,#3293,#3294));
#2013=CARTESIAN_POINT('',(14.3579072631819,3.99907613845845,-7.27826464475925));
#2014=CARTESIAN_POINT('',(14.3579072631819,4.06092386154155,-7.27826464475925));
#2015=CARTESIAN_POINT('',(14.3832193046831,3.99907613845845,-7.30836349833023));
#2016=CARTESIAN_POINT('',(14.3832193046831,4.06092386154155,-7.30836349833023));
#2017=CARTESIAN_POINT('',(14.4056658320521,3.99907613845845,-7.35116030575146));
#2018=CARTESIAN_POINT('',(14.4056658320521,4.06092386154155,-7.35116030575146));
#2019=CARTESIAN_POINT('',(14.4450267869861,3.99907613845845,-7.46365898060988));
#2020=CARTESIAN_POINT('',(14.4450267869861,4.06092386154155,-7.46365898060988));
#2021=CARTESIAN_POINT('',(14.4596330148756,3.99907613845845,-7.49742192232291));
#2022=CARTESIAN_POINT('',(14.4596330148756,4.06092386154155,-7.49742192232291));
#2023=CARTESIAN_POINT('',(14.4682295572722,3.99907613845845,-7.51011987617316));
#2024=CARTESIAN_POINT('',(14.4682295572722,4.06092386154155,-7.51011987617316));
#2025=SURFACE_SIDE_STYLE('',(#3295));
#2026=EDGE_LOOP('',(#3296,#3297,#3298,#3299));
#2027=CARTESIAN_POINT('',(14.4682295572722,4.009,-7.51011987617316));
#2028=CARTESIAN_POINT('',(14.4682295572722,4.051,-7.51011987617316));
#2029=CARTESIAN_POINT('',(14.5317484538697,4.009,-7.60653026651768));
#2030=CARTESIAN_POINT('',(14.5317484538697,4.051,-7.60653026651768));
#2031=CARTESIAN_POINT('',(14.6191466349023,4.009,-7.65450031439642));
#2032=CARTESIAN_POINT('',(14.6191466349023,4.051,-7.65450031439642));
#2033=CARTESIAN_POINT('',(14.7829585261273,4.009,-7.65450031439642));
#2034=CARTESIAN_POINT('',(14.7829585261273,4.051,-7.65450031439642));
#2035=CARTESIAN_POINT('',(14.831672266375,4.009,-7.64274294972026));
#2036=CARTESIAN_POINT('',(14.831672266375,4.051,-7.64274294972026));
#2037=CARTESIAN_POINT('',(14.9208766684615,4.009,-7.59551576925827));
#2038=CARTESIAN_POINT('',(14.9208766684615,4.051,-7.59551576925827));
#2039=CARTESIAN_POINT('',(14.9558445454377,4.009,-7.56326316450941));
#2040=CARTESIAN_POINT('',(14.9558445454377,4.051,-7.56326316450941));
#2041=CARTESIAN_POINT('',(15.0082470572582,4.009,-7.4788227025785));
#2042=CARTESIAN_POINT('',(15.0082470572582,4.051,-7.4788227025785));
#2043=CARTESIAN_POINT('',(15.0207961991013,4.009,-7.43064009096231));
#2044=CARTESIAN_POINT('',(15.0207961991013,4.051,-7.43064009096231));
#2045=CARTESIAN_POINT('',(15.0207961991013,4.009,-7.32811587098618));
#2046=CARTESIAN_POINT('',(15.0207961991013,4.051,-7.32811587098618));
#2047=CARTESIAN_POINT('',(15.0088565568838,4.009,-7.27732405558516));
#2048=CARTESIAN_POINT('',(15.0088565568838,4.051,-7.27732405558516));
#2049=CARTESIAN_POINT('',(14.9601428166361,4.009,-7.17479983560904));
#2050=CARTESIAN_POINT('',(14.9601428166361,4.051,-7.17479983560904));
#2051=CARTESIAN_POINT('',(14.9252790613608,4.009,-7.12447831479506));
#2052=CARTESIAN_POINT('',(14.9252790613608,4.051,-7.12447831479506));
#2053=CARTESIAN_POINT('',(14.8326274377524,4.009,-7.0266570406894));
#2054=CARTESIAN_POINT('',(14.8326274377524,4.051,-7.0266570406894));
#2055=CARTESIAN_POINT('',(14.7743619837307,4.009,-6.97774640363657));
#2056=CARTESIAN_POINT('',(14.7743619837307,4.051,-6.97774640363657));
#2057=CARTESIAN_POINT('',(14.7051120588688,4.009,-6.92930606117078));
#2058=CARTESIAN_POINT('',(14.7051120588688,4.051,-6.92930606117078));
#2059=SURFACE_SIDE_STYLE('',(#3300));
#2060=EDGE_LOOP('',(#3301,#3302,#3303,#3304));
#2061=CARTESIAN_POINT('',(14.7051120588688,4.0089125003965,-6.92930606117078));
#2062=CARTESIAN_POINT('',(14.7051120588688,4.0510874996035,-6.92930606117078));
#2063=CARTESIAN_POINT('',(14.6659500323952,4.0089125003965,-6.90343985888323));
#2064=CARTESIAN_POINT('',(14.6659500323952,4.0510874996035,-6.90343985888323));
#2065=CARTESIAN_POINT('',(14.6009983787316,4.0089125003965,-6.84935598137288));
#2066=CARTESIAN_POINT('',(14.6009983787316,4.0510874996035,-6.84935598137288));
#2067=CARTESIAN_POINT('',(14.4195158170245,4.0089125003965,-6.68475287590663));
#2068=CARTESIAN_POINT('',(14.4195158170245,4.0510874996035,-6.68475287590663));
#2069=CARTESIAN_POINT('',(14.3173124796421,4.0089125003965,-6.58599101262687));
#2070=CARTESIAN_POINT('',(14.3173124796421,4.0510874996035,-6.58599101262687));
#2071=CARTESIAN_POINT('',(14.1772420906354,4.0089125003965,-6.44221444390486));
#2072=CARTESIAN_POINT('',(14.1772420906354,4.0510874996035,-6.44221444390486));
#2073=CARTESIAN_POINT('',(14.152067831351,4.0089125003965,-6.4030464182658));
#2074=CARTESIAN_POINT('',(14.152067831351,4.0510874996035,-6.4030464182658));
#2075=CARTESIAN_POINT('',(14.1062196052355,4.0089125003965,-6.30334396581195));
#2076=CARTESIAN_POINT('',(14.1062196052355,4.0510874996035,-6.30334396581195));
#2077=CARTESIAN_POINT('',(14.0947575487066,4.0089125003965,-6.263368925913));
#2078=CARTESIAN_POINT('',(14.0947575487066,4.0510874996035,-6.263368925913));
#2079=CARTESIAN_POINT('',(14.0947575487066,4.0089125003965,-6.18671090822442));
#2080=CARTESIAN_POINT('',(14.0947575487066,4.0510874996035,-6.18671090822442));
#2081=CARTESIAN_POINT('',(14.1129058048773,4.0089125003965,-6.14579527915138));
#2082=CARTESIAN_POINT('',(14.1129058048773,4.0510874996035,-6.14579527915138));
#2083=CARTESIAN_POINT('',(14.1840692489746,4.0089125003965,-6.07666524447136));
#2084=CARTESIAN_POINT('',(14.1840692489746,4.0510874996035,-6.07666524447136));
#2085=CARTESIAN_POINT('',(14.2337349841191,4.0089125003965,-6.05926107513483));
#2086=CARTESIAN_POINT('',(14.2337349841191,4.0510874996035,-6.05926107513483));
#2087=CARTESIAN_POINT('',(14.6097541163578,4.0089125003965,-6.05926107513483));
#2088=CARTESIAN_POINT('',(14.6097541163578,4.0510874996035,-6.05926107513483));
#2089=CARTESIAN_POINT('',(14.922254351999,4.0089125003965,-6.05926107513483));
#2090=CARTESIAN_POINT('',(14.922254351999,4.0510874996035,-6.05926107513483));
#2091=CARTESIAN_POINT('',(15.2911096989071,4.0089125003965,-6.05926107513483));
#2092=CARTESIAN_POINT('',(15.2911096989071,4.0510874996035,-6.05926107513483));
#2093=CARTESIAN_POINT('',(15.3326596538242,4.0089125003965,-6.07336991274623));
#2094=CARTESIAN_POINT('',(15.3326596538242,4.0510874996035,-6.07336991274623));
#2095=CARTESIAN_POINT('',(15.38782552808,4.0089125003965,-6.13050343810164));
#2096=CARTESIAN_POINT('',(15.38782552808,4.0510874996035,-6.13050343810164));
#2097=CARTESIAN_POINT('',(15.4019095786861,4.0089125003965,-6.16507735722029));
#2098=CARTESIAN_POINT('',(15.4019095786861,4.0510874996035,-6.16507735722029));
#2099=CARTESIAN_POINT('',(15.4019095786861,4.0089125003965,-6.25161156123684));
#2100=CARTESIAN_POINT('',(15.4019095786861,4.0510874996035,-6.25161156123684));
#2101=CARTESIAN_POINT('',(15.3842389082041,4.0089125003965,-6.28829453902646));
#2102=CARTESIAN_POINT('',(15.3842389082041,4.0510874996035,-6.28829453902646));
#2103=CARTESIAN_POINT('',(15.3147373915874,4.0089125003965,-6.3417343548897));
#2104=CARTESIAN_POINT('',(15.3147373915874,4.0510874996035,-6.3417343548897));
#2105=CARTESIAN_POINT('',(15.2643649003397,4.0089125003965,-6.35507637038706));
#2106=CARTESIAN_POINT('',(15.2643649003397,4.0510874996035,-6.35507637038706));
#2107=CARTESIAN_POINT('',(15.1979804896101,4.0089125003965,-6.35507637038706));
#2108=CARTESIAN_POINT('',(15.1979804896101,4.0510874996035,-6.35507637038706));
#2109=SURFACE_SIDE_STYLE('',(#3305));
#2110=EDGE_LOOP('',(#3306,#3307,#3308,#3309));
#2111=AXIS2_PLACEMENT_3D('',#3310,#3311,#3312);
#2112=SURFACE_SIDE_STYLE('',(#3313));
#2113=EDGE_LOOP('',(#3314,#3315,#3316,#3317));
#2114=CARTESIAN_POINT('',(14.5331812109358,3.9990773574268,-6.35507637038706));
#2115=CARTESIAN_POINT('',(14.5331812109358,4.0609226425732,-6.35507637038706));
#2116=CARTESIAN_POINT('',(14.5546725669274,3.9990773574268,-6.38658610771917));
#2117=CARTESIAN_POINT('',(14.5546725669274,4.0609226425732,-6.38658610771917));
#2118=CARTESIAN_POINT('',(14.5752087515416,3.9990773574268,-6.41386319376786));
#2119=CARTESIAN_POINT('',(14.5752087515416,4.0609226425732,-6.41386319376786));
#2120=CARTESIAN_POINT('',(14.5957449361558,3.9990773574268,-6.43643733394609));
#2121=CARTESIAN_POINT('',(14.5957449361558,4.0609226425732,-6.43643733394609));
#2122=SURFACE_SIDE_STYLE('',(#3318));
#2123=EDGE_LOOP('',(#3319,#3320,#3321,#3322));
#2124=CARTESIAN_POINT('',(14.5957449361558,4.009,-6.43643733394609));
#2125=CARTESIAN_POINT('',(14.5957449361558,4.051,-6.43643733394609));
#2126=CARTESIAN_POINT('',(14.6430259193374,4.009,-6.49334297897872));
#2127=CARTESIAN_POINT('',(14.6430259193374,4.051,-6.49334297897872));
#2128=CARTESIAN_POINT('',(14.7309016860587,4.009,-6.57329305877661));
#2129=CARTESIAN_POINT('',(14.7309016860587,4.051,-6.57329305877661));
#2130=CARTESIAN_POINT('',(14.9859926390602,4.009,-6.77933070775557));
#2131=CARTESIAN_POINT('',(14.9859926390602,4.051,-6.77933070775557));
#2132=CARTESIAN_POINT('',(15.077628896057,4.009,-6.8545292218304));
#2133=CARTESIAN_POINT('',(15.077628896057,4.051,-6.8545292218304));
#2134=CARTESIAN_POINT('',(15.1858305732597,4.009,-6.95070692398984));
#2135=CARTESIAN_POINT('',(15.1858305732597,4.051,-6.95070692398984));
#2136=CARTESIAN_POINT('',(15.2395304445272,4.009,-7.01678085436142));
#2137=CARTESIAN_POINT('',(15.2395304445272,4.051,-7.01678085436142));
#2138=CARTESIAN_POINT('',(15.3434349601196,4.009,-7.18668546910752));
#2139=CARTESIAN_POINT('',(15.3434349601196,4.051,-7.18668546910752));
#2140=CARTESIAN_POINT('',(15.3699113375431,4.009,-7.28108641228153));
#2141=CARTESIAN_POINT('',(15.3699113375431,4.051,-7.28108641228153));
#2142=CARTESIAN_POINT('',(15.3699113375431,4.009,-7.45086275820531));
#2143=CARTESIAN_POINT('',(15.3699113375431,4.051,-7.45086275820531));
#2144=CARTESIAN_POINT('',(15.3574941096368,4.009,-7.51435252745658));
#2145=CARTESIAN_POINT('',(15.3574941096368,4.051,-7.51435252745658));
#2146=CARTESIAN_POINT('',(15.3069384420144,4.009,-7.6374031887091));
#2147=CARTESIAN_POINT('',(15.3069384420144,4.051,-7.6374031887091));
#2148=CARTESIAN_POINT('',(15.272006271359,4.009,-7.69165358677309));
#2149=CARTESIAN_POINT('',(15.272006271359,4.051,-7.69165358677309));
#2150=CARTESIAN_POINT('',(15.181984601816,4.009,-7.78501621738149));
#2151=CARTESIAN_POINT('',(15.181984601816,4.051,-7.78501621738149));
#2152=CARTESIAN_POINT('',(15.1301633218143,4.009,-7.82192518738496));
#2153=CARTESIAN_POINT('',(15.1301633218143,4.051,-7.82192518738496));
#2154=CARTESIAN_POINT('',(15.0704651107264,4.009,-7.84873197884661));
#2155=CARTESIAN_POINT('',(15.0704651107264,4.051,-7.84873197884661));
#2156=SURFACE_SIDE_STYLE('',(#3323));
#2157=EDGE_LOOP('',(#3324,#3325,#3326,#3327));
#2158=CARTESIAN_POINT('',(15.0704651107264,4.00893116298458,-7.84873197884661));
#2159=CARTESIAN_POINT('',(15.0704651107264,4.05106883701542,-7.84873197884661));
#2160=CARTESIAN_POINT('',(14.9787686584955,4.00893116298458,-7.88870701874556));
#2161=CARTESIAN_POINT('',(14.9787686584955,4.05106883701542,-7.88870701874556));
#2162=CARTESIAN_POINT('',(14.8679687787164,4.00893116298458,-7.90892968598856));
#2163=CARTESIAN_POINT('',(14.8679687787164,4.05106883701542,-7.90892968598856));
#2164=CARTESIAN_POINT('',(14.6301311057424,4.00893116298458,-7.90892968598856));
#2165=CARTESIAN_POINT('',(14.6301311057424,4.05106883701542,-7.90892968598856));
#2166=CARTESIAN_POINT('',(14.536046725068,4.00893116298458,-7.89340996461602));
#2167=CARTESIAN_POINT('',(14.536046725068,4.05106883701542,-7.89340996461602));
#2168=CARTESIAN_POINT('',(14.3755779336639,4.00893116298458,-7.8303904899518));
#2169=CARTESIAN_POINT('',(14.3755779336639,4.05106883701542,-7.8303904899518));
#2170=CARTESIAN_POINT('',(14.3096711086229,4.00893116298458,-7.78947486087876));
#2171=CARTESIAN_POINT('',(14.3096711086229,4.05106883701542,-7.78947486087876));
#2172=CARTESIAN_POINT('',(14.2050819798113,4.00893116298458,-7.68741874534292));
#2173=CARTESIAN_POINT('',(14.2050819798113,4.05106883701542,-7.68741874534292));
#2174=CARTESIAN_POINT('',(14.1659178163233,4.00893116298458,-7.63051529045705));
#2175=CARTESIAN_POINT('',(14.1659178163233,4.05106883701542,-7.63051529045705));
#2176=CARTESIAN_POINT('',(14.1132154067098,4.00893116298458,-7.50501691631866));
#2177=CARTESIAN_POINT('',(14.1132154067098,4.05106883701542,-7.50501691631866));
#2178=CARTESIAN_POINT('',(14.1000109912824,4.00893116298458,-7.4447489285737));
#2179=CARTESIAN_POINT('',(14.1000109912824,4.05106883701542,-7.4447489285737));
#2180=CARTESIAN_POINT('',(14.1000109912824,4.00893116298458,-7.33940294107529));
#2181=CARTESIAN_POINT('',(14.1000109912824,4.05106883701542,-7.33940294107529));
#2182=CARTESIAN_POINT('',(14.1143385619434,4.00893116298458,-7.30177937411158));
#2183=CARTESIAN_POINT('',(14.1143385619434,4.05106883701542,-7.30177937411158));
#2184=CARTESIAN_POINT('',(14.1702160875217,4.00893116298458,-7.24675490742714));
#2185=CARTESIAN_POINT('',(14.1702160875217,4.05106883701542,-7.24675490742714));
#2186=CARTESIAN_POINT('',(14.2055574284857,4.00893116298458,-7.23311636440279));
#2187=CARTESIAN_POINT('',(14.2055574284857,4.05106883701542,-7.23311636440279));
#2188=CARTESIAN_POINT('',(14.2962987093392,4.00893116298458,-7.23311636440279));
#2189=CARTESIAN_POINT('',(14.2962987093392,4.05106883701542,-7.23311636440279));
#2190=CARTESIAN_POINT('',(14.3330728073693,4.00893116298458,-7.24816579118828));
#2191=CARTESIAN_POINT('',(14.3330728073693,4.05106883701542,-7.24816579118828));
#2192=CARTESIAN_POINT('',(14.3579072631819,4.00893116298458,-7.27826464475925));
#2193=CARTESIAN_POINT('',(14.3579072631819,4.05106883701542,-7.27826464475925));
#2194=SURFACE_SIDE_STYLE('',(#3328));
#2195=EDGE_LOOP('',(#3329,#3330,#3331,#3332,#3333,#3334,#3335));
#2196=AXIS2_PLACEMENT_3D('',#3336,#3337,#3338);
#2197=SURFACE_SIDE_STYLE('',(#3339));
#2198=EDGE_LOOP('',(#3340,#3341,#3342,#3343));
#2199=AXIS2_PLACEMENT_3D('',#3344,#3345,#3346);
#2200=SURFACE_SIDE_STYLE('',(#3347));
#2201=EDGE_LOOP('',(#3348,#3349,#3350,#3351));
#2202=AXIS2_PLACEMENT_3D('',#3352,#3353,#3354);
#2203=SURFACE_SIDE_STYLE('',(#3355));
#2204=EDGE_LOOP('',(#3356,#3357,#3358,#3359));
#2205=AXIS2_PLACEMENT_3D('',#3360,#3361,#3362);
#2206=SURFACE_SIDE_STYLE('',(#3363));
#2207=EDGE_LOOP('',(#3364,#3365,#3366,#3367));
#2208=AXIS2_PLACEMENT_3D('',#3368,#3369,#3370);
#2209=SURFACE_SIDE_STYLE('',(#3371));
#2210=EDGE_LOOP('',(#3372,#3373,#3374,#3375));
#2211=AXIS2_PLACEMENT_3D('',#3376,#3377,#3378);
#2212=SURFACE_SIDE_STYLE('',(#3379));
#2213=EDGE_LOOP('',(#3380,#3381,#3382,#3383));
#2214=AXIS2_PLACEMENT_3D('',#3384,#3385,#3386);
#2215=SURFACE_SIDE_STYLE('',(#3387));
#2216=EDGE_LOOP('',(#3388,#3389,#3390,#3391));
#2217=AXIS2_PLACEMENT_3D('',#3392,#3393,#3394);
#2218=SURFACE_SIDE_STYLE('',(#3395));
#2219=EDGE_LOOP('',(#3396,#3397,#3398,#3399));
#2220=AXIS2_PLACEMENT_3D('',#3400,#3401,#3402);
#2221=SURFACE_SIDE_STYLE('',(#3403));
#2222=EDGE_LOOP('',(#3404,#3405,#3406,#3407));
#2223=AXIS2_PLACEMENT_3D('',#3408,#3409,#3410);
#2224=SURFACE_SIDE_STYLE('',(#3411));
#2225=EDGE_LOOP('',(#3412,#3413,#3414,#3415));
#2226=AXIS2_PLACEMENT_3D('',#3416,#3417,#3418);
#2227=SURFACE_SIDE_STYLE('',(#3419));
#2228=EDGE_LOOP('',(#3420,#3421,#3422,#3423));
#2229=AXIS2_PLACEMENT_3D('',#3424,#3425,#3426);
#2230=SURFACE_SIDE_STYLE('',(#3427));
#2231=EDGE_LOOP('',(#3428,#3429,#3430,#3431));
#2232=AXIS2_PLACEMENT_3D('',#3432,#3433,#3434);
#2233=SURFACE_SIDE_STYLE('',(#3435));
#2234=EDGE_LOOP('',(#3436,#3437,#3438,#3439,#3440,#3441,#3442,#3443,#3444,#3445,#3446,#3447));
#2235=AXIS2_PLACEMENT_3D('',#3448,#3449,#3450);
#2236=SURFACE_SIDE_STYLE('',(#3451));
#2237=EDGE_LOOP('',(#3452,#3453,#3454,#3455));
#2238=CARTESIAN_POINT('',(10.5049341602838,4.009,-9.04272118840541));
#2239=CARTESIAN_POINT('',(10.5049341602838,4.051,-9.04272118840541));
#2240=CARTESIAN_POINT('',(10.6473218967348,4.009,-8.84720369954742));
#2241=CARTESIAN_POINT('',(10.6473218967348,4.051,-8.84720369954742));
#2242=CARTESIAN_POINT('',(10.8492149558816,4.009,-8.74944495511843));
#2243=CARTESIAN_POINT('',(10.8492149558816,4.051,-8.74944495511843));
#2244=CARTESIAN_POINT('',(11.3815750750004,4.009,-8.74944495511843));
#2245=CARTESIAN_POINT('',(11.3815750750004,4.051,-8.74944495511843));
#2246=CARTESIAN_POINT('',(11.5887811093879,4.009,-8.84560980697521));
#2247=CARTESIAN_POINT('',(11.5887811093879,4.051,-8.84560980697521));
#2248=CARTESIAN_POINT('',(11.871617237904,4.009,-9.23158542596516));
#2249=CARTESIAN_POINT('',(11.871617237904,4.051,-9.23158542596516));
#2250=CARTESIAN_POINT('',(11.942625260419,4.009,-9.46775920766192));
#2251=CARTESIAN_POINT('',(11.942625260419,4.051,-9.46775920766192));
#2252=CARTESIAN_POINT('',(11.942625260419,4.009,-10.0080887896417));
#2253=CARTESIAN_POINT('',(11.942625260419,4.051,-10.0080887896417));
#2254=CARTESIAN_POINT('',(11.8740878798139,4.009,-10.2386719150884));
#2255=CARTESIAN_POINT('',(11.8740878798139,4.051,-10.2386719150884));
#2256=CARTESIAN_POINT('',(11.7364818210796,4.009,-10.4400336767112));
#2257=CARTESIAN_POINT('',(11.7364818210796,4.051,-10.4400336767112));
#2258=SURFACE_SIDE_STYLE('',(#3456));
#2259=EDGE_LOOP('',(#3457,#3458,#3459,#3460));
#2260=CARTESIAN_POINT('',(10.7652699470784,4.009,-9.746690407799));
#2261=CARTESIAN_POINT('',(10.7652699470784,4.051,-9.746690407799));
#2262=CARTESIAN_POINT('',(10.7652699470784,4.009,-10.1642902617185));
#2263=CARTESIAN_POINT('',(10.7652699470784,4.051,-10.1642902617185));
#2264=CARTESIAN_POINT('',(10.8842805924703,4.009,-10.3730901886783));
#2265=CARTESIAN_POINT('',(10.8842805924703,4.051,-10.3730901886783));
#2266=CARTESIAN_POINT('',(11.3528850087006,4.009,-10.3730901886783));
#2267=CARTESIAN_POINT('',(11.3528850087006,4.051,-10.3730901886783));
#2268=CARTESIAN_POINT('',(11.4681765714239,4.009,-10.1637589641944));
#2269=CARTESIAN_POINT('',(11.4681765714239,4.051,-10.1637589641944));
#2270=CARTESIAN_POINT('',(11.4681765714239,4.009,-9.32802795883134));
#2271=CARTESIAN_POINT('',(11.4681765714239,4.051,-9.32802795883134));
#2272=CARTESIAN_POINT('',(11.3528850087006,4.009,-9.11922803187158));
#2273=CARTESIAN_POINT('',(11.3528850087006,4.051,-9.11922803187158));
#2274=CARTESIAN_POINT('',(10.8842805924703,4.009,-9.11922803187158));
#2275=CARTESIAN_POINT('',(10.8842805924703,4.051,-9.11922803187158));
#2276=CARTESIAN_POINT('',(10.7652699470784,4.009,-9.32855925635541));
#2277=CARTESIAN_POINT('',(10.7652699470784,4.051,-9.32855925635541));
#2278=CARTESIAN_POINT('',(10.7652699470784,4.009,-9.746690407799));
#2279=CARTESIAN_POINT('',(10.7652699470784,4.051,-9.746690407799));
#2280=SURFACE_SIDE_STYLE('',(#3461));
#2281=EDGE_LOOP('',(#3462,#3463,#3464,#3465));
#2282=CARTESIAN_POINT('',(11.7364818210796,4.009,-10.4400336767112));
#2283=CARTESIAN_POINT('',(11.7364818210796,4.051,-10.4400336767112));
#2284=CARTESIAN_POINT('',(11.5987967693811,4.009,-10.6415110303549));
#2285=CARTESIAN_POINT('',(11.5987967693811,4.051,-10.6415110303549));
#2286=CARTESIAN_POINT('',(11.3953888106262,4.009,-10.7428732654314));
#2287=CARTESIAN_POINT('',(11.3953888106262,4.051,-10.7428732654314));
#2288=CARTESIAN_POINT('',(10.8582470137908,4.009,-10.7428732654314));
#2289=CARTESIAN_POINT('',(10.8582470137908,4.051,-10.7428732654314));
#2290=CARTESIAN_POINT('',(10.6521035744514,4.009,-10.6483023061469));
#2291=CARTESIAN_POINT('',(10.6521035744514,4.051,-10.6483023061469));
#2292=CARTESIAN_POINT('',(10.363333898725,4.009,-10.2703537599755));
#2293=CARTESIAN_POINT('',(10.363333898725,4.051,-10.2703537599755));
#2294=CARTESIAN_POINT('',(10.2908212580834,4.009,-10.0346536658453));
#2295=CARTESIAN_POINT('',(10.2908212580834,4.051,-10.0346536658453));
#2296=CARTESIAN_POINT('',(10.2908212580834,4.009,-9.47466607547483));
#2297=CARTESIAN_POINT('',(10.2908212580834,4.051,-9.47466607547483));
#2298=CARTESIAN_POINT('',(10.3620151263088,4.009,-9.2382386772634));
#2299=CARTESIAN_POINT('',(10.3620151263088,4.051,-9.2382386772634));
#2300=CARTESIAN_POINT('',(10.5049341602838,4.009,-9.04272118840541));
#2301=CARTESIAN_POINT('',(10.5049341602838,4.051,-9.04272118840541));
#2302=SURFACE_SIDE_STYLE('',(#3466));
#2303=EDGE_LOOP('',(#3467,#3468));
#2304=EDGE_LOOP('',(#3469,#3470));
#2305=AXIS2_PLACEMENT_3D('',#3471,#3472,#3473);
#2306=SURFACE_SIDE_STYLE('',(#3474));
#2307=EDGE_LOOP('',(#3475,#3476));
#2308=AXIS2_PLACEMENT_3D('',#3477,#3478,#3479);
#2309=SURFACE_SIDE_STYLE('',(#3480));
#2310=EDGE_LOOP('',(#3481,#3482));
#2311=AXIS2_PLACEMENT_3D('',#3483,#3484,#3485);
#2312=SURFACE_SIDE_STYLE('',(#3486));
#2313=EDGE_LOOP('',(#3487,#3488,#3489,#3490,#3491,#3492));
#2314=EDGE_LOOP('',(#3493,#3494));
#2315=EDGE_LOOP('',(#3495,#3496));
#2316=EDGE_LOOP('',(#3497,#3498,#3499,#3500,#3501,#3502,#3503,#3504,#3505,#3506,#3507,#3508));
#2317=EDGE_LOOP('',(#3509,#3510,#3511,#3512,#3513,#3514,#3515));
#2318=EDGE_LOOP('',(#3516,#3517,#3518));
#2319=EDGE_LOOP('',(#3519,#3520,#3521,#3522,#3523,#3524,#3525));
#2320=EDGE_LOOP('',(#3526,#3527,#3528));
#2321=EDGE_LOOP('',(#3529,#3530,#3531,#3532,#3533,#3534));
#2322=EDGE_LOOP('',(#3535,#3536,#3537,#3538,#3539));
#2323=EDGE_LOOP('',(#3540,#3541,#3542,#3543,#3544,#3545));
#2324=EDGE_LOOP('',(#3546,#3547,#3548,#3549,#3550,#3551,#3552,#3553,#3554,#3555,#3556,#3557,#3558));
#2325=EDGE_LOOP('',(#3559,#3560,#3561,#3562,#3563,#3564,#3565,#3566,#3567,#3568,#3569,#3570));
#2326=AXIS2_PLACEMENT_3D('',#3571,#3572,#3573);
#2327=SURFACE_SIDE_STYLE('',(#3574));
#2328=EDGE_LOOP('',(#3575,#3576,#3577));
#2329=AXIS2_PLACEMENT_3D('',#3578,#3579,#3580);
#2330=SURFACE_SIDE_STYLE('',(#3581));
#2331=EDGE_LOOP('',(#3582,#3583,#3584,#3585));
#2332=AXIS2_PLACEMENT_3D('',#3586,#3587,#3588);
#2333=SURFACE_SIDE_STYLE('',(#3589));
#2334=EDGE_LOOP('',(#3590,#3591,#3592,#3593));
#2335=AXIS2_PLACEMENT_3D('',#3594,#3595,#3596);
#2336=SURFACE_SIDE_STYLE('',(#3597));
#2337=EDGE_LOOP('',(#3598,#3599,#3600,#3601));
#2338=AXIS2_PLACEMENT_3D('',#3602,#3603,#3604);
#2339=SURFACE_SIDE_STYLE('',(#3605));
#2340=EDGE_LOOP('',(#3606,#3607,#3608,#3609));
#2341=AXIS2_PLACEMENT_3D('',#3610,#3611,#3612);
#2342=SURFACE_SIDE_STYLE('',(#3613));
#2343=EDGE_LOOP('',(#3614,#3615,#3616,#3617));
#2344=AXIS2_PLACEMENT_3D('',#3618,#3619,#3620);
#2345=SURFACE_SIDE_STYLE('',(#3621));
#2346=EDGE_LOOP('',(#3622,#3623,#3624,#3625));
#2347=AXIS2_PLACEMENT_3D('',#3626,#3627,#3628);
#2348=SURFACE_SIDE_STYLE('',(#3629));
#2349=EDGE_LOOP('',(#3630,#3631,#3632,#3633));
#2350=AXIS2_PLACEMENT_3D('',#3634,#3635,#3636);
#2351=SURFACE_SIDE_STYLE('',(#3637));
#2352=EDGE_LOOP('',(#3638,#3639));
#2353=AXIS2_PLACEMENT_3D('',#3640,#3641,#3642);
#2354=SURFACE_SIDE_STYLE('',(#3643));
#2355=EDGE_LOOP('',(#3644,#3645));
#2356=AXIS2_PLACEMENT_3D('',#3646,#3647,#3648);
#2357=SURFACE_SIDE_STYLE('',(#3649));
#2358=EDGE_LOOP('',(#3650,#3651,#3652,#3653));
#2359=AXIS2_PLACEMENT_3D('',#3654,#3655,#3656);
#2360=SURFACE_SIDE_STYLE('',(#3657));
#2361=EDGE_LOOP('',(#3658,#3659,#3660,#3661,#3662,#3663,#3664,#3665));
#2362=EDGE_LOOP('',(#3666,#3667,#3668,#3669,#3670,#3671));
#2363=AXIS2_PLACEMENT_3D('',#3672,#3673,#3674);
#2364=SURFACE_SIDE_STYLE('',(#3675));
#2365=EDGE_LOOP('',(#3676,#3677,#3678,#3679));
#2366=AXIS2_PLACEMENT_3D('',#3680,#3681,#3682);
#2367=SURFACE_SIDE_STYLE('',(#3683));
#2368=EDGE_LOOP('',(#3684,#3685,#3686,#3687));
#2369=AXIS2_PLACEMENT_3D('',#3688,#3689,#3690);
#2370=SURFACE_SIDE_STYLE('',(#3691));
#2371=EDGE_LOOP('',(#3692,#3693,#3694,#3695));
#2372=AXIS2_PLACEMENT_3D('',#3696,#3697,#3698);
#2373=SURFACE_SIDE_STYLE('',(#3699));
#2374=EDGE_LOOP('',(#3700,#3701,#3702,#3703));
#2375=AXIS2_PLACEMENT_3D('',#3704,#3705,#3706);
#2376=SURFACE_SIDE_STYLE('',(#3707));
#2378=SURFACE_STYLE_FILL_AREA(#3708);
#2379=ORIENTED_EDGE('',*,*,#3709,.F.);
#2380=ORIENTED_EDGE('',*,*,#3710,.F.);
#2381=ORIENTED_EDGE('',*,*,#3711,.T.);
#2382=ORIENTED_EDGE('',*,*,#3712,.F.);
#2383=SURFACE_STYLE_FILL_AREA(#3713);
#2384=ORIENTED_EDGE('',*,*,#3714,.F.);
#2385=ORIENTED_EDGE('',*,*,#3715,.F.);
#2386=ORIENTED_EDGE('',*,*,#3716,.T.);
#2387=ORIENTED_EDGE('',*,*,#3717,.F.);
#2388=SURFACE_STYLE_FILL_AREA(#3718);
#2389=ORIENTED_EDGE('',*,*,#3719,.F.);
#2390=ORIENTED_EDGE('',*,*,#3720,.F.);
#2391=ORIENTED_EDGE('',*,*,#3721,.F.);
#2392=ORIENTED_EDGE('',*,*,#3722,.T.);
#2393=CARTESIAN_POINT('',(12.5,4.0,-15.1));
#2394=DIRECTION('',(-0.0,-1.0,-6.12323399573676E-17));
#2395=DIRECTION('',(-1.0,0.0,0.0));
#2396=SURFACE_STYLE_FILL_AREA(#3723);
#2397=ORIENTED_EDGE('',*,*,#3724,.F.);
#2398=ORIENTED_EDGE('',*,*,#3725,.F.);
#2399=ORIENTED_EDGE('',*,*,#3726,.F.);
#2400=ORIENTED_EDGE('',*,*,#3727,.T.);
#2401=CARTESIAN_POINT('',(12.5,-2.0,-15.1));
#2402=DIRECTION('',(0.0,-1.0,-6.12323399573676E-17));
#2403=DIRECTION('',(1.0,0.0,0.0));
#2404=SURFACE_STYLE_FILL_AREA(#3728);
#2405=ORIENTED_EDGE('',*,*,#3729,.F.);
#2406=ORIENTED_EDGE('',*,*,#3730,.F.);
#2407=ORIENTED_EDGE('',*,*,#3731,.F.);
#2408=ORIENTED_EDGE('',*,*,#3732,.T.);
#2409=CARTESIAN_POINT('',(12.5,-3.1,-15.1));
#2410=DIRECTION('',(0.0,-1.0,-6.12323399573676E-17));
#2411=DIRECTION('',(1.0,0.0,0.0));
#2412=SURFACE_STYLE_FILL_AREA(#3733);
#2413=ORIENTED_EDGE('',*,*,#3734,.T.);
#2414=ORIENTED_EDGE('',*,*,#3735,.T.);
#2415=ORIENTED_EDGE('',*,*,#3736,.F.);
#2416=ORIENTED_EDGE('',*,*,#3737,.T.);
#2417=CARTESIAN_POINT('',(2.49999999999996,-3.0,-21.1000000000001));
#2418=DIRECTION('',(0.0,-1.0,-6.12323399573676E-17));
#2419=DIRECTION('',(0.0,-6.12323399573676E-17,1.0));
#2420=SURFACE_STYLE_FILL_AREA(#3738);
#2421=ORIENTED_EDGE('',*,*,#3739,.F.);
#2422=ORIENTED_EDGE('',*,*,#3740,.T.);
#2423=ORIENTED_EDGE('',*,*,#3741,.F.);
#2424=ORIENTED_EDGE('',*,*,#3742,.T.);
#2425=CARTESIAN_POINT('',(26.5,-3.1,-21.1000000000001));
#2426=DIRECTION('',(-1.0,-2.65552944032596E-32,4.33680868994202E-16));
#2427=DIRECTION('',(-4.33680868994202E-16,6.12323399573676E-17,-1.0));
#2428=SURFACE_STYLE_FILL_AREA(#3743);
#2429=ORIENTED_EDGE('',*,*,#3744,.F.);
#2430=ORIENTED_EDGE('',*,*,#3745,.T.);
#2431=ORIENTED_EDGE('',*,*,#3746,.F.);
#2432=ORIENTED_EDGE('',*,*,#3747,.F.);
#2433=CARTESIAN_POINT('',(-1.50000000000001,-3.1,-1.10000000000005));
#2434=DIRECTION('',(1.0,8.69685891706751E-32,-1.42030484595601E-15));
#2435=DIRECTION('',(-1.42030484595601E-15,6.12323399573676E-17,-1.0));
#2436=SURFACE_STYLE_FILL_AREA(#3748);
#2437=ORIENTED_EDGE('',*,*,#3749,.F.);
#2438=ORIENTED_EDGE('',*,*,#3750,.F.);
#2439=ORIENTED_EDGE('',*,*,#3751,.F.);
#2440=ORIENTED_EDGE('',*,*,#3747,.T.);
#2441=CARTESIAN_POINT('',(0.499999999999962,-3.1,-23.1000000000001));
#2442=DIRECTION('',(0.0,-1.0,-6.12323399573676E-17));
#2443=DIRECTION('',(1.0,0.0,0.0));
#2444=SURFACE_STYLE_FILL_AREA(#3752);
#2445=ORIENTED_EDGE('',*,*,#3753,.F.);
#2446=ORIENTED_EDGE('',*,*,#3754,.F.);
#2447=ORIENTED_EDGE('',*,*,#3755,.F.);
#2448=ORIENTED_EDGE('',*,*,#3750,.T.);
#2449=CARTESIAN_POINT('',(2.49999999999996,-3.1,-25.1000000000001));
#2450=DIRECTION('',(5.20417042793041E-16,-6.12323399573676E-17,1.0));
#2451=DIRECTION('',(0.0,-1.0,-6.12323399573676E-17));
#2452=SURFACE_STYLE_FILL_AREA(#3756);
#2453=ORIENTED_EDGE('',*,*,#3757,.F.);
#2454=ORIENTED_EDGE('',*,*,#3742,.F.);
#2455=ORIENTED_EDGE('',*,*,#3758,.F.);
#2456=ORIENTED_EDGE('',*,*,#3754,.T.);
#2457=CARTESIAN_POINT('',(24.5,-3.1,-23.1000000000001));
#2458=DIRECTION('',(0.0,-1.0,-6.12323399573676E-17));
#2459=DIRECTION('',(1.0,0.0,0.0));
#2460=SURFACE_STYLE_FILL_AREA(#3759);
#2461=ORIENTED_EDGE('',*,*,#3760,.F.);
#2462=ORIENTED_EDGE('',*,*,#3761,.T.);
#2463=ORIENTED_EDGE('',*,*,#3762,.F.);
#2464=ORIENTED_EDGE('',*,*,#3763,.T.);
#2465=CARTESIAN_POINT('',(26.5,-3.1,-21.1000000000001));
#2466=DIRECTION('',(-1.0,-2.65552944032596E-32,4.33680868994202E-16));
#2467=DIRECTION('',(-4.33680868994202E-16,6.12323399573676E-17,-1.0));
#2468=SURFACE_STYLE_FILL_AREA(#3764);
#2469=ORIENTED_EDGE('',*,*,#3765,.F.);
#2470=ORIENTED_EDGE('',*,*,#3766,.T.);
#2471=ORIENTED_EDGE('',*,*,#3767,.F.);
#2472=ORIENTED_EDGE('',*,*,#3768,.T.);
#2473=CARTESIAN_POINT('',(26.5,-3.1,2.89999999999993));
#2474=DIRECTION('',(-2.89120579329468E-16,6.12323399573676E-17,-1.0));
#2475=DIRECTION('',(1.0,1.77035296021731E-32,-2.89120579329468E-16));
#2476=SURFACE_STYLE_FILL_AREA(#3769);
#2477=ORIENTED_EDGE('',*,*,#3729,.T.);
#2478=ORIENTED_EDGE('',*,*,#3770,.T.);
#2479=ORIENTED_EDGE('',*,*,#3731,.T.);
#2480=ORIENTED_EDGE('',*,*,#3771,.F.);
#2481=CARTESIAN_POINT('',(12.5,-3.1,-15.1));
#2482=DIRECTION('',(0.0,-1.0,-6.12323399573676E-17));
#2483=DIRECTION('',(1.0,0.0,0.0));
#2484=SURFACE_STYLE_FILL_AREA(#3772);
#2485=ORIENTED_EDGE('',*,*,#3767,.T.);
#2486=ORIENTED_EDGE('',*,*,#3773,.T.);
#2487=ORIENTED_EDGE('',*,*,#3744,.T.);
#2488=ORIENTED_EDGE('',*,*,#3751,.T.);
#2489=ORIENTED_EDGE('',*,*,#3755,.T.);
#2490=ORIENTED_EDGE('',*,*,#3758,.T.);
#2491=ORIENTED_EDGE('',*,*,#3741,.T.);
#2492=ORIENTED_EDGE('',*,*,#3774,.T.);
#2493=ORIENTED_EDGE('',*,*,#3775,.T.);
#2494=ORIENTED_EDGE('',*,*,#3776,.T.);
#2495=ORIENTED_EDGE('',*,*,#3777,.T.);
#2496=ORIENTED_EDGE('',*,*,#3778,.T.);
#2497=ORIENTED_EDGE('',*,*,#3779,.T.);
#2498=ORIENTED_EDGE('',*,*,#3780,.T.);
#2499=ORIENTED_EDGE('',*,*,#3762,.T.);
#2500=ORIENTED_EDGE('',*,*,#3781,.T.);
#2501=ORIENTED_EDGE('',*,*,#3732,.F.);
#2502=ORIENTED_EDGE('',*,*,#3770,.F.);
#2503=CARTESIAN_POINT('',(2.49999999999996,-3.1,-21.1000000000001));
#2504=DIRECTION('',(0.0,-1.0,-6.12323399573676E-17));
#2505=DIRECTION('',(0.0,-6.12323399573676E-17,1.0));
#2506=SURFACE_STYLE_FILL_AREA(#3782);
#2507=ORIENTED_EDGE('',*,*,#3783,.F.);
#2508=ORIENTED_EDGE('',*,*,#3784,.T.);
#2509=ORIENTED_EDGE('',*,*,#3775,.F.);
#2510=ORIENTED_EDGE('',*,*,#3785,.T.);
#2511=CARTESIAN_POINT('',(26.5,-3.0,-19.4999999999999));
#2512=DIRECTION('',(7.63278329429794E-15,6.12323399573676E-17,-1.0));
#2513=DIRECTION('',(1.0,-4.67373181497368E-31,7.63278329429794E-15));
#2514=SURFACE_STYLE_FILL_AREA(#3786);
#2515=ORIENTED_EDGE('',*,*,#3736,.T.);
#2516=ORIENTED_EDGE('',*,*,#3787,.T.);
#2517=ORIENTED_EDGE('',*,*,#3777,.F.);
#2518=ORIENTED_EDGE('',*,*,#3788,.T.);
#2519=CARTESIAN_POINT('',(31.5,-3.0,-19.4999999999999));
#2520=DIRECTION('',(1.0,-4.24884710452153E-31,6.93889390390722E-15));
#2521=DIRECTION('',(-6.93889390390722E-15,-6.12323399573676E-17,1.0));
#2522=SURFACE_STYLE_FILL_AREA(#3789);
#2523=ORIENTED_EDGE('',*,*,#3790,.F.);
#2524=ORIENTED_EDGE('',*,*,#3791,.T.);
#2525=ORIENTED_EDGE('',*,*,#3779,.F.);
#2526=ORIENTED_EDGE('',*,*,#3792,.T.);
#2527=CARTESIAN_POINT('',(31.4999999999999,-3.0,-12.4999999999998));
#2528=DIRECTION('',(-7.63278329429793E-15,-6.12323399573676E-17,1.0));
#2529=DIRECTION('',(-1.0,4.67373181497367E-31,-7.63278329429793E-15));
#2530=SURFACE_STYLE_FILL_AREA(#3793);
#2531=ORIENTED_EDGE('',*,*,#3794,.F.);
#2532=ORIENTED_EDGE('',*,*,#3763,.F.);
#2533=ORIENTED_EDGE('',*,*,#3780,.F.);
#2534=ORIENTED_EDGE('',*,*,#3791,.F.);
#2535=CARTESIAN_POINT('',(28.5,-3.0,-10.4999999999999));
#2536=DIRECTION('',(0.0,1.0,6.12323399573676E-17));
#2537=DIRECTION('',(-1.0,0.0,0.0));
#2538=SURFACE_STYLE_FILL_AREA(#3795);
#2539=ORIENTED_EDGE('',*,*,#3796,.F.);
#2540=ORIENTED_EDGE('',*,*,#3792,.F.);
#2541=ORIENTED_EDGE('',*,*,#3778,.F.);
#2542=ORIENTED_EDGE('',*,*,#3787,.F.);
#2543=ORIENTED_EDGE('',*,*,#3735,.F.);
#2544=CARTESIAN_POINT('',(29.5,-3.0,-14.4999999999999));
#2545=DIRECTION('',(0.0,1.0,6.12323399573676E-17));
#2546=DIRECTION('',(-1.0,0.0,0.0));
#2547=SURFACE_STYLE_FILL_AREA(#3797);
#2548=ORIENTED_EDGE('',*,*,#3737,.F.);
#2549=ORIENTED_EDGE('',*,*,#3788,.F.);
#2550=ORIENTED_EDGE('',*,*,#3776,.F.);
#2551=ORIENTED_EDGE('',*,*,#3784,.F.);
#2552=ORIENTED_EDGE('',*,*,#3798,.F.);
#2553=CARTESIAN_POINT('',(29.5,-3.0,-17.4999999999999));
#2554=DIRECTION('',(0.0,1.0,6.12323399573676E-17));
#2555=DIRECTION('',(-1.0,0.0,0.0));
#2556=SURFACE_STYLE_FILL_AREA(#3799);
#2557=ORIENTED_EDGE('',*,*,#3800,.F.);
#2558=ORIENTED_EDGE('',*,*,#3785,.F.);
#2559=ORIENTED_EDGE('',*,*,#3774,.F.);
#2560=ORIENTED_EDGE('',*,*,#3740,.F.);
#2561=CARTESIAN_POINT('',(28.5,-3.1,-21.4999999999999));
#2562=DIRECTION('',(0.0,1.0,6.12323399573676E-17));
#2563=DIRECTION('',(-1.0,0.0,0.0));
#2564=SURFACE_STYLE_FILL_AREA(#3801);
#2565=ORIENTED_EDGE('',*,*,#3802,.F.);
#2566=ORIENTED_EDGE('',*,*,#3768,.F.);
#2567=ORIENTED_EDGE('',*,*,#3781,.F.);
#2568=ORIENTED_EDGE('',*,*,#3761,.F.);
#2569=CARTESIAN_POINT('',(24.5,-3.1,0.899999999999932));
#2570=DIRECTION('',(0.0,1.0,6.12323399573676E-17));
#2571=DIRECTION('',(-1.0,0.0,0.0));
#2572=SURFACE_STYLE_FILL_AREA(#3803);
#2573=ORIENTED_EDGE('',*,*,#3773,.F.);
#2574=ORIENTED_EDGE('',*,*,#3766,.F.);
#2575=ORIENTED_EDGE('',*,*,#3804,.F.);
#2576=ORIENTED_EDGE('',*,*,#3745,.F.);
#2577=CARTESIAN_POINT('',(-1.50000000000001,-3.1,-0.100000000000058));
#2578=DIRECTION('',(0.707106781186547,4.32978028117747E-17,-0.707106781186548));
#2579=DIRECTION('',(0.0,-1.0,-6.12323399573676E-17));
#2580=SURFACE_STYLE_FILL_AREA(#3805);
#2581=ORIENTED_EDGE('',*,*,#3798,.T.);
#2582=ORIENTED_EDGE('',*,*,#3783,.T.);
#2583=ORIENTED_EDGE('',*,*,#3800,.T.);
#2584=ORIENTED_EDGE('',*,*,#3739,.T.);
#2585=ORIENTED_EDGE('',*,*,#3757,.T.);
#2586=ORIENTED_EDGE('',*,*,#3753,.T.);
#2587=ORIENTED_EDGE('',*,*,#3749,.T.);
#2588=ORIENTED_EDGE('',*,*,#3746,.T.);
#2589=ORIENTED_EDGE('',*,*,#3804,.T.);
#2590=ORIENTED_EDGE('',*,*,#3765,.T.);
#2591=ORIENTED_EDGE('',*,*,#3802,.T.);
#2592=ORIENTED_EDGE('',*,*,#3760,.T.);
#2593=ORIENTED_EDGE('',*,*,#3794,.T.);
#2594=ORIENTED_EDGE('',*,*,#3790,.T.);
#2595=ORIENTED_EDGE('',*,*,#3796,.T.);
#2596=ORIENTED_EDGE('',*,*,#3806,.T.);
#2597=ORIENTED_EDGE('',*,*,#3807,.T.);
#2598=ORIENTED_EDGE('',*,*,#3808,.T.);
#2599=ORIENTED_EDGE('',*,*,#3809,.T.);
#2600=ORIENTED_EDGE('',*,*,#3810,.T.);
#2601=ORIENTED_EDGE('',*,*,#3811,.T.);
#2602=ORIENTED_EDGE('',*,*,#3812,.T.);
#2603=ORIENTED_EDGE('',*,*,#3813,.T.);
#2604=ORIENTED_EDGE('',*,*,#3814,.T.);
#2605=CARTESIAN_POINT('',(-1.50000000000006,-3.0,-25.1000000000001));
#2606=DIRECTION('',(0.0,-1.0,-6.12323399573676E-17));
#2607=DIRECTION('',(0.0,-6.12323399573676E-17,1.0));
#2608=SURFACE_STYLE_FILL_AREA(#3815);
#2609=ORIENTED_EDGE('',*,*,#3816,.T.);
#2610=ORIENTED_EDGE('',*,*,#3817,.T.);
#2611=ORIENTED_EDGE('',*,*,#3818,.T.);
#2612=ORIENTED_EDGE('',*,*,#3819,.T.);
#2613=ORIENTED_EDGE('',*,*,#3820,.T.);
#2614=ORIENTED_EDGE('',*,*,#3821,.T.);
#2615=ORIENTED_EDGE('',*,*,#3822,.F.);
#2616=ORIENTED_EDGE('',*,*,#3823,.F.);
#2617=ORIENTED_EDGE('',*,*,#3824,.F.);
#2618=ORIENTED_EDGE('',*,*,#3825,.F.);
#2619=ORIENTED_EDGE('',*,*,#3826,.F.);
#2620=ORIENTED_EDGE('',*,*,#3827,.F.);
#2621=ORIENTED_EDGE('',*,*,#3828,.F.);
#2622=ORIENTED_EDGE('',*,*,#3829,.F.);
#2623=CARTESIAN_POINT('',(0.0,0.02,1.22464679914735E-18));
#2624=DIRECTION('',(-0.0,1.0,6.12323399573676E-17));
#2625=DIRECTION('',(1.0,0.0,0.0));
#2626=SURFACE_STYLE_FILL_AREA(#3830);
#2627=ORIENTED_EDGE('',*,*,#3831,.F.);
#2628=ORIENTED_EDGE('',*,*,#3832,.F.);
#2629=ORIENTED_EDGE('',*,*,#3817,.F.);
#2630=ORIENTED_EDGE('',*,*,#3833,.T.);
#2631=CARTESIAN_POINT('',(-3.49999999999998,0.0199999999999998,2.89999999999994));
#2632=DIRECTION('',(0.707106781186554,4.32978028117743E-17,-0.707106781186541));
#2633=DIRECTION('',(0.0,-1.0,-6.12323399573676E-17));
#2634=SURFACE_STYLE_FILL_AREA(#3834);
#2635=ORIENTED_EDGE('',*,*,#3835,.F.);
#2636=ORIENTED_EDGE('',*,*,#3836,.F.);
#2637=ORIENTED_EDGE('',*,*,#3818,.F.);
#2638=ORIENTED_EDGE('',*,*,#3832,.T.);
#2639=CARTESIAN_POINT('',(26.5,0.0199999999999997,4.89999999999994));
#2640=DIRECTION('',(-3.46944695195363E-15,6.12323399573676E-17,-1.0));
#2641=DIRECTION('',(1.0,2.12442355226078E-31,-3.46944695195363E-15));
#2642=SURFACE_STYLE_FILL_AREA(#3837);
#2643=ORIENTED_EDGE('',*,*,#3838,.F.);
#2644=ORIENTED_EDGE('',*,*,#3839,.F.);
#2645=ORIENTED_EDGE('',*,*,#3819,.F.);
#2646=ORIENTED_EDGE('',*,*,#3836,.T.);
#2647=CARTESIAN_POINT('',(28.5,0.0199999999999998,2.89999999999993));
#2648=DIRECTION('',(-1.0,-1.36570085502478E-31,2.23035875482732E-15));
#2649=DIRECTION('',(-2.23035875482732E-15,6.12323399573676E-17,-1.0));
#2650=SURFACE_STYLE_FILL_AREA(#3840);
#2651=ORIENTED_EDGE('',*,*,#3841,.F.);
#2652=ORIENTED_EDGE('',*,*,#3842,.F.);
#2653=ORIENTED_EDGE('',*,*,#3820,.F.);
#2654=ORIENTED_EDGE('',*,*,#3839,.T.);
#2655=CARTESIAN_POINT('',(28.5,0.0200000000000015,-25.1000000000001));
#2656=DIRECTION('',(-0.707106781186548,-4.32978028117746E-17,0.707106781186547));
#2657=DIRECTION('',(-0.707106781186547,4.32978028117747E-17,-0.707106781186548));
#2658=SURFACE_STYLE_FILL_AREA(#3843);
#2659=ORIENTED_EDGE('',*,*,#3844,.F.);
#2660=ORIENTED_EDGE('',*,*,#3845,.F.);
#2661=ORIENTED_EDGE('',*,*,#3821,.F.);
#2662=ORIENTED_EDGE('',*,*,#3842,.T.);
#2663=CARTESIAN_POINT('',(-1.50000000000006,0.0200000000000017,-27.1000000000001));
#2664=DIRECTION('',(0.0,-6.12323399573676E-17,1.0));
#2665=DIRECTION('',(0.0,-1.0,-6.12323399573676E-17));
#2666=SURFACE_STYLE_FILL_AREA(#3846);
#2667=ORIENTED_EDGE('',*,*,#3847,.F.);
#2668=ORIENTED_EDGE('',*,*,#3833,.F.);
#2669=ORIENTED_EDGE('',*,*,#3816,.F.);
#2670=ORIENTED_EDGE('',*,*,#3845,.T.);
#2671=CARTESIAN_POINT('',(-3.50000000000007,0.0200000000000017,-27.1000000000001));
#2672=DIRECTION('',(1.0,2.25720002427706E-31,-3.6862873864507E-15));
#2673=DIRECTION('',(-3.6862873864507E-15,6.12323399573676E-17,-1.0));
#2674=SURFACE_STYLE_FILL_AREA(#3848);
#2675=ORIENTED_EDGE('',*,*,#3826,.T.);
#2676=ORIENTED_EDGE('',*,*,#3849,.T.);
#2677=ORIENTED_EDGE('',*,*,#3850,.T.);
#2678=ORIENTED_EDGE('',*,*,#3851,.T.);
#2679=CARTESIAN_POINT('',(0.0,7.65404249467096E-16,-12.5));
#2680=DIRECTION('',(-1.0,0.0,0.0));
#2681=DIRECTION('',(0.0,1.0,6.12323399573676E-17));
#2682=SURFACE_STYLE_FILL_AREA(#3852);
#2683=ORIENTED_EDGE('',*,*,#3825,.T.);
#2684=ORIENTED_EDGE('',*,*,#3853,.F.);
#2685=ORIENTED_EDGE('',*,*,#3854,.F.);
#2686=ORIENTED_EDGE('',*,*,#3849,.F.);
#2687=CARTESIAN_POINT('',(2.5,1.53080849893419E-16,-2.5));
#2688=DIRECTION('',(0.0,-1.0,-6.12323399573676E-17));
#2689=DIRECTION('',(1.0,0.0,0.0));
#2690=SURFACE_STYLE_FILL_AREA(#3855);
#2691=ORIENTED_EDGE('',*,*,#3824,.T.);
#2692=ORIENTED_EDGE('',*,*,#3856,.T.);
#2693=ORIENTED_EDGE('',*,*,#3857,.T.);
#2694=ORIENTED_EDGE('',*,*,#3853,.T.);
#2695=CARTESIAN_POINT('',(12.5,0.0,0.0));
#2696=DIRECTION('',(0.0,-6.12323399573676E-17,1.0));
#2697=DIRECTION('',(0.0,-1.0,-6.12323399573676E-17));
#2698=SURFACE_STYLE_FILL_AREA(#3858);
#2699=ORIENTED_EDGE('',*,*,#3823,.T.);
#2700=ORIENTED_EDGE('',*,*,#3859,.F.);
#2701=ORIENTED_EDGE('',*,*,#3860,.F.);
#2702=ORIENTED_EDGE('',*,*,#3856,.F.);
#2703=CARTESIAN_POINT('',(22.5,1.53080849893419E-16,-2.5));
#2704=DIRECTION('',(0.0,-1.0,-6.12323399573676E-17));
#2705=DIRECTION('',(1.0,0.0,0.0));
#2706=SURFACE_STYLE_FILL_AREA(#3861);
#2707=ORIENTED_EDGE('',*,*,#3730,.T.);
#2708=ORIENTED_EDGE('',*,*,#3771,.T.);
#2709=ORIENTED_EDGE('',*,*,#3727,.F.);
#2710=ORIENTED_EDGE('',*,*,#3862,.F.);
#2711=CARTESIAN_POINT('',(-1.50000000000006,-3.0,-25.1000000000001));
#2712=DIRECTION('',(0.0,-1.0,-6.12323399573676E-17));
#2713=DIRECTION('',(0.0,-6.12323399573676E-17,1.0));
#2714=SURFACE_STYLE_FILL_AREA(#3863);
#2715=ORIENTED_EDGE('',*,*,#3864,.F.);
#2716=ORIENTED_EDGE('',*,*,#3865,.F.);
#2717=ORIENTED_EDGE('',*,*,#3866,.F.);
#2718=ORIENTED_EDGE('',*,*,#3867,.F.);
#2719=ORIENTED_EDGE('',*,*,#3868,.F.);
#2720=ORIENTED_EDGE('',*,*,#3869,.F.);
#2721=ORIENTED_EDGE('',*,*,#3870,.F.);
#2722=ORIENTED_EDGE('',*,*,#3871,.F.);
#2723=ORIENTED_EDGE('',*,*,#3831,.T.);
#2724=ORIENTED_EDGE('',*,*,#3847,.T.);
#2725=ORIENTED_EDGE('',*,*,#3844,.T.);
#2726=ORIENTED_EDGE('',*,*,#3841,.T.);
#2727=ORIENTED_EDGE('',*,*,#3838,.T.);
#2728=ORIENTED_EDGE('',*,*,#3835,.T.);
#2729=CARTESIAN_POINT('',(-1.50000000000006,1.53693173292993E-15,-25.1000000000001));
#2730=DIRECTION('',(0.0,-1.0,-6.12323399573676E-17));
#2731=DIRECTION('',(0.0,-6.12323399573676E-17,1.0));
#2732=SURFACE_STYLE_FILL_AREA(#3872);
#2733=ORIENTED_EDGE('',*,*,#3864,.T.);
#2734=ORIENTED_EDGE('',*,*,#3873,.F.);
#2735=ORIENTED_EDGE('',*,*,#3810,.F.);
#2736=ORIENTED_EDGE('',*,*,#3874,.T.);
#2737=CARTESIAN_POINT('',(-5.50000000000002,-3.0,-11.1));
#2738=DIRECTION('',(1.0,2.01061514767536E-31,-3.28358372238466E-15));
#2739=DIRECTION('',(-3.28358372238466E-15,6.12323399573676E-17,-1.0));
#2740=SURFACE_STYLE_FILL_AREA(#3875);
#2741=ORIENTED_EDGE('',*,*,#3871,.T.);
#2742=ORIENTED_EDGE('',*,*,#3876,.F.);
#2743=ORIENTED_EDGE('',*,*,#3811,.F.);
#2744=ORIENTED_EDGE('',*,*,#3873,.T.);
#2745=CARTESIAN_POINT('',(-1.50000000000006,-3.0,-25.1000000000001));
#2746=DIRECTION('',(0.0,-1.0,-6.12323399573676E-17));
#2747=DIRECTION('',(1.0,0.0,0.0));
#2748=SURFACE_STYLE_FILL_AREA(#3877);
#2749=ORIENTED_EDGE('',*,*,#3870,.T.);
#2750=ORIENTED_EDGE('',*,*,#3878,.F.);
#2751=ORIENTED_EDGE('',*,*,#3812,.F.);
#2752=ORIENTED_EDGE('',*,*,#3876,.T.);
#2753=CARTESIAN_POINT('',(-1.50000000000006,-3.0,-29.1000000000001));
#2754=DIRECTION('',(0.0,-6.12323399573676E-17,1.0));
#2755=DIRECTION('',(0.0,-1.0,-6.12323399573676E-17));
#2756=SURFACE_STYLE_FILL_AREA(#3879);
#2757=ORIENTED_EDGE('',*,*,#3869,.T.);
#2758=ORIENTED_EDGE('',*,*,#3880,.F.);
#2759=ORIENTED_EDGE('',*,*,#3813,.F.);
#2760=ORIENTED_EDGE('',*,*,#3878,.T.);
#2761=CARTESIAN_POINT('',(26.5,-3.0,-25.1000000000001));
#2762=DIRECTION('',(0.0,-1.0,-6.12323399573676E-17));
#2763=DIRECTION('',(1.0,0.0,0.0));
#2764=SURFACE_STYLE_FILL_AREA(#3881);
#2765=ORIENTED_EDGE('',*,*,#3868,.T.);
#2766=ORIENTED_EDGE('',*,*,#3882,.F.);
#2767=ORIENTED_EDGE('',*,*,#3806,.F.);
#2768=ORIENTED_EDGE('',*,*,#3734,.F.);
#2769=ORIENTED_EDGE('',*,*,#3814,.F.);
#2770=ORIENTED_EDGE('',*,*,#3880,.T.);
#2771=CARTESIAN_POINT('',(30.5,-3.0,-11.1000000000001));
#2772=DIRECTION('',(-1.0,-1.36570085502478E-31,2.23035875482733E-15));
#2773=DIRECTION('',(-2.23035875482733E-15,6.12323399573676E-17,-1.0));
#2774=SURFACE_STYLE_FILL_AREA(#3883);
#2775=ORIENTED_EDGE('',*,*,#3867,.T.);
#2776=ORIENTED_EDGE('',*,*,#3884,.F.);
#2777=ORIENTED_EDGE('',*,*,#3807,.F.);
#2778=ORIENTED_EDGE('',*,*,#3882,.T.);
#2779=CARTESIAN_POINT('',(26.5,-3.0,2.89999999999994));
#2780=DIRECTION('',(0.0,-1.0,-6.12323399573676E-17));
#2781=DIRECTION('',(1.0,0.0,0.0));
#2782=SURFACE_STYLE_FILL_AREA(#3885);
#2783=ORIENTED_EDGE('',*,*,#3866,.T.);
#2784=ORIENTED_EDGE('',*,*,#3886,.F.);
#2785=ORIENTED_EDGE('',*,*,#3808,.F.);
#2786=ORIENTED_EDGE('',*,*,#3884,.T.);
#2787=CARTESIAN_POINT('',(26.5,-3.0,6.89999999999994));
#2788=DIRECTION('',(0.0,6.12323399573676E-17,-1.0));
#2789=DIRECTION('',(1.0,0.0,0.0));
#2790=SURFACE_STYLE_FILL_AREA(#3887);
#2791=ORIENTED_EDGE('',*,*,#3865,.T.);
#2792=ORIENTED_EDGE('',*,*,#3874,.F.);
#2793=ORIENTED_EDGE('',*,*,#3809,.F.);
#2794=ORIENTED_EDGE('',*,*,#3886,.T.);
#2795=CARTESIAN_POINT('',(-1.5,-3.0,2.89999999999994));
#2796=DIRECTION('',(0.0,-1.0,-6.12323399573676E-17));
#2797=DIRECTION('',(1.0,0.0,0.0));
#2798=SURFACE_STYLE_FILL_AREA(#3888);
#2799=ORIENTED_EDGE('',*,*,#3889,.F.);
#2800=ORIENTED_EDGE('',*,*,#3890,.T.);
#2801=ORIENTED_EDGE('',*,*,#3891,.F.);
#2802=ORIENTED_EDGE('',*,*,#3892,.F.);
#2803=CARTESIAN_POINT('',(15.1612256612389,3.95,-8.77919761646638));
#2804=DIRECTION('',(0.0,-6.12323399573676E-17,1.0));
#2805=DIRECTION('',(0.0,-1.0,-6.12323399573676E-17));
#2806=SURFACE_STYLE_FILL_AREA(#3893);
#2807=ORIENTED_EDGE('',*,*,#3894,.F.);
#2808=ORIENTED_EDGE('',*,*,#3895,.T.);
#2809=ORIENTED_EDGE('',*,*,#3896,.F.);
#2810=ORIENTED_EDGE('',*,*,#3890,.F.);
#2811=CARTESIAN_POINT('',(15.590514060688,3.95,-8.77919761646638));
#2812=DIRECTION('',(0.875278385173951,-2.96131490548778E-17,0.483619425217061));
#2813=DIRECTION('',(0.0,-1.0,-6.12323399573676E-17));
#2814=SURFACE_STYLE_FILL_AREA(#3897);
#2815=ORIENTED_EDGE('',*,*,#3898,.F.);
#2816=ORIENTED_EDGE('',*,*,#3899,.T.);
#2817=ORIENTED_EDGE('',*,*,#3900,.F.);
#2818=ORIENTED_EDGE('',*,*,#3895,.F.);
#2819=CARTESIAN_POINT('',(15.9788925507836,3.95,-9.48210424081182));
#2820=DIRECTION('',(-0.875558378380596,-2.9582098596063E-17,0.483112332742129));
#2821=DIRECTION('',(-0.483112332742129,5.36124882775222E-17,-0.875558378380596));
#2822=SURFACE_STYLE_FILL_AREA(#3901);
#2823=ORIENTED_EDGE('',*,*,#3902,.F.);
#2824=ORIENTED_EDGE('',*,*,#3903,.T.);
#2825=ORIENTED_EDGE('',*,*,#3904,.F.);
#2826=ORIENTED_EDGE('',*,*,#3899,.F.);
#2827=CARTESIAN_POINT('',(16.3667397433552,3.95,-8.77919761646638));
#2828=DIRECTION('',(0.0,-6.12323399573676E-17,1.0));
#2829=DIRECTION('',(0.0,-1.0,-6.12323399573676E-17));
#2830=SURFACE_STYLE_FILL_AREA(#3905);
#2831=ORIENTED_EDGE('',*,*,#3906,.F.);
#2832=ORIENTED_EDGE('',*,*,#3907,.T.);
#2833=ORIENTED_EDGE('',*,*,#3908,.F.);
#2834=ORIENTED_EDGE('',*,*,#3903,.F.);
#2835=CARTESIAN_POINT('',(16.8911303996129,3.95,-8.77919761646638));
#2836=DIRECTION('',(0.866074595816131,3.06109522008135E-17,-0.499914787220708));
#2837=DIRECTION('',(0.0,-1.0,-6.12323399573676E-17));
#2838=SURFACE_STYLE_FILL_AREA(#3909);
#2839=ORIENTED_EDGE('',*,*,#3910,.F.);
#2840=ORIENTED_EDGE('',*,*,#3911,.T.);
#2841=ORIENTED_EDGE('',*,*,#3912,.F.);
#2842=ORIENTED_EDGE('',*,*,#3907,.F.);
#2843=CARTESIAN_POINT('',(16.2934206850334,3.95,-9.81469649088004));
#2844=DIRECTION('',(0.862091442057986,-3.1029656414492E-17,0.506752745952483));
#2845=DIRECTION('',(0.0,-1.0,-6.12323399573676E-17));
#2846=SURFACE_STYLE_FILL_AREA(#3913);
#2847=ORIENTED_EDGE('',*,*,#3914,.F.);
#2848=ORIENTED_EDGE('',*,*,#3915,.T.);
#2849=ORIENTED_EDGE('',*,*,#3916,.F.);
#2850=ORIENTED_EDGE('',*,*,#3911,.F.);
#2851=CARTESIAN_POINT('',(16.8215304239596,3.95,-10.7131206040835));
#2852=DIRECTION('',(0.0,6.12323399573676E-17,-1.0));
#2853=DIRECTION('',(1.0,0.0,0.0));
#2854=SURFACE_STYLE_FILL_AREA(#3917);
#2855=ORIENTED_EDGE('',*,*,#3918,.F.);
#2856=ORIENTED_EDGE('',*,*,#3919,.T.);
#2857=ORIENTED_EDGE('',*,*,#3920,.F.);
#2858=ORIENTED_EDGE('',*,*,#3915,.F.);
#2859=CARTESIAN_POINT('',(16.3980862972753,3.95,-10.7131206040835));
#2860=DIRECTION('',(-0.872815075273702,2.9884508874632E-17,-0.488051067384307));
#2861=DIRECTION('',(0.0,1.0,6.12323399573676E-17));
#2862=SURFACE_STYLE_FILL_AREA(#3921);
#2863=ORIENTED_EDGE('',*,*,#3922,.F.);
#2864=ORIENTED_EDGE('',*,*,#3923,.T.);
#2865=ORIENTED_EDGE('',*,*,#3924,.F.);
#2866=ORIENTED_EDGE('',*,*,#3919,.F.);
#2867=CARTESIAN_POINT('',(16.0692131298756,3.95,-10.1249742449373));
#2868=DIRECTION('',(0.882816103029441,2.87619797571608E-17,-0.469718775685953));
#2869=DIRECTION('',(0.0,-1.0,-6.12323399573676E-17));
#2870=SURFACE_STYLE_FILL_AREA(#3925);
#2871=ORIENTED_EDGE('',*,*,#3926,.F.);
#2872=ORIENTED_EDGE('',*,*,#3927,.T.);
#2873=ORIENTED_EDGE('',*,*,#3928,.F.);
#2874=ORIENTED_EDGE('',*,*,#3923,.F.);
#2875=CARTESIAN_POINT('',(15.756278888198,3.95,-10.7131206040835));
#2876=DIRECTION('',(0.0,6.12323399573676E-17,-1.0));
#2877=DIRECTION('',(1.0,0.0,0.0));
#2878=SURFACE_STYLE_FILL_AREA(#3929);
#2879=ORIENTED_EDGE('',*,*,#3930,.F.);
#2880=ORIENTED_EDGE('',*,*,#3931,.T.);
#2881=ORIENTED_EDGE('',*,*,#3932,.F.);
#2882=ORIENTED_EDGE('',*,*,#3927,.F.);
#2883=CARTESIAN_POINT('',(15.2292317443199,3.95,-10.7131206040835));
#2884=DIRECTION('',(-0.863116788774886,-3.09225989737534E-17,0.505004365263241));
#2885=DIRECTION('',(-0.505004365263241,5.28506606331753E-17,-0.863116788774886));
#2886=SURFACE_STYLE_FILL_AREA(#3933);
#2887=ORIENTED_EDGE('',*,*,#3934,.F.);
#2888=ORIENTED_EDGE('',*,*,#3892,.T.);
#2889=ORIENTED_EDGE('',*,*,#3935,.F.);
#2890=ORIENTED_EDGE('',*,*,#3931,.F.);
#2891=CARTESIAN_POINT('',(15.7589353758183,3.95,-9.80778962306712));
#2892=DIRECTION('',(-0.864619988578804,3.07647433930358E-17,-0.502426387991304));
#2893=DIRECTION('',(0.0,1.0,6.12323399573676E-17));
#2894=SURFACE_STYLE_FILL_AREA(#3936);
#2895=ORIENTED_EDGE('',*,*,#3912,.T.);
#2896=ORIENTED_EDGE('',*,*,#3916,.T.);
#2897=ORIENTED_EDGE('',*,*,#3920,.T.);
#2898=ORIENTED_EDGE('',*,*,#3924,.T.);
#2899=ORIENTED_EDGE('',*,*,#3928,.T.);
#2900=ORIENTED_EDGE('',*,*,#3932,.T.);
#2901=ORIENTED_EDGE('',*,*,#3935,.T.);
#2902=ORIENTED_EDGE('',*,*,#3891,.T.);
#2903=ORIENTED_EDGE('',*,*,#3896,.T.);
#2904=ORIENTED_EDGE('',*,*,#3900,.T.);
#2905=ORIENTED_EDGE('',*,*,#3904,.T.);
#2906=ORIENTED_EDGE('',*,*,#3908,.T.);
#2907=CARTESIAN_POINT('',(16.5574755544965,4.05,-10.2639085474818));
#2908=DIRECTION('',(0.0,-1.0,-6.12323399573676E-17));
#2909=DIRECTION('',(0.0,-6.12323399573676E-17,1.0));
#2910=SURFACE_STYLE_FILL_AREA(#3937);
#2911=ORIENTED_EDGE('',*,*,#3938,.F.);
#2912=ORIENTED_EDGE('',*,*,#3939,.T.);
#2913=ORIENTED_EDGE('',*,*,#3940,.F.);
#2914=ORIENTED_EDGE('',*,*,#3941,.F.);
#2915=CARTESIAN_POINT('',(9.287731532638,3.95,-10.7131206040835));
#2916=DIRECTION('',(-0.955589168996467,1.80453004566055E-17,-0.29470212095715));
#2917=DIRECTION('',(0.0,1.0,6.12323399573676E-17));
#2918=SURFACE_STYLE_FILL_AREA(#3942);
#2919=ORIENTED_EDGE('',*,*,#3943,.F.);
#2920=ORIENTED_EDGE('',*,*,#3944,.T.);
#2921=ORIENTED_EDGE('',*,*,#3945,.F.);
#2922=ORIENTED_EDGE('',*,*,#3939,.F.);
#2923=CARTESIAN_POINT('',(8.93069959646254,3.95,-9.55542329913357));
#2924=DIRECTION('',(0.959827145476975,1.71813025883267E-17,-0.280591964969638));
#2925=DIRECTION('',(0.0,-1.0,-6.12323399573676E-17));
#2926=SURFACE_STYLE_FILL_AREA(#3946);
#2927=ORIENTED_EDGE('',*,*,#3947,.F.);
#2928=ORIENTED_EDGE('',*,*,#3948,.T.);
#2929=ORIENTED_EDGE('',*,*,#3949,.F.);
#2930=ORIENTED_EDGE('',*,*,#3944,.F.);
#2931=CARTESIAN_POINT('',(8.59226307362954,3.95,-10.7131206040835));
#2932=DIRECTION('',(0.0,6.12323399573676E-17,-1.0));
#2933=DIRECTION('',(1.0,0.0,0.0));
#2934=SURFACE_STYLE_FILL_AREA(#3950);
#2935=ORIENTED_EDGE('',*,*,#3951,.F.);
#2936=ORIENTED_EDGE('',*,*,#3952,.T.);
#2937=ORIENTED_EDGE('',*,*,#3953,.F.);
#2938=ORIENTED_EDGE('',*,*,#3948,.F.);
#2939=CARTESIAN_POINT('',(7.88669996166374,3.95,-10.7131206040835));
#2940=DIRECTION('',(-1.0,0.0,0.0));
#2941=DIRECTION('',(0.0,1.0,6.12323399573676E-17));
#2942=SURFACE_STYLE_FILL_AREA(#3954);
#2943=ORIENTED_EDGE('',*,*,#3955,.F.);
#2944=ORIENTED_EDGE('',*,*,#3956,.T.);
#2945=ORIENTED_EDGE('',*,*,#3957,.F.);
#2946=ORIENTED_EDGE('',*,*,#3952,.F.);
#2947=CARTESIAN_POINT('',(7.88669996166374,3.95,-8.77919761646638));
#2948=DIRECTION('',(0.0,-6.12323399573676E-17,1.0));
#2949=DIRECTION('',(0.0,-1.0,-6.12323399573676E-17));
#2950=SURFACE_STYLE_FILL_AREA(#3958);
#2951=ORIENTED_EDGE('',*,*,#3959,.F.);
#2952=ORIENTED_EDGE('',*,*,#3960,.T.);
#2953=ORIENTED_EDGE('',*,*,#3961,.F.);
#2954=ORIENTED_EDGE('',*,*,#3956,.F.);
#2955=CARTESIAN_POINT('',(8.26604639385017,3.95,-8.77919761646638));
#2956=DIRECTION('',(1.0,0.0,0.0));
#2957=DIRECTION('',(0.0,6.12323399573676E-17,-1.0));
#2958=SURFACE_STYLE_FILL_AREA(#3962);
#2959=ORIENTED_EDGE('',*,*,#3963,.F.);
#2960=ORIENTED_EDGE('',*,*,#3964,.T.);
#2961=ORIENTED_EDGE('',*,*,#3965,.F.);
#2962=ORIENTED_EDGE('',*,*,#3960,.F.);
#2963=CARTESIAN_POINT('',(8.26604639385017,3.95,-10.356088667908));
#2964=DIRECTION('',(-0.957327710786713,-1.76964274226419E-17,0.289004591935616));
#2965=DIRECTION('',(-0.289004591935616,5.86194158375005E-17,-0.957327710786713));
#2966=SURFACE_STYLE_FILL_AREA(#3966);
#2967=ORIENTED_EDGE('',*,*,#3967,.F.);
#2968=ORIENTED_EDGE('',*,*,#3968,.T.);
#2969=ORIENTED_EDGE('',*,*,#3969,.F.);
#2970=ORIENTED_EDGE('',*,*,#3964,.F.);
#2971=CARTESIAN_POINT('',(8.74208897541746,3.95,-8.77919761646638));
#2972=DIRECTION('',(0.0,-6.12323399573676E-17,1.0));
#2973=DIRECTION('',(0.0,-1.0,-6.12323399573676E-17));
#2974=SURFACE_STYLE_FILL_AREA(#3970);
#2975=ORIENTED_EDGE('',*,*,#3971,.F.);
#2976=ORIENTED_EDGE('',*,*,#3972,.T.);
#2977=ORIENTED_EDGE('',*,*,#3973,.F.);
#2978=ORIENTED_EDGE('',*,*,#3968,.F.);
#2979=CARTESIAN_POINT('',(9.05236672947471,3.95,-8.77919761646638));
#2980=DIRECTION('',(0.955618750273763,-1.80394260615076E-17,0.294606184804751));
#2981=DIRECTION('',(0.0,-1.0,-6.12323399573676E-17));
#2982=SURFACE_STYLE_FILL_AREA(#3974);
#2983=ORIENTED_EDGE('',*,*,#3975,.F.);
#2984=ORIENTED_EDGE('',*,*,#3976,.T.);
#2985=ORIENTED_EDGE('',*,*,#3977,.F.);
#2986=ORIENTED_EDGE('',*,*,#3972,.F.);
#2987=CARTESIAN_POINT('',(9.53850396399934,3.95,-10.356088667908));
#2988=DIRECTION('',(-1.0,0.0,0.0));
#2989=DIRECTION('',(0.0,1.0,6.12323399573676E-17));
#2990=SURFACE_STYLE_FILL_AREA(#3978);
#2991=ORIENTED_EDGE('',*,*,#3979,.F.);
#2992=ORIENTED_EDGE('',*,*,#3980,.T.);
#2993=ORIENTED_EDGE('',*,*,#3981,.F.);
#2994=ORIENTED_EDGE('',*,*,#3976,.F.);
#2995=CARTESIAN_POINT('',(9.53850396399934,3.95,-8.77919761646638));
#2996=DIRECTION('',(0.0,-6.12323399573676E-17,1.0));
#2997=DIRECTION('',(0.0,-1.0,-6.12323399573676E-17));
#2998=SURFACE_STYLE_FILL_AREA(#3982);
#2999=ORIENTED_EDGE('',*,*,#3983,.F.);
#3000=ORIENTED_EDGE('',*,*,#3984,.T.);
#3001=ORIENTED_EDGE('',*,*,#3985,.F.);
#3002=ORIENTED_EDGE('',*,*,#3980,.F.);
#3003=CARTESIAN_POINT('',(9.99435723965195,3.95,-8.77919761646638));
#3004=DIRECTION('',(1.0,0.0,0.0));
#3005=DIRECTION('',(0.0,6.12323399573676E-17,-1.0));
#3006=SURFACE_STYLE_FILL_AREA(#3986);
#3007=ORIENTED_EDGE('',*,*,#3987,.F.);
#3008=ORIENTED_EDGE('',*,*,#3941,.T.);
#3009=ORIENTED_EDGE('',*,*,#3988,.F.);
#3010=ORIENTED_EDGE('',*,*,#3984,.F.);
#3011=CARTESIAN_POINT('',(9.99435723965195,3.95,-10.7131206040835));
#3012=DIRECTION('',(0.0,6.12323399573676E-17,-1.0));
#3013=DIRECTION('',(1.0,0.0,0.0));
#3014=SURFACE_STYLE_FILL_AREA(#3989);
#3015=ORIENTED_EDGE('',*,*,#3965,.T.);
#3016=ORIENTED_EDGE('',*,*,#3969,.T.);
#3017=ORIENTED_EDGE('',*,*,#3973,.T.);
#3018=ORIENTED_EDGE('',*,*,#3977,.T.);
#3019=ORIENTED_EDGE('',*,*,#3981,.T.);
#3020=ORIENTED_EDGE('',*,*,#3985,.T.);
#3021=ORIENTED_EDGE('',*,*,#3988,.T.);
#3022=ORIENTED_EDGE('',*,*,#3940,.T.);
#3023=ORIENTED_EDGE('',*,*,#3945,.T.);
#3024=ORIENTED_EDGE('',*,*,#3949,.T.);
#3025=ORIENTED_EDGE('',*,*,#3953,.T.);
#3026=ORIENTED_EDGE('',*,*,#3957,.T.);
#3027=ORIENTED_EDGE('',*,*,#3961,.T.);
#3028=CARTESIAN_POINT('',(8.50406768463382,4.05,-9.56764314218719));
#3029=DIRECTION('',(0.0,-1.0,-6.12323399573676E-17));
#3030=DIRECTION('',(0.0,-6.12323399573676E-17,1.0));
#3031=SURFACE_STYLE_FILL_AREA(#3990);
#3032=ORIENTED_EDGE('',*,*,#3991,.F.);
#3033=ORIENTED_EDGE('',*,*,#3992,.T.);
#3034=ORIENTED_EDGE('',*,*,#3993,.F.);
#3035=ORIENTED_EDGE('',*,*,#3994,.F.);
#3036=CARTESIAN_POINT('',(12.2369640887541,3.95,-8.77919761646638));
#3037=DIRECTION('',(0.0,-6.12323399573676E-17,1.0));
#3038=DIRECTION('',(0.0,-1.0,-6.12323399573676E-17));
#3039=SURFACE_STYLE_FILL_AREA(#3995);
#3040=ORIENTED_EDGE('',*,*,#3996,.F.);
#3041=ORIENTED_EDGE('',*,*,#3997,.T.);
#3042=ORIENTED_EDGE('',*,*,#3998,.F.);
#3043=ORIENTED_EDGE('',*,*,#3992,.F.);
#3044=CARTESIAN_POINT('',(13.4653239644054,3.95,-8.77919761646638));
#3045=DIRECTION('',(1.0,0.0,0.0));
#3046=DIRECTION('',(0.0,6.12323399573676E-17,-1.0));
#3047=SURFACE_STYLE_FILL_AREA(#3999);
#3048=ORIENTED_EDGE('',*,*,#4000,.F.);
#3049=ORIENTED_EDGE('',*,*,#4001,.T.);
#3050=ORIENTED_EDGE('',*,*,#4002,.F.);
#3051=ORIENTED_EDGE('',*,*,#3997,.F.);
#3052=CARTESIAN_POINT('',(13.4653239644054,3.95,-9.16173183379723));
#3053=DIRECTION('',(0.0,6.12323399573676E-17,-1.0));
#3054=DIRECTION('',(1.0,0.0,0.0));
#3055=SURFACE_STYLE_FILL_AREA(#4003);
#3056=ORIENTED_EDGE('',*,*,#4004,.F.);
#3057=ORIENTED_EDGE('',*,*,#4005,.T.);
#3058=ORIENTED_EDGE('',*,*,#4006,.F.);
#3059=ORIENTED_EDGE('',*,*,#4001,.F.);
#3060=CARTESIAN_POINT('',(12.6960051495511,3.95,-9.16173183379723));
#3061=DIRECTION('',(1.0,0.0,0.0));
#3062=DIRECTION('',(0.0,6.12323399573676E-17,-1.0));
#3063=SURFACE_STYLE_FILL_AREA(#4007);
#3064=ORIENTED_EDGE('',*,*,#4008,.F.);
#3065=ORIENTED_EDGE('',*,*,#4009,.T.);
#3066=ORIENTED_EDGE('',*,*,#4010,.F.);
#3067=ORIENTED_EDGE('',*,*,#4005,.F.);
#3068=CARTESIAN_POINT('',(12.6960051495511,3.95,-10.7131206040835));
#3069=DIRECTION('',(0.0,6.12323399573676E-17,-1.0));
#3070=DIRECTION('',(1.0,0.0,0.0));
#3071=SURFACE_STYLE_FILL_AREA(#4011);
#3072=ORIENTED_EDGE('',*,*,#4012,.F.);
#3073=ORIENTED_EDGE('',*,*,#3994,.T.);
#3074=ORIENTED_EDGE('',*,*,#4013,.F.);
#3075=ORIENTED_EDGE('',*,*,#4009,.F.);
#3076=CARTESIAN_POINT('',(12.2369640887541,3.95,-10.7131206040835));
#3077=DIRECTION('',(-1.0,0.0,0.0));
#3078=DIRECTION('',(0.0,1.0,6.12323399573676E-17));
#3079=SURFACE_STYLE_FILL_AREA(#4014);
#3080=ORIENTED_EDGE('',*,*,#4002,.T.);
#3081=ORIENTED_EDGE('',*,*,#4006,.T.);
#3082=ORIENTED_EDGE('',*,*,#4010,.T.);
#3083=ORIENTED_EDGE('',*,*,#4013,.T.);
#3084=ORIENTED_EDGE('',*,*,#3993,.T.);
#3085=ORIENTED_EDGE('',*,*,#3998,.T.);
#3086=CARTESIAN_POINT('',(13.0806645569783,4.05,-9.16173183379723));
#3087=DIRECTION('',(-0.0,1.0,6.12323399573676E-17));
#3088=DIRECTION('',(1.0,0.0,0.0));
#3089=SURFACE_STYLE_FILL_AREA(#4015);
#3090=ORIENTED_EDGE('',*,*,#4016,.F.);
#3091=ORIENTED_EDGE('',*,*,#4017,.T.);
#3092=ORIENTED_EDGE('',*,*,#4018,.F.);
#3093=ORIENTED_EDGE('',*,*,#4019,.F.);
#3094=CARTESIAN_POINT('',(16.4139136530473,3.95,-7.46120923912033));
#3095=DIRECTION('',(-1.0,0.0,0.0));
#3096=DIRECTION('',(0.0,1.0,6.12323399573676E-17));
#3097=SURFACE_STYLE_FILL_AREA(#4020);
#3098=ORIENTED_EDGE('',*,*,#4021,.F.);
#3099=ORIENTED_EDGE('',*,*,#4022,.T.);
#3100=ORIENTED_EDGE('',*,*,#4023,.F.);
#3101=ORIENTED_EDGE('',*,*,#4017,.F.);
#3102=CARTESIAN_POINT('',(16.4139136530473,3.95,-6.73272292378536));
#3103=DIRECTION('',(0.0,6.12323399573676E-17,-1.0));
#3104=DIRECTION('',(1.0,0.0,0.0));
#3105=SURFACE_STYLE_FILL_AREA(#4024);
#3106=ORIENTED_EDGE('',*,*,#4025,.F.);
#3107=ORIENTED_EDGE('',*,*,#4026,.T.);
#3108=ORIENTED_EDGE('',*,*,#4027,.F.);
#3109=ORIENTED_EDGE('',*,*,#4028,.F.);
#3110=SURFACE_STYLE_FILL_AREA(#4029);
#3111=ORIENTED_EDGE('',*,*,#4030,.F.);
#3112=ORIENTED_EDGE('',*,*,#4031,.T.);
#3113=ORIENTED_EDGE('',*,*,#4032,.F.);
#3114=ORIENTED_EDGE('',*,*,#4026,.F.);
#3115=SURFACE_STYLE_FILL_AREA(#4033);
#3116=ORIENTED_EDGE('',*,*,#4034,.F.);
#3117=ORIENTED_EDGE('',*,*,#4035,.T.);
#3118=ORIENTED_EDGE('',*,*,#4036,.F.);
#3119=ORIENTED_EDGE('',*,*,#4031,.F.);
#3120=SURFACE_STYLE_FILL_AREA(#4037);
#3121=ORIENTED_EDGE('',*,*,#4038,.F.);
#3122=ORIENTED_EDGE('',*,*,#4019,.T.);
#3123=ORIENTED_EDGE('',*,*,#4039,.F.);
#3124=ORIENTED_EDGE('',*,*,#4022,.F.);
#3125=CARTESIAN_POINT('',(15.8661228681052,3.95,-6.73272292378536));
#3126=DIRECTION('',(0.79924838035495,-3.6800688606351E-17,0.601000853992728));
#3127=DIRECTION('',(0.0,-1.0,-6.12323399573676E-17));
#3128=SURFACE_STYLE_FILL_AREA(#4040);
#3129=ORIENTED_EDGE('',*,*,#4041,.F.);
#3130=ORIENTED_EDGE('',*,*,#4042,.T.);
#3131=ORIENTED_EDGE('',*,*,#4043,.F.);
#3132=ORIENTED_EDGE('',*,*,#4035,.F.);
#3133=SURFACE_STYLE_FILL_AREA(#4044);
#3134=ORIENTED_EDGE('',*,*,#4045,.F.);
#3135=ORIENTED_EDGE('',*,*,#4028,.T.);
#3136=ORIENTED_EDGE('',*,*,#4046,.F.);
#3137=ORIENTED_EDGE('',*,*,#4042,.F.);
#3138=SURFACE_STYLE_FILL_AREA(#4047);
#3139=ORIENTED_EDGE('',*,*,#4036,.T.);
#3140=ORIENTED_EDGE('',*,*,#4043,.T.);
#3141=ORIENTED_EDGE('',*,*,#4046,.T.);
#3142=ORIENTED_EDGE('',*,*,#4027,.T.);
#3143=ORIENTED_EDGE('',*,*,#4032,.T.);
#3144=ORIENTED_EDGE('',*,*,#4023,.T.);
#3145=ORIENTED_EDGE('',*,*,#4039,.T.);
#3146=ORIENTED_EDGE('',*,*,#4018,.T.);
#3147=CARTESIAN_POINT('',(16.5762679893551,4.05,-6.02776942440044));
#3148=DIRECTION('',(0.0,-1.0,-6.12323399573676E-17));
#3149=DIRECTION('',(0.0,-6.12323399573676E-17,1.0));
#3150=SURFACE_STYLE_FILL_AREA(#4048);
#3151=ORIENTED_EDGE('',*,*,#4049,.F.);
#3152=ORIENTED_EDGE('',*,*,#4050,.T.);
#3153=ORIENTED_EDGE('',*,*,#4051,.F.);
#3154=ORIENTED_EDGE('',*,*,#4052,.F.);
#3155=SURFACE_STYLE_FILL_AREA(#4053);
#3156=ORIENTED_EDGE('',*,*,#4054,.F.);
#3157=ORIENTED_EDGE('',*,*,#4055,.T.);
#3158=ORIENTED_EDGE('',*,*,#4056,.F.);
#3159=ORIENTED_EDGE('',*,*,#4050,.F.);
#3160=SURFACE_STYLE_FILL_AREA(#4057);
#3161=ORIENTED_EDGE('',*,*,#4058,.F.);
#3162=ORIENTED_EDGE('',*,*,#4059,.T.);
#3163=ORIENTED_EDGE('',*,*,#4060,.F.);
#3164=ORIENTED_EDGE('',*,*,#4055,.F.);
#3165=SURFACE_STYLE_FILL_AREA(#4061);
#3166=ORIENTED_EDGE('',*,*,#3714,.T.);
#3167=ORIENTED_EDGE('',*,*,#4062,.F.);
#3168=ORIENTED_EDGE('',*,*,#3716,.F.);
#3169=ORIENTED_EDGE('',*,*,#4063,.F.);
#3170=SURFACE_STYLE_FILL_AREA(#4064);
#3171=ORIENTED_EDGE('',*,*,#4065,.F.);
#3172=ORIENTED_EDGE('',*,*,#4066,.T.);
#3173=ORIENTED_EDGE('',*,*,#4067,.F.);
#3174=ORIENTED_EDGE('',*,*,#4059,.F.);
#3175=SURFACE_STYLE_FILL_AREA(#4068);
#3176=ORIENTED_EDGE('',*,*,#4069,.F.);
#3177=ORIENTED_EDGE('',*,*,#4070,.T.);
#3178=ORIENTED_EDGE('',*,*,#4071,.F.);
#3179=ORIENTED_EDGE('',*,*,#4066,.F.);
#3180=SURFACE_STYLE_FILL_AREA(#4072);
#3181=ORIENTED_EDGE('',*,*,#4073,.F.);
#3182=ORIENTED_EDGE('',*,*,#4052,.T.);
#3183=ORIENTED_EDGE('',*,*,#4074,.F.);
#3184=ORIENTED_EDGE('',*,*,#4070,.F.);
#3185=SURFACE_STYLE_FILL_AREA(#4075);
#3186=ORIENTED_EDGE('',*,*,#4060,.T.);
#3187=ORIENTED_EDGE('',*,*,#4067,.T.);
#3188=ORIENTED_EDGE('',*,*,#4071,.T.);
#3189=ORIENTED_EDGE('',*,*,#4074,.T.);
#3190=ORIENTED_EDGE('',*,*,#4051,.T.);
#3191=ORIENTED_EDGE('',*,*,#4056,.T.);
#3192=ORIENTED_EDGE('',*,*,#3715,.T.);
#3193=ORIENTED_EDGE('',*,*,#4063,.T.);
#3194=CARTESIAN_POINT('',(12.9641331289139,4.05,-7.14223193545607));
#3195=DIRECTION('',(0.0,-1.0,-6.12323399573676E-17));
#3196=DIRECTION('',(0.0,-6.12323399573676E-17,1.0));
#3197=SURFACE_STYLE_FILL_AREA(#4076);
#3198=ORIENTED_EDGE('',*,*,#4077,.F.);
#3199=ORIENTED_EDGE('',*,*,#4078,.T.);
#3200=ORIENTED_EDGE('',*,*,#4079,.F.);
#3201=ORIENTED_EDGE('',*,*,#4080,.F.);
#3202=SURFACE_STYLE_FILL_AREA(#4081);
#3203=ORIENTED_EDGE('',*,*,#4082,.F.);
#3204=ORIENTED_EDGE('',*,*,#4083,.T.);
#3205=ORIENTED_EDGE('',*,*,#4084,.F.);
#3206=ORIENTED_EDGE('',*,*,#4078,.F.);
#3207=SURFACE_STYLE_FILL_AREA(#4085);
#3208=ORIENTED_EDGE('',*,*,#4086,.F.);
#3209=ORIENTED_EDGE('',*,*,#4080,.T.);
#3210=ORIENTED_EDGE('',*,*,#4087,.F.);
#3211=ORIENTED_EDGE('',*,*,#4083,.F.);
#3212=SURFACE_STYLE_FILL_AREA(#4088);
#3213=ORIENTED_EDGE('',*,*,#4084,.T.);
#3214=ORIENTED_EDGE('',*,*,#4087,.T.);
#3215=ORIENTED_EDGE('',*,*,#4079,.T.);
#3216=CARTESIAN_POINT('',(10.3843943331747,4.05,-6.44106238829152));
#3217=DIRECTION('',(0.0,-1.0,-6.12323399573676E-17));
#3218=DIRECTION('',(0.0,-6.12323399573676E-17,1.0));
#3219=SURFACE_STYLE_FILL_AREA(#4089);
#3220=ORIENTED_EDGE('',*,*,#4090,.F.);
#3221=ORIENTED_EDGE('',*,*,#4091,.T.);
#3222=ORIENTED_EDGE('',*,*,#4092,.F.);
#3223=ORIENTED_EDGE('',*,*,#4093,.F.);
#3224=SURFACE_STYLE_FILL_AREA(#4094);
#3225=ORIENTED_EDGE('',*,*,#4095,.F.);
#3226=ORIENTED_EDGE('',*,*,#4096,.T.);
#3227=ORIENTED_EDGE('',*,*,#4097,.F.);
#3228=ORIENTED_EDGE('',*,*,#4091,.F.);
#3229=SURFACE_STYLE_FILL_AREA(#4098);
#3230=ORIENTED_EDGE('',*,*,#4099,.F.);
#3231=ORIENTED_EDGE('',*,*,#4100,.T.);
#3232=ORIENTED_EDGE('',*,*,#4101,.F.);
#3233=ORIENTED_EDGE('',*,*,#4096,.F.);
#3234=SURFACE_STYLE_FILL_AREA(#4102);
#3235=ORIENTED_EDGE('',*,*,#4103,.F.);
#3236=ORIENTED_EDGE('',*,*,#4104,.T.);
#3237=ORIENTED_EDGE('',*,*,#4105,.F.);
#3238=ORIENTED_EDGE('',*,*,#4100,.F.);
#3239=CARTESIAN_POINT('',(8.99891825024797,3.95,-6.35507637038706));
#3240=DIRECTION('',(0.0,6.12323399573676E-17,-1.0));
#3241=DIRECTION('',(1.0,0.0,0.0));
#3242=SURFACE_STYLE_FILL_AREA(#4106);
#3243=ORIENTED_EDGE('',*,*,#4107,.F.);
#3244=ORIENTED_EDGE('',*,*,#4108,.T.);
#3245=ORIENTED_EDGE('',*,*,#4109,.F.);
#3246=ORIENTED_EDGE('',*,*,#4104,.F.);
#3247=SURFACE_STYLE_FILL_AREA(#4110);
#3248=ORIENTED_EDGE('',*,*,#4111,.F.);
#3249=ORIENTED_EDGE('',*,*,#4112,.T.);
#3250=ORIENTED_EDGE('',*,*,#4113,.F.);
#3251=ORIENTED_EDGE('',*,*,#4108,.F.);
#3252=SURFACE_STYLE_FILL_AREA(#4114);
#3253=ORIENTED_EDGE('',*,*,#4115,.F.);
#3254=ORIENTED_EDGE('',*,*,#4093,.T.);
#3255=ORIENTED_EDGE('',*,*,#4116,.F.);
#3256=ORIENTED_EDGE('',*,*,#4112,.F.);
#3257=SURFACE_STYLE_FILL_AREA(#4117);
#3258=ORIENTED_EDGE('',*,*,#4105,.T.);
#3259=ORIENTED_EDGE('',*,*,#4109,.T.);
#3260=ORIENTED_EDGE('',*,*,#4113,.T.);
#3261=ORIENTED_EDGE('',*,*,#4116,.T.);
#3262=ORIENTED_EDGE('',*,*,#4092,.T.);
#3263=ORIENTED_EDGE('',*,*,#4097,.T.);
#3264=ORIENTED_EDGE('',*,*,#4101,.T.);
#3265=CARTESIAN_POINT('',(8.36575902345025,4.05,-6.39910770109928));
#3266=DIRECTION('',(-0.0,1.0,6.12323399573676E-17));
#3267=DIRECTION('',(1.0,0.0,0.0));
#3268=SURFACE_STYLE_FILL_AREA(#4118);
#3269=ORIENTED_EDGE('',*,*,#4119,.F.);
#3270=ORIENTED_EDGE('',*,*,#4120,.T.);
#3271=ORIENTED_EDGE('',*,*,#4121,.F.);
#3272=ORIENTED_EDGE('',*,*,#4122,.F.);
#3273=SURFACE_STYLE_FILL_AREA(#4123);
#3274=ORIENTED_EDGE('',*,*,#4124,.F.);
#3275=ORIENTED_EDGE('',*,*,#4125,.T.);
#3276=ORIENTED_EDGE('',*,*,#4126,.F.);
#3277=ORIENTED_EDGE('',*,*,#4120,.F.);
#3278=SURFACE_STYLE_FILL_AREA(#4127);
#3279=ORIENTED_EDGE('',*,*,#4128,.F.);
#3280=ORIENTED_EDGE('',*,*,#4122,.T.);
#3281=ORIENTED_EDGE('',*,*,#4129,.F.);
#3282=ORIENTED_EDGE('',*,*,#4125,.F.);
#3283=SURFACE_STYLE_FILL_AREA(#4130);
#3284=ORIENTED_EDGE('',*,*,#4126,.T.);
#3285=ORIENTED_EDGE('',*,*,#4129,.T.);
#3286=ORIENTED_EDGE('',*,*,#4121,.T.);
#3287=CARTESIAN_POINT('',(11.9341598930153,4.05,-6.44106238829151));
#3288=DIRECTION('',(0.0,-1.0,-6.12323399573676E-17));
#3289=DIRECTION('',(0.0,-6.12323399573676E-17,1.0));
#3290=SURFACE_STYLE_FILL_AREA(#4131);
#3291=ORIENTED_EDGE('',*,*,#4132,.F.);
#3292=ORIENTED_EDGE('',*,*,#4133,.T.);
#3293=ORIENTED_EDGE('',*,*,#4134,.F.);
#3294=ORIENTED_EDGE('',*,*,#4135,.F.);
#3295=SURFACE_STYLE_FILL_AREA(#4136);
#3296=ORIENTED_EDGE('',*,*,#4137,.F.);
#3297=ORIENTED_EDGE('',*,*,#4138,.T.);
#3298=ORIENTED_EDGE('',*,*,#4139,.F.);
#3299=ORIENTED_EDGE('',*,*,#4133,.F.);
#3300=SURFACE_STYLE_FILL_AREA(#4140);
#3301=ORIENTED_EDGE('',*,*,#4141,.F.);
#3302=ORIENTED_EDGE('',*,*,#4142,.T.);
#3303=ORIENTED_EDGE('',*,*,#4143,.F.);
#3304=ORIENTED_EDGE('',*,*,#4138,.F.);
#3305=SURFACE_STYLE_FILL_AREA(#4144);
#3306=ORIENTED_EDGE('',*,*,#4145,.F.);
#3307=ORIENTED_EDGE('',*,*,#4146,.T.);
#3308=ORIENTED_EDGE('',*,*,#4147,.F.);
#3309=ORIENTED_EDGE('',*,*,#4142,.F.);
#3310=CARTESIAN_POINT('',(15.1979804896101,3.95,-6.35507637038706));
#3311=DIRECTION('',(0.0,6.12323399573676E-17,-1.0));
#3312=DIRECTION('',(1.0,0.0,0.0));
#3313=SURFACE_STYLE_FILL_AREA(#4148);
#3314=ORIENTED_EDGE('',*,*,#4149,.F.);
#3315=ORIENTED_EDGE('',*,*,#4150,.T.);
#3316=ORIENTED_EDGE('',*,*,#4151,.F.);
#3317=ORIENTED_EDGE('',*,*,#4146,.F.);
#3318=SURFACE_STYLE_FILL_AREA(#4152);
#3319=ORIENTED_EDGE('',*,*,#4153,.F.);
#3320=ORIENTED_EDGE('',*,*,#4154,.T.);
#3321=ORIENTED_EDGE('',*,*,#4155,.F.);
#3322=ORIENTED_EDGE('',*,*,#4150,.F.);
#3323=SURFACE_STYLE_FILL_AREA(#4156);
#3324=ORIENTED_EDGE('',*,*,#4157,.F.);
#3325=ORIENTED_EDGE('',*,*,#4135,.T.);
#3326=ORIENTED_EDGE('',*,*,#4158,.F.);
#3327=ORIENTED_EDGE('',*,*,#4154,.F.);
#3328=SURFACE_STYLE_FILL_AREA(#4159);
#3329=ORIENTED_EDGE('',*,*,#4147,.T.);
#3330=ORIENTED_EDGE('',*,*,#4151,.T.);
#3331=ORIENTED_EDGE('',*,*,#4155,.T.);
#3332=ORIENTED_EDGE('',*,*,#4158,.T.);
#3333=ORIENTED_EDGE('',*,*,#4134,.T.);
#3334=ORIENTED_EDGE('',*,*,#4139,.T.);
#3335=ORIENTED_EDGE('',*,*,#4143,.T.);
#3336=CARTESIAN_POINT('',(14.5648212628123,4.05,-6.39910770109928));
#3337=DIRECTION('',(-0.0,1.0,6.12323399573676E-17));
#3338=DIRECTION('',(1.0,0.0,0.0));
#3339=SURFACE_STYLE_FILL_AREA(#4160);
#3340=ORIENTED_EDGE('',*,*,#4161,.F.);
#3341=ORIENTED_EDGE('',*,*,#4162,.T.);
#3342=ORIENTED_EDGE('',*,*,#4163,.F.);
#3343=ORIENTED_EDGE('',*,*,#4164,.F.);
#3344=CARTESIAN_POINT('',(14.1565420432213,3.95,-9.16173183379723));
#3345=DIRECTION('',(1.0,0.0,0.0));
#3346=DIRECTION('',(0.0,6.12323399573676E-17,-1.0));
#3347=SURFACE_STYLE_FILL_AREA(#4165);
#3348=ORIENTED_EDGE('',*,*,#4166,.F.);
#3349=ORIENTED_EDGE('',*,*,#4167,.T.);
#3350=ORIENTED_EDGE('',*,*,#4168,.F.);
#3351=ORIENTED_EDGE('',*,*,#4162,.F.);
#3352=CARTESIAN_POINT('',(14.1565420432213,3.95,-9.58411336543338));
#3353=DIRECTION('',(0.0,-6.12323399573676E-17,1.0));
#3354=DIRECTION('',(0.0,-1.0,-6.12323399573676E-17));
#3355=SURFACE_STYLE_FILL_AREA(#4169);
#3356=ORIENTED_EDGE('',*,*,#4170,.F.);
#3357=ORIENTED_EDGE('',*,*,#4171,.T.);
#3358=ORIENTED_EDGE('',*,*,#4172,.F.);
#3359=ORIENTED_EDGE('',*,*,#4167,.F.);
#3360=CARTESIAN_POINT('',(14.8822944611018,3.95,-9.58411336543338));
#3361=DIRECTION('',(1.0,0.0,0.0));
#3362=DIRECTION('',(0.0,6.12323399573676E-17,-1.0));
#3363=SURFACE_STYLE_FILL_AREA(#4173);
#3364=ORIENTED_EDGE('',*,*,#4174,.F.);
#3365=ORIENTED_EDGE('',*,*,#4175,.T.);
#3366=ORIENTED_EDGE('',*,*,#4176,.F.);
#3367=ORIENTED_EDGE('',*,*,#4171,.F.);
#3368=CARTESIAN_POINT('',(14.8822944611018,3.95,-9.94805216942176));
#3369=DIRECTION('',(0.0,6.12323399573676E-17,-1.0));
#3370=DIRECTION('',(1.0,0.0,0.0));
#3371=SURFACE_STYLE_FILL_AREA(#4177);
#3372=ORIENTED_EDGE('',*,*,#4178,.F.);
#3373=ORIENTED_EDGE('',*,*,#4179,.T.);
#3374=ORIENTED_EDGE('',*,*,#4180,.F.);
#3375=ORIENTED_EDGE('',*,*,#4175,.F.);
#3376=CARTESIAN_POINT('',(14.1565420432213,3.95,-9.94805216942176));
#3377=DIRECTION('',(1.0,0.0,0.0));
#3378=DIRECTION('',(0.0,6.12323399573676E-17,-1.0));
#3379=SURFACE_STYLE_FILL_AREA(#4181);
#3380=ORIENTED_EDGE('',*,*,#4182,.F.);
#3381=ORIENTED_EDGE('',*,*,#4183,.T.);
#3382=ORIENTED_EDGE('',*,*,#4184,.F.);
#3383=ORIENTED_EDGE('',*,*,#4179,.F.);
#3384=CARTESIAN_POINT('',(14.1565420432213,3.95,-10.3444001223785));
#3385=DIRECTION('',(0.0,-6.12323399573676E-17,1.0));
#3386=DIRECTION('',(0.0,-1.0,-6.12323399573676E-17));
#3387=SURFACE_STYLE_FILL_AREA(#4185);
#3388=ORIENTED_EDGE('',*,*,#4186,.F.);
#3389=ORIENTED_EDGE('',*,*,#4187,.T.);
#3390=ORIENTED_EDGE('',*,*,#4188,.F.);
#3391=ORIENTED_EDGE('',*,*,#4183,.F.);
#3392=CARTESIAN_POINT('',(15.0788745450079,3.95,-10.3444001223785));
#3393=DIRECTION('',(1.0,0.0,0.0));
#3394=DIRECTION('',(0.0,6.12323399573676E-17,-1.0));
#3395=SURFACE_STYLE_FILL_AREA(#4189);
#3396=ORIENTED_EDGE('',*,*,#4190,.F.);
#3397=ORIENTED_EDGE('',*,*,#4191,.T.);
#3398=ORIENTED_EDGE('',*,*,#4192,.F.);
#3399=ORIENTED_EDGE('',*,*,#4187,.F.);
#3400=CARTESIAN_POINT('',(15.0788745450079,3.95,-10.7131206040835));
#3401=DIRECTION('',(0.0,6.12323399573676E-17,-1.0));
#3402=DIRECTION('',(1.0,0.0,0.0));
#3403=SURFACE_STYLE_FILL_AREA(#4193);
#3404=ORIENTED_EDGE('',*,*,#4194,.F.);
#3405=ORIENTED_EDGE('',*,*,#4195,.T.);
#3406=ORIENTED_EDGE('',*,*,#4196,.F.);
#3407=ORIENTED_EDGE('',*,*,#4191,.F.);
#3408=CARTESIAN_POINT('',(13.6964383873761,3.95,-10.7131206040835));
#3409=DIRECTION('',(-1.0,0.0,0.0));
#3410=DIRECTION('',(0.0,1.0,6.12323399573676E-17));
#3411=SURFACE_STYLE_FILL_AREA(#4197);
#3412=ORIENTED_EDGE('',*,*,#4198,.F.);
#3413=ORIENTED_EDGE('',*,*,#4199,.T.);
#3414=ORIENTED_EDGE('',*,*,#4200,.F.);
#3415=ORIENTED_EDGE('',*,*,#4195,.F.);
#3416=CARTESIAN_POINT('',(13.6964383873761,3.95,-8.77919761646638));
#3417=DIRECTION('',(0.0,-6.12323399573676E-17,1.0));
#3418=DIRECTION('',(0.0,-1.0,-6.12323399573676E-17));
#3419=SURFACE_STYLE_FILL_AREA(#4201);
#3420=ORIENTED_EDGE('',*,*,#4202,.F.);
#3421=ORIENTED_EDGE('',*,*,#4203,.T.);
#3422=ORIENTED_EDGE('',*,*,#4204,.F.);
#3423=ORIENTED_EDGE('',*,*,#4199,.F.);
#3424=CARTESIAN_POINT('',(15.0788745450079,3.95,-8.77919761646638));
#3425=DIRECTION('',(1.0,0.0,0.0));
#3426=DIRECTION('',(0.0,6.12323399573676E-17,-1.0));
#3427=SURFACE_STYLE_FILL_AREA(#4205);
#3428=ORIENTED_EDGE('',*,*,#4206,.F.);
#3429=ORIENTED_EDGE('',*,*,#4164,.T.);
#3430=ORIENTED_EDGE('',*,*,#4207,.F.);
#3431=ORIENTED_EDGE('',*,*,#4203,.F.);
#3432=CARTESIAN_POINT('',(15.0788745450079,3.95,-9.16173183379723));
#3433=DIRECTION('',(0.0,6.12323399573676E-17,-1.0));
#3434=DIRECTION('',(1.0,0.0,0.0));
#3435=SURFACE_STYLE_FILL_AREA(#4208);
#3436=ORIENTED_EDGE('',*,*,#4184,.T.);
#3437=ORIENTED_EDGE('',*,*,#4188,.T.);
#3438=ORIENTED_EDGE('',*,*,#4192,.T.);
#3439=ORIENTED_EDGE('',*,*,#4196,.T.);
#3440=ORIENTED_EDGE('',*,*,#4200,.T.);
#3441=ORIENTED_EDGE('',*,*,#4204,.T.);
#3442=ORIENTED_EDGE('',*,*,#4207,.T.);
#3443=ORIENTED_EDGE('',*,*,#4163,.T.);
#3444=ORIENTED_EDGE('',*,*,#4168,.T.);
#3445=ORIENTED_EDGE('',*,*,#4172,.T.);
#3446=ORIENTED_EDGE('',*,*,#4176,.T.);
#3447=ORIENTED_EDGE('',*,*,#4180,.T.);
#3448=CARTESIAN_POINT('',(14.6177082941146,4.05,-10.3444001223785));
#3449=DIRECTION('',(0.0,-1.0,-6.12323399573676E-17));
#3450=DIRECTION('',(0.0,-6.12323399573676E-17,1.0));
#3451=SURFACE_STYLE_FILL_AREA(#4209);
#3452=ORIENTED_EDGE('',*,*,#4210,.F.);
#3453=ORIENTED_EDGE('',*,*,#4211,.T.);
#3454=ORIENTED_EDGE('',*,*,#4212,.F.);
#3455=ORIENTED_EDGE('',*,*,#4213,.T.);
#3456=SURFACE_STYLE_FILL_AREA(#4214);
#3457=ORIENTED_EDGE('',*,*,#3709,.T.);
#3458=ORIENTED_EDGE('',*,*,#4215,.F.);
#3459=ORIENTED_EDGE('',*,*,#3711,.F.);
#3460=ORIENTED_EDGE('',*,*,#4216,.F.);
#3461=SURFACE_STYLE_FILL_AREA(#4217);
#3462=ORIENTED_EDGE('',*,*,#4218,.F.);
#3463=ORIENTED_EDGE('',*,*,#4213,.F.);
#3464=ORIENTED_EDGE('',*,*,#4219,.F.);
#3465=ORIENTED_EDGE('',*,*,#4211,.F.);
#3466=SURFACE_STYLE_FILL_AREA(#4220);
#3467=ORIENTED_EDGE('',*,*,#4212,.T.);
#3468=ORIENTED_EDGE('',*,*,#4219,.T.);
#3469=ORIENTED_EDGE('',*,*,#3710,.T.);
#3470=ORIENTED_EDGE('',*,*,#4216,.T.);
#3471=CARTESIAN_POINT('',(11.7240541177959,4.05,-9.0303242655101));
#3472=DIRECTION('',(0.0,-1.0,-6.12323399573676E-17));
#3473=DIRECTION('',(0.0,-6.12323399573676E-17,1.0));
#3474=SURFACE_STYLE_FILL_AREA(#4221);
#3475=ORIENTED_EDGE('',*,*,#4215,.T.);
#3476=ORIENTED_EDGE('',*,*,#3712,.T.);
#3477=CARTESIAN_POINT('',(12.5,4.01,-12.5));
#3478=DIRECTION('',(-0.0,1.0,6.12323399573676E-17));
#3479=DIRECTION('',(1.0,0.0,0.0));
#3480=SURFACE_STYLE_FILL_AREA(#4222);
#3481=ORIENTED_EDGE('',*,*,#4062,.T.);
#3482=ORIENTED_EDGE('',*,*,#3717,.T.);
#3483=CARTESIAN_POINT('',(12.5,4.01,-12.5));
#3484=DIRECTION('',(-0.0,1.0,6.12323399573676E-17));
#3485=DIRECTION('',(1.0,0.0,0.0));
#3486=SURFACE_STYLE_FILL_AREA(#4223);
#3487=ORIENTED_EDGE('',*,*,#4224,.T.);
#3488=ORIENTED_EDGE('',*,*,#4225,.T.);
#3489=ORIENTED_EDGE('',*,*,#4226,.T.);
#3490=ORIENTED_EDGE('',*,*,#4227,.T.);
#3491=ORIENTED_EDGE('',*,*,#4228,.T.);
#3492=ORIENTED_EDGE('',*,*,#4229,.T.);
#3493=ORIENTED_EDGE('',*,*,#3722,.F.);
#3494=ORIENTED_EDGE('',*,*,#4230,.F.);
#3495=ORIENTED_EDGE('',*,*,#4210,.T.);
#3496=ORIENTED_EDGE('',*,*,#4218,.T.);
#3497=ORIENTED_EDGE('',*,*,#4182,.T.);
#3498=ORIENTED_EDGE('',*,*,#4178,.T.);
#3499=ORIENTED_EDGE('',*,*,#4174,.T.);
#3500=ORIENTED_EDGE('',*,*,#4170,.T.);
#3501=ORIENTED_EDGE('',*,*,#4166,.T.);
#3502=ORIENTED_EDGE('',*,*,#4161,.T.);
#3503=ORIENTED_EDGE('',*,*,#4206,.T.);
#3504=ORIENTED_EDGE('',*,*,#4202,.T.);
#3505=ORIENTED_EDGE('',*,*,#4198,.T.);
#3506=ORIENTED_EDGE('',*,*,#4194,.T.);
#3507=ORIENTED_EDGE('',*,*,#4190,.T.);
#3508=ORIENTED_EDGE('',*,*,#4186,.T.);
#3509=ORIENTED_EDGE('',*,*,#4145,.T.);
#3510=ORIENTED_EDGE('',*,*,#4141,.T.);
#3511=ORIENTED_EDGE('',*,*,#4137,.T.);
#3512=ORIENTED_EDGE('',*,*,#4132,.T.);
#3513=ORIENTED_EDGE('',*,*,#4157,.T.);
#3514=ORIENTED_EDGE('',*,*,#4153,.T.);
#3515=ORIENTED_EDGE('',*,*,#4149,.T.);
#3516=ORIENTED_EDGE('',*,*,#4124,.T.);
#3517=ORIENTED_EDGE('',*,*,#4119,.T.);
#3518=ORIENTED_EDGE('',*,*,#4128,.T.);
#3519=ORIENTED_EDGE('',*,*,#4103,.T.);
#3520=ORIENTED_EDGE('',*,*,#4099,.T.);
#3521=ORIENTED_EDGE('',*,*,#4095,.T.);
#3522=ORIENTED_EDGE('',*,*,#4090,.T.);
#3523=ORIENTED_EDGE('',*,*,#4115,.T.);
#3524=ORIENTED_EDGE('',*,*,#4111,.T.);
#3525=ORIENTED_EDGE('',*,*,#4107,.T.);
#3526=ORIENTED_EDGE('',*,*,#4082,.T.);
#3527=ORIENTED_EDGE('',*,*,#4077,.T.);
#3528=ORIENTED_EDGE('',*,*,#4086,.T.);
#3529=ORIENTED_EDGE('',*,*,#4058,.T.);
#3530=ORIENTED_EDGE('',*,*,#4054,.T.);
#3531=ORIENTED_EDGE('',*,*,#4049,.T.);
#3532=ORIENTED_EDGE('',*,*,#4073,.T.);
#3533=ORIENTED_EDGE('',*,*,#4069,.T.);
#3534=ORIENTED_EDGE('',*,*,#4065,.T.);
#3535=ORIENTED_EDGE('',*,*,#4034,.T.);
#3536=ORIENTED_EDGE('',*,*,#4030,.T.);
#3537=ORIENTED_EDGE('',*,*,#4025,.T.);
#3538=ORIENTED_EDGE('',*,*,#4045,.T.);
#3539=ORIENTED_EDGE('',*,*,#4041,.T.);
#3540=ORIENTED_EDGE('',*,*,#4000,.T.);
#3541=ORIENTED_EDGE('',*,*,#3996,.T.);
#3542=ORIENTED_EDGE('',*,*,#3991,.T.);
#3543=ORIENTED_EDGE('',*,*,#4012,.T.);
#3544=ORIENTED_EDGE('',*,*,#4008,.T.);
#3545=ORIENTED_EDGE('',*,*,#4004,.T.);
#3546=ORIENTED_EDGE('',*,*,#3963,.T.);
#3547=ORIENTED_EDGE('',*,*,#3959,.T.);
#3548=ORIENTED_EDGE('',*,*,#3955,.T.);
#3549=ORIENTED_EDGE('',*,*,#3951,.T.);
#3550=ORIENTED_EDGE('',*,*,#3947,.T.);
#3551=ORIENTED_EDGE('',*,*,#3943,.T.);
#3552=ORIENTED_EDGE('',*,*,#3938,.T.);
#3553=ORIENTED_EDGE('',*,*,#3987,.T.);
#3554=ORIENTED_EDGE('',*,*,#3983,.T.);
#3555=ORIENTED_EDGE('',*,*,#3979,.T.);
#3556=ORIENTED_EDGE('',*,*,#3975,.T.);
#3557=ORIENTED_EDGE('',*,*,#3971,.T.);
#3558=ORIENTED_EDGE('',*,*,#3967,.T.);
#3559=ORIENTED_EDGE('',*,*,#3910,.T.);
#3560=ORIENTED_EDGE('',*,*,#3906,.T.);
#3561=ORIENTED_EDGE('',*,*,#3902,.T.);
#3562=ORIENTED_EDGE('',*,*,#3898,.T.);
#3563=ORIENTED_EDGE('',*,*,#3894,.T.);
#3564=ORIENTED_EDGE('',*,*,#3889,.T.);
#3565=ORIENTED_EDGE('',*,*,#3934,.T.);
#3566=ORIENTED_EDGE('',*,*,#3930,.T.);
#3567=ORIENTED_EDGE('',*,*,#3926,.T.);
#3568=ORIENTED_EDGE('',*,*,#3922,.T.);
#3569=ORIENTED_EDGE('',*,*,#3918,.T.);
#3570=ORIENTED_EDGE('',*,*,#3914,.T.);
#3571=CARTESIAN_POINT('',(12.5,4.01,-12.5));
#3572=DIRECTION('',(-0.0,1.0,6.12323399573676E-17));
#3573=DIRECTION('',(1.0,0.0,0.0));
#3574=SURFACE_STYLE_FILL_AREA(#4231);
#3575=ORIENTED_EDGE('',*,*,#4021,.T.);
#3576=ORIENTED_EDGE('',*,*,#4016,.T.);
#3577=ORIENTED_EDGE('',*,*,#4038,.T.);
#3578=CARTESIAN_POINT('',(12.5,4.01,-12.5));
#3579=DIRECTION('',(-0.0,1.0,6.12323399573676E-17));
#3580=DIRECTION('',(1.0,0.0,0.0));
#3581=SURFACE_STYLE_FILL_AREA(#4232);
#3582=ORIENTED_EDGE('',*,*,#4233,.F.);
#3583=ORIENTED_EDGE('',*,*,#4234,.F.);
#3584=ORIENTED_EDGE('',*,*,#4235,.T.);
#3585=ORIENTED_EDGE('',*,*,#4226,.F.);
#3586=CARTESIAN_POINT('',(2.5,4.0,-4.5));
#3587=DIRECTION('',(1.0,-1.0327058934601E-32,1.68653671275523E-16));
#3588=DIRECTION('',(-1.68653671275523E-16,-6.12323399573676E-17,1.0));
#3589=SURFACE_STYLE_FILL_AREA(#4236);
#3590=ORIENTED_EDGE('',*,*,#4235,.F.);
#3591=ORIENTED_EDGE('',*,*,#4237,.F.);
#3592=ORIENTED_EDGE('',*,*,#4238,.T.);
#3593=ORIENTED_EDGE('',*,*,#4227,.F.);
#3594=CARTESIAN_POINT('',(4.5,4.0,-2.5));
#3595=DIRECTION('',(0.707106781186548,4.32978028117746E-17,-0.707106781186547));
#3596=DIRECTION('',(0.0,-1.0,-6.12323399573676E-17));
#3597=SURFACE_STYLE_FILL_AREA(#4239);
#3598=ORIENTED_EDGE('',*,*,#4238,.F.);
#3599=ORIENTED_EDGE('',*,*,#4240,.F.);
#3600=ORIENTED_EDGE('',*,*,#4241,.T.);
#3601=ORIENTED_EDGE('',*,*,#4228,.F.);
#3602=CARTESIAN_POINT('',(22.5,4.0,-2.5));
#3603=DIRECTION('',(1.92747052886312E-16,6.12323399573676E-17,-1.0));
#3604=DIRECTION('',(1.0,-1.18023530681154E-32,1.92747052886312E-16));
#3605=SURFACE_STYLE_FILL_AREA(#4242);
#3606=ORIENTED_EDGE('',*,*,#4241,.F.);
#3607=ORIENTED_EDGE('',*,*,#4243,.F.);
#3608=ORIENTED_EDGE('',*,*,#4244,.T.);
#3609=ORIENTED_EDGE('',*,*,#4229,.F.);
#3610=CARTESIAN_POINT('',(22.5,4.0,-20.5));
#3611=DIRECTION('',(-1.0,1.18023530681154E-32,-1.92747052886312E-16));
#3612=DIRECTION('',(0.0,1.0,6.12323399573676E-17));
#3613=SURFACE_STYLE_FILL_AREA(#4245);
#3614=ORIENTED_EDGE('',*,*,#4244,.F.);
#3615=ORIENTED_EDGE('',*,*,#4246,.F.);
#3616=ORIENTED_EDGE('',*,*,#4247,.T.);
#3617=ORIENTED_EDGE('',*,*,#4224,.F.);
#3618=CARTESIAN_POINT('',(20.5,4.0,-22.5));
#3619=DIRECTION('',(-0.707106781186548,-4.32978028117747E-17,0.707106781186548));
#3620=DIRECTION('',(-0.707106781186548,4.32978028117747E-17,-0.707106781186548));
#3621=SURFACE_STYLE_FILL_AREA(#4248);
#3622=ORIENTED_EDGE('',*,*,#4249,.F.);
#3623=ORIENTED_EDGE('',*,*,#4233,.T.);
#3624=ORIENTED_EDGE('',*,*,#4225,.F.);
#3625=ORIENTED_EDGE('',*,*,#4247,.F.);
#3626=CARTESIAN_POINT('',(2.5,4.0,-22.5));
#3627=DIRECTION('',(0.0,-6.12323399573676E-17,1.0));
#3628=DIRECTION('',(0.0,-1.0,-6.12323399573676E-17));
#3629=SURFACE_STYLE_FILL_AREA(#4250);
#3630=ORIENTED_EDGE('',*,*,#3724,.T.);
#3631=ORIENTED_EDGE('',*,*,#3862,.T.);
#3632=ORIENTED_EDGE('',*,*,#3726,.T.);
#3633=ORIENTED_EDGE('',*,*,#4251,.F.);
#3634=CARTESIAN_POINT('',(12.5,-2.0,-15.1));
#3635=DIRECTION('',(0.0,-1.0,-6.12323399573676E-17));
#3636=DIRECTION('',(1.0,0.0,0.0));
#3637=SURFACE_STYLE_FILL_AREA(#4252);
#3638=ORIENTED_EDGE('',*,*,#3725,.T.);
#3639=ORIENTED_EDGE('',*,*,#4251,.T.);
#3640=CARTESIAN_POINT('',(-1.50000000000006,-4.5,-25.1000000000001));
#3641=DIRECTION('',(0.0,-1.0,-6.12323399573676E-17));
#3642=DIRECTION('',(0.0,-6.12323399573676E-17,1.0));
#3643=SURFACE_STYLE_FILL_AREA(#4253);
#3644=ORIENTED_EDGE('',*,*,#4254,.T.);
#3645=ORIENTED_EDGE('',*,*,#3720,.T.);
#3646=CARTESIAN_POINT('',(12.5,4.7,-15.1));
#3647=DIRECTION('',(0.0,-1.0,-6.12323399573676E-17));
#3648=DIRECTION('',(0.0,-6.12323399573676E-17,1.0));
#3649=SURFACE_STYLE_FILL_AREA(#4255);
#3650=ORIENTED_EDGE('',*,*,#3719,.T.);
#3651=ORIENTED_EDGE('',*,*,#4230,.T.);
#3652=ORIENTED_EDGE('',*,*,#3721,.T.);
#3653=ORIENTED_EDGE('',*,*,#4254,.F.);
#3654=CARTESIAN_POINT('',(12.5,4.0,-15.1));
#3655=DIRECTION('',(-0.0,-1.0,-6.12323399573676E-17));
#3656=DIRECTION('',(-1.0,0.0,0.0));
#3657=SURFACE_STYLE_FILL_AREA(#4256);
#3658=ORIENTED_EDGE('',*,*,#4257,.F.);
#3659=ORIENTED_EDGE('',*,*,#4258,.T.);
#3660=ORIENTED_EDGE('',*,*,#4259,.F.);
#3661=ORIENTED_EDGE('',*,*,#4260,.T.);
#3662=ORIENTED_EDGE('',*,*,#3850,.F.);
#3663=ORIENTED_EDGE('',*,*,#3854,.T.);
#3664=ORIENTED_EDGE('',*,*,#3857,.F.);
#3665=ORIENTED_EDGE('',*,*,#3860,.T.);
#3666=ORIENTED_EDGE('',*,*,#4234,.T.);
#3667=ORIENTED_EDGE('',*,*,#4249,.T.);
#3668=ORIENTED_EDGE('',*,*,#4246,.T.);
#3669=ORIENTED_EDGE('',*,*,#4243,.T.);
#3670=ORIENTED_EDGE('',*,*,#4240,.T.);
#3671=ORIENTED_EDGE('',*,*,#4237,.T.);
#3672=CARTESIAN_POINT('',(12.5,4.0,-12.5));
#3673=DIRECTION('',(-0.0,1.0,6.12323399573676E-17));
#3674=DIRECTION('',(1.0,0.0,0.0));
#3675=SURFACE_STYLE_FILL_AREA(#4261);
#3676=ORIENTED_EDGE('',*,*,#3828,.T.);
#3677=ORIENTED_EDGE('',*,*,#4262,.T.);
#3678=ORIENTED_EDGE('',*,*,#4259,.T.);
#3679=ORIENTED_EDGE('',*,*,#4263,.T.);
#3680=CARTESIAN_POINT('',(12.5,1.53080849893419E-15,-25.0));
#3681=DIRECTION('',(0.0,6.12323399573676E-17,-1.0));
#3682=DIRECTION('',(1.0,0.0,0.0));
#3683=SURFACE_STYLE_FILL_AREA(#4264);
#3684=ORIENTED_EDGE('',*,*,#3822,.T.);
#3685=ORIENTED_EDGE('',*,*,#4265,.T.);
#3686=ORIENTED_EDGE('',*,*,#4257,.T.);
#3687=ORIENTED_EDGE('',*,*,#3859,.T.);
#3688=CARTESIAN_POINT('',(25.0,7.65404249467096E-16,-12.5));
#3689=DIRECTION('',(1.0,0.0,0.0));
#3690=DIRECTION('',(0.0,6.12323399573676E-17,-1.0));
#3691=SURFACE_STYLE_FILL_AREA(#4266);
#3692=ORIENTED_EDGE('',*,*,#3829,.T.);
#3693=ORIENTED_EDGE('',*,*,#4263,.F.);
#3694=ORIENTED_EDGE('',*,*,#4258,.F.);
#3695=ORIENTED_EDGE('',*,*,#4265,.F.);
#3696=CARTESIAN_POINT('',(22.5,1.37772764904077E-15,-22.5));
#3697=DIRECTION('',(0.0,-1.0,-6.12323399573676E-17));
#3698=DIRECTION('',(1.0,0.0,0.0));
#3699=SURFACE_STYLE_FILL_AREA(#4267);
#3700=ORIENTED_EDGE('',*,*,#3827,.T.);
#3701=ORIENTED_EDGE('',*,*,#3851,.F.);
#3702=ORIENTED_EDGE('',*,*,#4260,.F.);
#3703=ORIENTED_EDGE('',*,*,#4262,.F.);
#3704=CARTESIAN_POINT('',(2.5,1.37772764904077E-15,-22.5));
#3705=DIRECTION('',(0.0,-1.0,-6.12323399573676E-17));
#3706=DIRECTION('',(1.0,0.0,0.0));
#3707=SURFACE_STYLE_FILL_AREA(#4268);
#3708=FILL_AREA_STYLE('',(#4269));
#3709=EDGE_CURVE('',#4270,#4271,#4272,.T.);
#3710=EDGE_CURVE('',#4273,#4270,#4274,.T.);
#3711=EDGE_CURVE('',#4273,#4275,#4276,.T.);
#3712=EDGE_CURVE('',#4271,#4275,#4277,.T.);
#3713=FILL_AREA_STYLE('',(#4278));
#3714=EDGE_CURVE('',#4279,#4280,#4281,.T.);
#3715=EDGE_CURVE('',#4282,#4279,#4283,.T.);
#3716=EDGE_CURVE('',#4282,#4284,#4285,.T.);
#3717=EDGE_CURVE('',#4280,#4284,#4286,.T.);
#3718=FILL_AREA_STYLE('',(#4287));
#3719=EDGE_CURVE('',#4288,#4289,#4290,.T.);
#3720=EDGE_CURVE('',#4291,#4288,#4292,.T.);
#3721=EDGE_CURVE('',#4293,#4291,#4294,.T.);
#3722=EDGE_CURVE('',#4293,#4289,#4295,.T.);
#3723=FILL_AREA_STYLE('',(#4296));
#3724=EDGE_CURVE('',#4297,#4298,#4299,.T.);
#3725=EDGE_CURVE('',#4300,#4297,#4301,.T.);
#3726=EDGE_CURVE('',#4302,#4300,#4303,.T.);
#3727=EDGE_CURVE('',#4302,#4298,#4304,.T.);
#3728=FILL_AREA_STYLE('',(#4305));
#3729=EDGE_CURVE('',#4306,#4307,#4308,.T.);
#3730=EDGE_CURVE('',#4309,#4306,#4310,.T.);
#3731=EDGE_CURVE('',#4311,#4309,#4312,.T.);
#3732=EDGE_CURVE('',#4311,#4307,#4313,.T.);
#3733=FILL_AREA_STYLE('',(#4314));
#3734=EDGE_CURVE('',#4315,#4316,#4317,.T.);
#3735=EDGE_CURVE('',#4316,#4318,#4319,.T.);
#3736=EDGE_CURVE('',#4320,#4318,#4321,.T.);
#3737=EDGE_CURVE('',#4320,#4315,#4322,.T.);
#3738=FILL_AREA_STYLE('',(#4323));
#3739=EDGE_CURVE('',#4324,#4325,#4326,.T.);
#3740=EDGE_CURVE('',#4324,#4327,#4328,.T.);
#3741=EDGE_CURVE('',#4329,#4327,#4330,.T.);
#3742=EDGE_CURVE('',#4329,#4325,#4331,.T.);
#3743=FILL_AREA_STYLE('',(#4332));
#3744=EDGE_CURVE('',#4333,#4334,#4335,.T.);
#3745=EDGE_CURVE('',#4333,#4336,#4337,.T.);
#3746=EDGE_CURVE('',#4338,#4336,#4339,.T.);
#3747=EDGE_CURVE('',#4334,#4338,#4340,.T.);
#3748=FILL_AREA_STYLE('',(#4341));
#3749=EDGE_CURVE('',#4342,#4338,#4343,.T.);
#3750=EDGE_CURVE('',#4344,#4342,#4345,.T.);
#3751=EDGE_CURVE('',#4334,#4344,#4346,.T.);
#3752=FILL_AREA_STYLE('',(#4347));
#3753=EDGE_CURVE('',#4348,#4342,#4349,.T.);
#3754=EDGE_CURVE('',#4350,#4348,#4351,.T.);
#3755=EDGE_CURVE('',#4344,#4350,#4352,.T.);
#3756=FILL_AREA_STYLE('',(#4353));
#3757=EDGE_CURVE('',#4325,#4348,#4354,.T.);
#3758=EDGE_CURVE('',#4350,#4329,#4355,.T.);
#3759=FILL_AREA_STYLE('',(#4356));
#3760=EDGE_CURVE('',#4357,#4358,#4359,.T.);
#3761=EDGE_CURVE('',#4357,#4360,#4361,.T.);
#3762=EDGE_CURVE('',#4362,#4360,#4363,.T.);
#3763=EDGE_CURVE('',#4362,#4358,#4364,.T.);
#3764=FILL_AREA_STYLE('',(#4365));
#3765=EDGE_CURVE('',#4366,#4367,#4368,.T.);
#3766=EDGE_CURVE('',#4366,#4369,#4370,.T.);
#3767=EDGE_CURVE('',#4371,#4369,#4372,.T.);
#3768=EDGE_CURVE('',#4371,#4367,#4373,.T.);
#3769=FILL_AREA_STYLE('',(#4374));
#3770=EDGE_CURVE('',#4307,#4311,#4375,.T.);
#3771=EDGE_CURVE('',#4306,#4309,#4376,.T.);
#3772=FILL_AREA_STYLE('',(#4377));
#3773=EDGE_CURVE('',#4369,#4333,#4378,.T.);
#3774=EDGE_CURVE('',#4327,#4379,#4380,.T.);
#3775=EDGE_CURVE('',#4379,#4381,#4382,.T.);
#3776=EDGE_CURVE('',#4381,#4383,#4384,.T.);
#3777=EDGE_CURVE('',#4383,#4385,#4386,.T.);
#3778=EDGE_CURVE('',#4385,#4387,#4388,.T.);
#3779=EDGE_CURVE('',#4387,#4389,#4390,.T.);
#3780=EDGE_CURVE('',#4389,#4362,#4391,.T.);
#3781=EDGE_CURVE('',#4360,#4371,#4392,.T.);
#3782=FILL_AREA_STYLE('',(#4393));
#3783=EDGE_CURVE('',#4394,#4395,#4396,.T.);
#3784=EDGE_CURVE('',#4394,#4381,#4397,.T.);
#3785=EDGE_CURVE('',#4379,#4395,#4398,.T.);
#3786=FILL_AREA_STYLE('',(#4399));
#3787=EDGE_CURVE('',#4318,#4385,#4400,.T.);
#3788=EDGE_CURVE('',#4383,#4320,#4401,.T.);
#3789=FILL_AREA_STYLE('',(#4402));
#3790=EDGE_CURVE('',#4403,#4404,#4405,.T.);
#3791=EDGE_CURVE('',#4403,#4389,#4406,.T.);
#3792=EDGE_CURVE('',#4387,#4404,#4407,.T.);
#3793=FILL_AREA_STYLE('',(#4408));
#3794=EDGE_CURVE('',#4358,#4403,#4409,.T.);
#3795=FILL_AREA_STYLE('',(#4410));
#3796=EDGE_CURVE('',#4404,#4316,#4411,.T.);
#3797=FILL_AREA_STYLE('',(#4412));
#3798=EDGE_CURVE('',#4315,#4394,#4413,.T.);
#3799=FILL_AREA_STYLE('',(#4414));
#3800=EDGE_CURVE('',#4395,#4324,#4415,.T.);
#3801=FILL_AREA_STYLE('',(#4416));
#3802=EDGE_CURVE('',#4367,#4357,#4417,.T.);
#3803=FILL_AREA_STYLE('',(#4418));
#3804=EDGE_CURVE('',#4336,#4366,#4419,.T.);
#3805=FILL_AREA_STYLE('',(#4420));
#3806=EDGE_CURVE('',#4316,#4421,#4422,.T.);
#3807=EDGE_CURVE('',#4421,#4423,#4424,.T.);
#3808=EDGE_CURVE('',#4423,#4425,#4426,.T.);
#3809=EDGE_CURVE('',#4425,#4427,#4428,.T.);
#3810=EDGE_CURVE('',#4427,#4429,#4430,.T.);
#3811=EDGE_CURVE('',#4429,#4431,#4432,.T.);
#3812=EDGE_CURVE('',#4431,#4433,#4434,.T.);
#3813=EDGE_CURVE('',#4433,#4435,#4436,.T.);
#3814=EDGE_CURVE('',#4435,#4315,#4437,.T.);
#3815=FILL_AREA_STYLE('',(#4438));
#3816=EDGE_CURVE('',#4439,#4440,#4441,.T.);
#3817=EDGE_CURVE('',#4440,#4442,#4443,.T.);
#3818=EDGE_CURVE('',#4442,#4444,#4445,.T.);
#3819=EDGE_CURVE('',#4444,#4446,#4447,.T.);
#3820=EDGE_CURVE('',#4446,#4448,#4449,.T.);
#3821=EDGE_CURVE('',#4448,#4439,#4450,.T.);
#3822=EDGE_CURVE('',#4451,#4452,#4453,.T.);
#3823=EDGE_CURVE('',#4454,#4451,#4455,.T.);
#3824=EDGE_CURVE('',#4456,#4454,#4457,.T.);
#3825=EDGE_CURVE('',#4458,#4456,#4459,.T.);
#3826=EDGE_CURVE('',#4460,#4458,#4461,.T.);
#3827=EDGE_CURVE('',#4462,#4460,#4463,.T.);
#3828=EDGE_CURVE('',#4464,#4462,#4465,.T.);
#3829=EDGE_CURVE('',#4452,#4464,#4466,.T.);
#3830=FILL_AREA_STYLE('',(#4467));
#3831=EDGE_CURVE('',#4468,#4469,#4470,.T.);
#3832=EDGE_CURVE('',#4442,#4468,#4471,.T.);
#3833=EDGE_CURVE('',#4440,#4469,#4472,.T.);
#3834=FILL_AREA_STYLE('',(#4473));
#3835=EDGE_CURVE('',#4474,#4468,#4475,.T.);
#3836=EDGE_CURVE('',#4444,#4474,#4476,.T.);
#3837=FILL_AREA_STYLE('',(#4477));
#3838=EDGE_CURVE('',#4478,#4474,#4479,.T.);
#3839=EDGE_CURVE('',#4446,#4478,#4480,.T.);
#3840=FILL_AREA_STYLE('',(#4481));
#3841=EDGE_CURVE('',#4482,#4478,#4483,.T.);
#3842=EDGE_CURVE('',#4448,#4482,#4484,.T.);
#3843=FILL_AREA_STYLE('',(#4485));
#3844=EDGE_CURVE('',#4486,#4482,#4487,.T.);
#3845=EDGE_CURVE('',#4439,#4486,#4488,.T.);
#3846=FILL_AREA_STYLE('',(#4489));
#3847=EDGE_CURVE('',#4469,#4486,#4490,.T.);
#3848=FILL_AREA_STYLE('',(#4491));
#3849=EDGE_CURVE('',#4458,#4492,#4493,.T.);
#3850=EDGE_CURVE('',#4492,#4494,#4495,.T.);
#3851=EDGE_CURVE('',#4494,#4460,#4496,.T.);
#3852=FILL_AREA_STYLE('',(#4497));
#3853=EDGE_CURVE('',#4498,#4456,#4499,.T.);
#3854=EDGE_CURVE('',#4492,#4498,#4500,.T.);
#3855=FILL_AREA_STYLE('',(#4501));
#3856=EDGE_CURVE('',#4454,#4502,#4503,.T.);
#3857=EDGE_CURVE('',#4502,#4498,#4504,.T.);
#3858=FILL_AREA_STYLE('',(#4505));
#3859=EDGE_CURVE('',#4506,#4451,#4507,.T.);
#3860=EDGE_CURVE('',#4502,#4506,#4508,.T.);
#3861=FILL_AREA_STYLE('',(#4509));
#3862=EDGE_CURVE('',#4298,#4302,#4510,.T.);
#3863=FILL_AREA_STYLE('',(#4511));
#3864=EDGE_CURVE('',#4512,#4513,#4514,.T.);
#3865=EDGE_CURVE('',#4515,#4512,#4516,.T.);
#3866=EDGE_CURVE('',#4517,#4515,#4518,.T.);
#3867=EDGE_CURVE('',#4519,#4517,#4520,.T.);
#3868=EDGE_CURVE('',#4521,#4519,#4522,.T.);
#3869=EDGE_CURVE('',#4523,#4521,#4524,.T.);
#3870=EDGE_CURVE('',#4525,#4523,#4526,.T.);
#3871=EDGE_CURVE('',#4513,#4525,#4527,.T.);
#3872=FILL_AREA_STYLE('',(#4528));
#3873=EDGE_CURVE('',#4429,#4513,#4529,.T.);
#3874=EDGE_CURVE('',#4427,#4512,#4530,.T.);
#3875=FILL_AREA_STYLE('',(#4531));
#3876=EDGE_CURVE('',#4431,#4525,#4532,.T.);
#3877=FILL_AREA_STYLE('',(#4533));
#3878=EDGE_CURVE('',#4433,#4523,#4534,.T.);
#3879=FILL_AREA_STYLE('',(#4535));
#3880=EDGE_CURVE('',#4435,#4521,#4536,.T.);
#3881=FILL_AREA_STYLE('',(#4537));
#3882=EDGE_CURVE('',#4421,#4519,#4538,.T.);
#3883=FILL_AREA_STYLE('',(#4539));
#3884=EDGE_CURVE('',#4423,#4517,#4540,.T.);
#3885=FILL_AREA_STYLE('',(#4541));
#3886=EDGE_CURVE('',#4425,#4515,#4542,.T.);
#3887=FILL_AREA_STYLE('',(#4543));
#3888=FILL_AREA_STYLE('',(#4544));
#3889=EDGE_CURVE('',#4545,#4546,#4547,.T.);
#3890=EDGE_CURVE('',#4545,#4548,#4549,.T.);
#3891=EDGE_CURVE('',#4550,#4548,#4551,.T.);
#3892=EDGE_CURVE('',#4546,#4550,#4552,.T.);
#3893=FILL_AREA_STYLE('',(#4553));
#3894=EDGE_CURVE('',#4554,#4545,#4555,.T.);
#3895=EDGE_CURVE('',#4554,#4556,#4557,.T.);
#3896=EDGE_CURVE('',#4548,#4556,#4558,.T.);
#3897=FILL_AREA_STYLE('',(#4559));
#3898=EDGE_CURVE('',#4560,#4554,#4561,.T.);
#3899=EDGE_CURVE('',#4560,#4562,#4563,.T.);
#3900=EDGE_CURVE('',#4556,#4562,#4564,.T.);
#3901=FILL_AREA_STYLE('',(#4565));
#3902=EDGE_CURVE('',#4566,#4560,#4567,.T.);
#3903=EDGE_CURVE('',#4566,#4568,#4569,.T.);
#3904=EDGE_CURVE('',#4562,#4568,#4570,.T.);
#3905=FILL_AREA_STYLE('',(#4571));
#3906=EDGE_CURVE('',#4572,#4566,#4573,.T.);
#3907=EDGE_CURVE('',#4572,#4574,#4575,.T.);
#3908=EDGE_CURVE('',#4568,#4574,#4576,.T.);
#3909=FILL_AREA_STYLE('',(#4577));
#3910=EDGE_CURVE('',#4578,#4572,#4579,.T.);
#3911=EDGE_CURVE('',#4578,#4580,#4581,.T.);
#3912=EDGE_CURVE('',#4574,#4580,#4582,.T.);
#3913=FILL_AREA_STYLE('',(#4583));
#3914=EDGE_CURVE('',#4584,#4578,#4585,.T.);
#3915=EDGE_CURVE('',#4584,#4586,#4587,.T.);
#3916=EDGE_CURVE('',#4580,#4586,#4588,.T.);
#3917=FILL_AREA_STYLE('',(#4589));
#3918=EDGE_CURVE('',#4590,#4584,#4591,.T.);
#3919=EDGE_CURVE('',#4590,#4592,#4593,.T.);
#3920=EDGE_CURVE('',#4586,#4592,#4594,.T.);
#3921=FILL_AREA_STYLE('',(#4595));
#3922=EDGE_CURVE('',#4596,#4590,#4597,.T.);
#3923=EDGE_CURVE('',#4596,#4598,#4599,.T.);
#3924=EDGE_CURVE('',#4592,#4598,#4600,.T.);
#3925=FILL_AREA_STYLE('',(#4601));
#3926=EDGE_CURVE('',#4602,#4596,#4603,.T.);
#3927=EDGE_CURVE('',#4602,#4604,#4605,.T.);
#3928=EDGE_CURVE('',#4598,#4604,#4606,.T.);
#3929=FILL_AREA_STYLE('',(#4607));
#3930=EDGE_CURVE('',#4608,#4602,#4609,.T.);
#3931=EDGE_CURVE('',#4608,#4610,#4611,.T.);
#3932=EDGE_CURVE('',#4604,#4610,#4612,.T.);
#3933=FILL_AREA_STYLE('',(#4613));
#3934=EDGE_CURVE('',#4546,#4608,#4614,.T.);
#3935=EDGE_CURVE('',#4610,#4550,#4615,.T.);
#3936=FILL_AREA_STYLE('',(#4616));
#3937=FILL_AREA_STYLE('',(#4617));
#3938=EDGE_CURVE('',#4618,#4619,#4620,.T.);
#3939=EDGE_CURVE('',#4618,#4621,#4622,.T.);
#3940=EDGE_CURVE('',#4623,#4621,#4624,.T.);
#3941=EDGE_CURVE('',#4619,#4623,#4625,.T.);
#3942=FILL_AREA_STYLE('',(#4626));
#3943=EDGE_CURVE('',#4627,#4618,#4628,.T.);
#3944=EDGE_CURVE('',#4627,#4629,#4630,.T.);
#3945=EDGE_CURVE('',#4621,#4629,#4631,.T.);
#3946=FILL_AREA_STYLE('',(#4632));
#3947=EDGE_CURVE('',#4633,#4627,#4634,.T.);
#3948=EDGE_CURVE('',#4633,#4635,#4636,.T.);
#3949=EDGE_CURVE('',#4629,#4635,#4637,.T.);
#3950=FILL_AREA_STYLE('',(#4638));
#3951=EDGE_CURVE('',#4639,#4633,#4640,.T.);
#3952=EDGE_CURVE('',#4639,#4641,#4642,.T.);
#3953=EDGE_CURVE('',#4635,#4641,#4643,.T.);
#3954=FILL_AREA_STYLE('',(#4644));
#3955=EDGE_CURVE('',#4645,#4639,#4646,.T.);
#3956=EDGE_CURVE('',#4645,#4647,#4648,.T.);
#3957=EDGE_CURVE('',#4641,#4647,#4649,.T.);
#3958=FILL_AREA_STYLE('',(#4650));
#3959=EDGE_CURVE('',#4651,#4645,#4652,.T.);
#3960=EDGE_CURVE('',#4651,#4653,#4654,.T.);
#3961=EDGE_CURVE('',#4647,#4653,#4655,.T.);
#3962=FILL_AREA_STYLE('',(#4656));
#3963=EDGE_CURVE('',#4657,#4651,#4658,.T.);
#3964=EDGE_CURVE('',#4657,#4659,#4660,.T.);
#3965=EDGE_CURVE('',#4653,#4659,#4661,.T.);
#3966=FILL_AREA_STYLE('',(#4662));
#3967=EDGE_CURVE('',#4663,#4657,#4664,.T.);
#3968=EDGE_CURVE('',#4663,#4665,#4666,.T.);
#3969=EDGE_CURVE('',#4659,#4665,#4667,.T.);
#3970=FILL_AREA_STYLE('',(#4668));
#3971=EDGE_CURVE('',#4669,#4663,#4670,.T.);
#3972=EDGE_CURVE('',#4669,#4671,#4672,.T.);
#3973=EDGE_CURVE('',#4665,#4671,#4673,.T.);
#3974=FILL_AREA_STYLE('',(#4674));
#3975=EDGE_CURVE('',#4675,#4669,#4676,.T.);
#3976=EDGE_CURVE('',#4675,#4677,#4678,.T.);
#3977=EDGE_CURVE('',#4671,#4677,#4679,.T.);
#3978=FILL_AREA_STYLE('',(#4680));
#3979=EDGE_CURVE('',#4681,#4675,#4682,.T.);
#3980=EDGE_CURVE('',#4681,#4683,#4684,.T.);
#3981=EDGE_CURVE('',#4677,#4683,#4685,.T.);
#3982=FILL_AREA_STYLE('',(#4686));
#3983=EDGE_CURVE('',#4687,#4681,#4688,.T.);
#3984=EDGE_CURVE('',#4687,#4689,#4690,.T.);
#3985=EDGE_CURVE('',#4683,#4689,#4691,.T.);
#3986=FILL_AREA_STYLE('',(#4692));
#3987=EDGE_CURVE('',#4619,#4687,#4693,.T.);
#3988=EDGE_CURVE('',#4689,#4623,#4694,.T.);
#3989=FILL_AREA_STYLE('',(#4695));
#3990=FILL_AREA_STYLE('',(#4696));
#3991=EDGE_CURVE('',#4697,#4698,#4699,.T.);
#3992=EDGE_CURVE('',#4697,#4700,#4701,.T.);
#3993=EDGE_CURVE('',#4702,#4700,#4703,.T.);
#3994=EDGE_CURVE('',#4698,#4702,#4704,.T.);
#3995=FILL_AREA_STYLE('',(#4705));
#3996=EDGE_CURVE('',#4706,#4697,#4707,.T.);
#3997=EDGE_CURVE('',#4706,#4708,#4709,.T.);
#3998=EDGE_CURVE('',#4700,#4708,#4710,.T.);
#3999=FILL_AREA_STYLE('',(#4711));
#4000=EDGE_CURVE('',#4712,#4706,#4713,.T.);
#4001=EDGE_CURVE('',#4712,#4714,#4715,.T.);
#4002=EDGE_CURVE('',#4708,#4714,#4716,.T.);
#4003=FILL_AREA_STYLE('',(#4717));
#4004=EDGE_CURVE('',#4718,#4712,#4719,.T.);
#4005=EDGE_CURVE('',#4718,#4720,#4721,.T.);
#4006=EDGE_CURVE('',#4714,#4720,#4722,.T.);
#4007=FILL_AREA_STYLE('',(#4723));
#4008=EDGE_CURVE('',#4724,#4718,#4725,.T.);
#4009=EDGE_CURVE('',#4724,#4726,#4727,.T.);
#4010=EDGE_CURVE('',#4720,#4726,#4728,.T.);
#4011=FILL_AREA_STYLE('',(#4729));
#4012=EDGE_CURVE('',#4698,#4724,#4730,.T.);
#4013=EDGE_CURVE('',#4726,#4702,#4731,.T.);
#4014=FILL_AREA_STYLE('',(#4732));
#4015=FILL_AREA_STYLE('',(#4733));
#4016=EDGE_CURVE('',#4734,#4735,#4736,.T.);
#4017=EDGE_CURVE('',#4734,#4737,#4738,.T.);
#4018=EDGE_CURVE('',#4739,#4737,#4740,.T.);
#4019=EDGE_CURVE('',#4735,#4739,#4741,.T.);
#4020=FILL_AREA_STYLE('',(#4742));
#4021=EDGE_CURVE('',#4743,#4734,#4744,.T.);
#4022=EDGE_CURVE('',#4743,#4745,#4746,.T.);
#4023=EDGE_CURVE('',#4737,#4745,#4747,.T.);
#4024=FILL_AREA_STYLE('',(#4748));
#4025=EDGE_CURVE('',#4749,#4750,#4751,.T.);
#4026=EDGE_CURVE('',#4749,#4752,#4753,.T.);
#4027=EDGE_CURVE('',#4754,#4752,#4755,.T.);
#4028=EDGE_CURVE('',#4750,#4754,#4756,.T.);
#4029=FILL_AREA_STYLE('',(#4757));
#4030=EDGE_CURVE('',#4758,#4749,#4759,.T.);
#4031=EDGE_CURVE('',#4758,#4760,#4761,.T.);
#4032=EDGE_CURVE('',#4752,#4760,#4762,.T.);
#4033=FILL_AREA_STYLE('',(#4763));
#4034=EDGE_CURVE('',#4764,#4758,#4765,.T.);
#4035=EDGE_CURVE('',#4764,#4766,#4767,.T.);
#4036=EDGE_CURVE('',#4760,#4766,#4768,.T.);
#4037=FILL_AREA_STYLE('',(#4769));
#4038=EDGE_CURVE('',#4735,#4743,#4770,.T.);
#4039=EDGE_CURVE('',#4745,#4739,#4771,.T.);
#4040=FILL_AREA_STYLE('',(#4772));
#4041=EDGE_CURVE('',#4773,#4764,#4774,.T.);
#4042=EDGE_CURVE('',#4773,#4775,#4776,.T.);
#4043=EDGE_CURVE('',#4766,#4775,#4777,.T.);
#4044=FILL_AREA_STYLE('',(#4778));
#4045=EDGE_CURVE('',#4750,#4773,#4779,.T.);
#4046=EDGE_CURVE('',#4775,#4754,#4780,.T.);
#4047=FILL_AREA_STYLE('',(#4781));
#4048=FILL_AREA_STYLE('',(#4782));
#4049=EDGE_CURVE('',#4783,#4784,#4785,.T.);
#4050=EDGE_CURVE('',#4783,#4786,#4787,.T.);
#4051=EDGE_CURVE('',#4788,#4786,#4789,.T.);
#4052=EDGE_CURVE('',#4784,#4788,#4790,.T.);
#4053=FILL_AREA_STYLE('',(#4791));
#4054=EDGE_CURVE('',#4792,#4783,#4793,.T.);
#4055=EDGE_CURVE('',#4792,#4794,#4795,.T.);
#4056=EDGE_CURVE('',#4786,#4794,#4796,.T.);
#4057=FILL_AREA_STYLE('',(#4797));
#4058=EDGE_CURVE('',#4798,#4792,#4799,.T.);
#4059=EDGE_CURVE('',#4798,#4800,#4801,.T.);
#4060=EDGE_CURVE('',#4794,#4800,#4802,.T.);
#4061=FILL_AREA_STYLE('',(#4803));
#4062=EDGE_CURVE('',#4284,#4280,#4804,.T.);
#4063=EDGE_CURVE('',#4279,#4282,#4805,.T.);
#4064=FILL_AREA_STYLE('',(#4806));
#4065=EDGE_CURVE('',#4807,#4798,#4808,.T.);
#4066=EDGE_CURVE('',#4807,#4809,#4810,.T.);
#4067=EDGE_CURVE('',#4800,#4809,#4811,.T.);
#4068=FILL_AREA_STYLE('',(#4812));
#4069=EDGE_CURVE('',#4813,#4807,#4814,.T.);
#4070=EDGE_CURVE('',#4813,#4815,#4816,.T.);
#4071=EDGE_CURVE('',#4809,#4815,#4817,.T.);
#4072=FILL_AREA_STYLE('',(#4818));
#4073=EDGE_CURVE('',#4784,#4813,#4819,.T.);
#4074=EDGE_CURVE('',#4815,#4788,#4820,.T.);
#4075=FILL_AREA_STYLE('',(#4821));
#4076=FILL_AREA_STYLE('',(#4822));
#4077=EDGE_CURVE('',#4823,#4824,#4825,.T.);
#4078=EDGE_CURVE('',#4823,#4826,#4827,.T.);
#4079=EDGE_CURVE('',#4828,#4826,#4829,.T.);
#4080=EDGE_CURVE('',#4824,#4828,#4830,.T.);
#4081=FILL_AREA_STYLE('',(#4831));
#4082=EDGE_CURVE('',#4832,#4823,#4833,.T.);
#4083=EDGE_CURVE('',#4832,#4834,#4835,.T.);
#4084=EDGE_CURVE('',#4826,#4834,#4836,.T.);
#4085=FILL_AREA_STYLE('',(#4837));
#4086=EDGE_CURVE('',#4824,#4832,#4838,.T.);
#4087=EDGE_CURVE('',#4834,#4828,#4839,.T.);
#4088=FILL_AREA_STYLE('',(#4840));
#4089=FILL_AREA_STYLE('',(#4841));
#4090=EDGE_CURVE('',#4842,#4843,#4844,.T.);
#4091=EDGE_CURVE('',#4842,#4845,#4846,.T.);
#4092=EDGE_CURVE('',#4847,#4845,#4848,.T.);
#4093=EDGE_CURVE('',#4843,#4847,#4849,.T.);
#4094=FILL_AREA_STYLE('',(#4850));
#4095=EDGE_CURVE('',#4851,#4842,#4852,.T.);
#4096=EDGE_CURVE('',#4851,#4853,#4854,.T.);
#4097=EDGE_CURVE('',#4845,#4853,#4855,.T.);
#4098=FILL_AREA_STYLE('',(#4856));
#4099=EDGE_CURVE('',#4857,#4851,#4858,.T.);
#4100=EDGE_CURVE('',#4857,#4859,#4860,.T.);
#4101=EDGE_CURVE('',#4853,#4859,#4861,.T.);
#4102=FILL_AREA_STYLE('',(#4862));
#4103=EDGE_CURVE('',#4863,#4857,#4864,.T.);
#4104=EDGE_CURVE('',#4863,#4865,#4866,.T.);
#4105=EDGE_CURVE('',#4859,#4865,#4867,.T.);
#4106=FILL_AREA_STYLE('',(#4868));
#4107=EDGE_CURVE('',#4869,#4863,#4870,.T.);
#4108=EDGE_CURVE('',#4869,#4871,#4872,.T.);
#4109=EDGE_CURVE('',#4865,#4871,#4873,.T.);
#4110=FILL_AREA_STYLE('',(#4874));
#4111=EDGE_CURVE('',#4875,#4869,#4876,.T.);
#4112=EDGE_CURVE('',#4875,#4877,#4878,.T.);
#4113=EDGE_CURVE('',#4871,#4877,#4879,.T.);
#4114=FILL_AREA_STYLE('',(#4880));
#4115=EDGE_CURVE('',#4843,#4875,#4881,.T.);
#4116=EDGE_CURVE('',#4877,#4847,#4882,.T.);
#4117=FILL_AREA_STYLE('',(#4883));
#4118=FILL_AREA_STYLE('',(#4884));
#4119=EDGE_CURVE('',#4885,#4886,#4887,.T.);
#4120=EDGE_CURVE('',#4885,#4888,#4889,.T.);
#4121=EDGE_CURVE('',#4890,#4888,#4891,.T.);
#4122=EDGE_CURVE('',#4886,#4890,#4892,.T.);
#4123=FILL_AREA_STYLE('',(#4893));
#4124=EDGE_CURVE('',#4894,#4885,#4895,.T.);
#4125=EDGE_CURVE('',#4894,#4896,#4897,.T.);
#4126=EDGE_CURVE('',#4888,#4896,#4898,.T.);
#4127=FILL_AREA_STYLE('',(#4899));
#4128=EDGE_CURVE('',#4886,#4894,#4900,.T.);
#4129=EDGE_CURVE('',#4896,#4890,#4901,.T.);
#4130=FILL_AREA_STYLE('',(#4902));
#4131=FILL_AREA_STYLE('',(#4903));
#4132=EDGE_CURVE('',#4904,#4905,#4906,.T.);
#4133=EDGE_CURVE('',#4904,#4907,#4908,.T.);
#4134=EDGE_CURVE('',#4909,#4907,#4910,.T.);
#4135=EDGE_CURVE('',#4905,#4909,#4911,.T.);
#4136=FILL_AREA_STYLE('',(#4912));
#4137=EDGE_CURVE('',#4913,#4904,#4914,.T.);
#4138=EDGE_CURVE('',#4913,#4915,#4916,.T.);
#4139=EDGE_CURVE('',#4907,#4915,#4917,.T.);
#4140=FILL_AREA_STYLE('',(#4918));
#4141=EDGE_CURVE('',#4919,#4913,#4920,.T.);
#4142=EDGE_CURVE('',#4919,#4921,#4922,.T.);
#4143=EDGE_CURVE('',#4915,#4921,#4923,.T.);
#4144=FILL_AREA_STYLE('',(#4924));
#4145=EDGE_CURVE('',#4925,#4919,#4926,.T.);
#4146=EDGE_CURVE('',#4925,#4927,#4928,.T.);
#4147=EDGE_CURVE('',#4921,#4927,#4929,.T.);
#4148=FILL_AREA_STYLE('',(#4930));
#4149=EDGE_CURVE('',#4931,#4925,#4932,.T.);
#4150=EDGE_CURVE('',#4931,#4933,#4934,.T.);
#4151=EDGE_CURVE('',#4927,#4933,#4935,.T.);
#4152=FILL_AREA_STYLE('',(#4936));
#4153=EDGE_CURVE('',#4937,#4931,#4938,.T.);
#4154=EDGE_CURVE('',#4937,#4939,#4940,.T.);
#4155=EDGE_CURVE('',#4933,#4939,#4941,.T.);
#4156=FILL_AREA_STYLE('',(#4942));
#4157=EDGE_CURVE('',#4905,#4937,#4943,.T.);
#4158=EDGE_CURVE('',#4939,#4909,#4944,.T.);
#4159=FILL_AREA_STYLE('',(#4945));
#4160=FILL_AREA_STYLE('',(#4946));
#4161=EDGE_CURVE('',#4947,#4948,#4949,.T.);
#4162=EDGE_CURVE('',#4947,#4950,#4951,.T.);
#4163=EDGE_CURVE('',#4952,#4950,#4953,.T.);
#4164=EDGE_CURVE('',#4948,#4952,#4954,.T.);
#4165=FILL_AREA_STYLE('',(#4955));
#4166=EDGE_CURVE('',#4956,#4947,#4957,.T.);
#4167=EDGE_CURVE('',#4956,#4958,#4959,.T.);
#4168=EDGE_CURVE('',#4950,#4958,#4960,.T.);
#4169=FILL_AREA_STYLE('',(#4961));
#4170=EDGE_CURVE('',#4962,#4956,#4963,.T.);
#4171=EDGE_CURVE('',#4962,#4964,#4965,.T.);
#4172=EDGE_CURVE('',#4958,#4964,#4966,.T.);
#4173=FILL_AREA_STYLE('',(#4967));
#4174=EDGE_CURVE('',#4968,#4962,#4969,.T.);
#4175=EDGE_CURVE('',#4968,#4970,#4971,.T.);
#4176=EDGE_CURVE('',#4964,#4970,#4972,.T.);
#4177=FILL_AREA_STYLE('',(#4973));
#4178=EDGE_CURVE('',#4974,#4968,#4975,.T.);
#4179=EDGE_CURVE('',#4974,#4976,#4977,.T.);
#4180=EDGE_CURVE('',#4970,#4976,#4978,.T.);
#4181=FILL_AREA_STYLE('',(#4979));
#4182=EDGE_CURVE('',#4980,#4974,#4981,.T.);
#4183=EDGE_CURVE('',#4980,#4982,#4983,.T.);
#4184=EDGE_CURVE('',#4976,#4982,#4984,.T.);
#4185=FILL_AREA_STYLE('',(#4985));
#4186=EDGE_CURVE('',#4986,#4980,#4987,.T.);
#4187=EDGE_CURVE('',#4986,#4988,#4989,.T.);
#4188=EDGE_CURVE('',#4982,#4988,#4990,.T.);
#4189=FILL_AREA_STYLE('',(#4991));
#4190=EDGE_CURVE('',#4992,#4986,#4993,.T.);
#4191=EDGE_CURVE('',#4992,#4994,#4995,.T.);
#4192=EDGE_CURVE('',#4988,#4994,#4996,.T.);
#4193=FILL_AREA_STYLE('',(#4997));
#4194=EDGE_CURVE('',#4998,#4992,#4999,.T.);
#4195=EDGE_CURVE('',#4998,#5000,#5001,.T.);
#4196=EDGE_CURVE('',#4994,#5000,#5002,.T.);
#4197=FILL_AREA_STYLE('',(#5003));
#4198=EDGE_CURVE('',#5004,#4998,#5005,.T.);
#4199=EDGE_CURVE('',#5004,#5006,#5007,.T.);
#4200=EDGE_CURVE('',#5000,#5006,#5008,.T.);
#4201=FILL_AREA_STYLE('',(#5009));
#4202=EDGE_CURVE('',#5010,#5004,#5011,.T.);
#4203=EDGE_CURVE('',#5010,#5012,#5013,.T.);
#4204=EDGE_CURVE('',#5006,#5012,#5014,.T.);
#4205=FILL_AREA_STYLE('',(#5015));
#4206=EDGE_CURVE('',#4948,#5010,#5016,.T.);
#4207=EDGE_CURVE('',#5012,#4952,#5017,.T.);
#4208=FILL_AREA_STYLE('',(#5018));
#4209=FILL_AREA_STYLE('',(#5019));
#4210=EDGE_CURVE('',#5020,#5021,#5022,.T.);
#4211=EDGE_CURVE('',#5020,#5023,#5024,.T.);
#4212=EDGE_CURVE('',#5025,#5023,#5026,.T.);
#4213=EDGE_CURVE('',#5025,#5021,#5027,.T.);
#4214=FILL_AREA_STYLE('',(#5028));
#4215=EDGE_CURVE('',#4275,#4271,#5029,.T.);
#4216=EDGE_CURVE('',#4270,#4273,#5030,.T.);
#4217=FILL_AREA_STYLE('',(#5031));
#4218=EDGE_CURVE('',#5021,#5020,#5032,.T.);
#4219=EDGE_CURVE('',#5023,#5025,#5033,.T.);
#4220=FILL_AREA_STYLE('',(#5034));
#4221=FILL_AREA_STYLE('',(#5035));
#4222=FILL_AREA_STYLE('',(#5036));
#4223=FILL_AREA_STYLE('',(#5037));
#4224=EDGE_CURVE('',#5038,#5039,#5040,.T.);
#4225=EDGE_CURVE('',#5039,#5041,#5042,.T.);
#4226=EDGE_CURVE('',#5041,#5043,#5044,.T.);
#4227=EDGE_CURVE('',#5043,#5045,#5046,.T.);
#4228=EDGE_CURVE('',#5045,#5047,#5048,.T.);
#4229=EDGE_CURVE('',#5047,#5038,#5049,.T.);
#4230=EDGE_CURVE('',#4289,#4293,#5050,.T.);
#4231=FILL_AREA_STYLE('',(#5051));
#4232=FILL_AREA_STYLE('',(#5052));
#4233=EDGE_CURVE('',#5053,#5041,#5054,.T.);
#4234=EDGE_CURVE('',#5055,#5053,#5056,.T.);
#4235=EDGE_CURVE('',#5055,#5043,#5057,.T.);
#4236=FILL_AREA_STYLE('',(#5058));
#4237=EDGE_CURVE('',#5059,#5055,#5060,.T.);
#4238=EDGE_CURVE('',#5059,#5045,#5061,.T.);
#4239=FILL_AREA_STYLE('',(#5062));
#4240=EDGE_CURVE('',#5063,#5059,#5064,.T.);
#4241=EDGE_CURVE('',#5063,#5047,#5065,.T.);
#4242=FILL_AREA_STYLE('',(#5066));
#4243=EDGE_CURVE('',#5067,#5063,#5068,.T.);
#4244=EDGE_CURVE('',#5067,#5038,#5069,.T.);
#4245=FILL_AREA_STYLE('',(#5070));
#4246=EDGE_CURVE('',#5071,#5067,#5072,.T.);
#4247=EDGE_CURVE('',#5071,#5039,#5073,.T.);
#4248=FILL_AREA_STYLE('',(#5074));
#4249=EDGE_CURVE('',#5053,#5071,#5075,.T.);
#4250=FILL_AREA_STYLE('',(#5076));
#4251=EDGE_CURVE('',#4297,#4300,#5077,.T.);
#4252=FILL_AREA_STYLE('',(#5078));
#4253=FILL_AREA_STYLE('',(#5079));
#4254=EDGE_CURVE('',#4288,#4291,#5080,.T.);
#4255=FILL_AREA_STYLE('',(#5081));
#4256=FILL_AREA_STYLE('',(#5082));
#4257=EDGE_CURVE('',#5083,#4506,#5084,.T.);
#4258=EDGE_CURVE('',#5083,#5085,#5086,.T.);
#4259=EDGE_CURVE('',#5087,#5085,#5088,.T.);
#4260=EDGE_CURVE('',#5087,#4494,#5089,.T.);
#4261=FILL_AREA_STYLE('',(#5090));
#4262=EDGE_CURVE('',#4462,#5087,#5091,.T.);
#4263=EDGE_CURVE('',#5085,#4464,#5092,.T.);
#4264=FILL_AREA_STYLE('',(#5093));
#4265=EDGE_CURVE('',#4452,#5083,#5094,.T.);
#4266=FILL_AREA_STYLE('',(#5095));
#4267=FILL_AREA_STYLE('',(#5096));
#4268=FILL_AREA_STYLE('',(#5097));
#4269=FILL_AREA_STYLE_COLOUR('',#5098);
#4270=VERTEX_POINT('',#5099);
#4271=VERTEX_POINT('',#5100);
#4272=B_SPLINE_CURVE_WITH_KNOTS('',1,(#5101,#5102),.UNSPECIFIED.,.F.,.F.,(2,2),(-0.101,-0.0590000000000001),.UNSPECIFIED.);
#4273=VERTEX_POINT('',#5103);
#4274=B_SPLINE_CURVE_WITH_KNOTS('',3,(#5104,#5105,#5106,#5107,#5108,#5109),.UNSPECIFIED.,.F.,.F.,(4,2,4),(0.0,0.254129708675163,0.5),.UNSPECIFIED.);
#4275=VERTEX_POINT('',#5110);
#4276=LINE('',#5111,#5112);
#4277=B_SPLINE_CURVE_WITH_KNOTS('',3,(#5113,#5114,#5115,#5116,#5117,#5118,#5119),.UNSPECIFIED.,.F.,.F.,(4,3,4),(0.672558620201907,0.789026589623301,0.909407018586726),.UNSPECIFIED.);
#4278=FILL_AREA_STYLE_COLOUR('',#5120);
#4279=VERTEX_POINT('',#5121);
#4280=VERTEX_POINT('',#5122);
#4281=B_SPLINE_CURVE_WITH_KNOTS('',1,(#5123,#5124),.UNSPECIFIED.,.F.,.F.,(2,2),(-0.101,-0.0589999999999996),.UNSPECIFIED.);
#4282=VERTEX_POINT('',#5125);
#4283=B_SPLINE_CURVE_WITH_KNOTS('',3,(#5126,#5127,#5128,#5129,#5130,#5131,#5132,#5133,#5134,#5135,#5136,#5137),.UNSPECIFIED.,.F.,.F.,(4,2,2,2,2,4),(0.0,0.123086012881457,0.251642515224314,0.380596541216011,0.461192807460822,0.499999999999996),.UNSPECIFIED.);
#4284=VERTEX_POINT('',#5138);
#4285=LINE('',#5139,#5140);
#4286=B_SPLINE_CURVE_WITH_KNOTS('',3,(#5141,#5142,#5143,#5144,#5145,#5146,#5147,#5148,#5149,#5150,#5151,#5152,#5153,#5154,#5155,#5156),.UNSPECIFIED.,.F.,.F.,(4,3,3,3,3,4),(0.240659907322707,0.247390311612254,0.261368273442602,0.283733012371158,0.306028808026668,0.327375846420192),.UNSPECIFIED.);
#4287=FILL_AREA_STYLE_COLOUR('',#5157);
#4288=VERTEX_POINT('',#5158);
#4289=VERTEX_POINT('',#5159);
#4290=LINE('',#5160,#5161);
#4291=VERTEX_POINT('',#5162);
#4292=CIRCLE('',#5163,1.3);
#4293=VERTEX_POINT('',#5164);
#4294=LINE('',#5165,#5166);
#4295=CIRCLE('',#5167,1.99);
#4296=FILL_AREA_STYLE_COLOUR('',#5168);
#4297=VERTEX_POINT('',#5169);
#4298=VERTEX_POINT('',#5170);
#4299=LINE('',#5171,#5172);
#4300=VERTEX_POINT('',#5173);
#4301=CIRCLE('',#5174,0.4);
#4302=VERTEX_POINT('',#5175);
#4303=LINE('',#5176,#5177);
#4304=CIRCLE('',#5178,0.4);
#4305=FILL_AREA_STYLE_COLOUR('',#5179);
#4306=VERTEX_POINT('',#5180);
#4307=VERTEX_POINT('',#5181);
#4308=LINE('',#5182,#5183);
#4309=VERTEX_POINT('',#5184);
#4310=CIRCLE('',#5185,1.75);
#4311=VERTEX_POINT('',#5186);
#4312=LINE('',#5187,#5188);
#4313=CIRCLE('',#5189,1.75);
#4314=FILL_AREA_STYLE_COLOUR('',#5190);
#4315=VERTEX_POINT('',#5191);
#4316=VERTEX_POINT('',#5192);
#4317=LINE('',#5193,#5194);
#4318=VERTEX_POINT('',#5195);
#4319=CIRCLE('',#5196,2.0);
#4320=VERTEX_POINT('',#5197);
#4321=LINE('',#5198,#5199);
#4322=CIRCLE('',#5200,2.0);
#4323=FILL_AREA_STYLE_COLOUR('',#5201);
#4324=VERTEX_POINT('',#5202);
#4325=VERTEX_POINT('',#5203);
#4326=LINE('',#5204,#5205);
#4327=VERTEX_POINT('',#5206);
#4328=LINE('',#5207,#5208);
#4329=VERTEX_POINT('',#5209);
#4330=LINE('',#5210,#5211);
#4331=LINE('',#5212,#5213);
#4332=FILL_AREA_STYLE_COLOUR('',#5214);
#4333=VERTEX_POINT('',#5215);
#4334=VERTEX_POINT('',#5216);
#4335=LINE('',#5217,#5218);
#4336=VERTEX_POINT('',#5219);
#4337=LINE('',#5220,#5221);
#4338=VERTEX_POINT('',#5222);
#4339=LINE('',#5223,#5224);
#4340=LINE('',#5225,#5226);
#4341=FILL_AREA_STYLE_COLOUR('',#5227);
#4342=VERTEX_POINT('',#5228);
#4343=CIRCLE('',#5229,2.0);
#4344=VERTEX_POINT('',#5230);
#4345=LINE('',#5231,#5232);
#4346=CIRCLE('',#5233,2.0);
#4347=FILL_AREA_STYLE_COLOUR('',#5234);
#4348=VERTEX_POINT('',#5235);
#4349=LINE('',#5236,#5237);
#4350=VERTEX_POINT('',#5238);
#4351=LINE('',#5239,#5240);
#4352=LINE('',#5241,#5242);
#4353=FILL_AREA_STYLE_COLOUR('',#5243);
#4354=CIRCLE('',#5244,2.0);
#4355=CIRCLE('',#5245,2.0);
#4356=FILL_AREA_STYLE_COLOUR('',#5246);
#4357=VERTEX_POINT('',#5247);
#4358=VERTEX_POINT('',#5248);
#4359=LINE('',#5249,#5250);
#4360=VERTEX_POINT('',#5251);
#4361=LINE('',#5252,#5253);
#4362=VERTEX_POINT('',#5254);
#4363=LINE('',#5255,#5256);
#4364=LINE('',#5257,#5258);
#4365=FILL_AREA_STYLE_COLOUR('',#5259);
#4366=VERTEX_POINT('',#5260);
#4367=VERTEX_POINT('',#5261);
#4368=LINE('',#5262,#5263);
#4369=VERTEX_POINT('',#5264);
#4370=LINE('',#5265,#5266);
#4371=VERTEX_POINT('',#5267);
#4372=LINE('',#5268,#5269);
#4373=LINE('',#5270,#5271);
#4374=FILL_AREA_STYLE_COLOUR('',#5272);
#4375=CIRCLE('',#5273,1.75);
#4376=CIRCLE('',#5274,1.75);
#4377=FILL_AREA_STYLE_COLOUR('',#5275);
#4378=LINE('',#5276,#5277);
#4379=VERTEX_POINT('',#5278);
#4380=CIRCLE('',#5279,2.0);
#4381=VERTEX_POINT('',#5280);
#4382=LINE('',#5281,#5282);
#4383=VERTEX_POINT('',#5283);
#4384=CIRCLE('',#5284,2.0);
#4385=VERTEX_POINT('',#5285);
#4386=LINE('',#5286,#5287);
#4387=VERTEX_POINT('',#5288);
#4388=CIRCLE('',#5289,2.0);
#4389=VERTEX_POINT('',#5290);
#4390=LINE('',#5291,#5292);
#4391=CIRCLE('',#5293,2.0);
#4392=CIRCLE('',#5294,2.0);
#4393=FILL_AREA_STYLE_COLOUR('',#5295);
#4394=VERTEX_POINT('',#5296);
#4395=VERTEX_POINT('',#5297);
#4396=LINE('',#5298,#5299);
#4397=LINE('',#5300,#5301);
#4398=LINE('',#5302,#5303);
#4399=FILL_AREA_STYLE_COLOUR('',#5304);
#4400=LINE('',#5305,#5306);
#4401=LINE('',#5307,#5308);
#4402=FILL_AREA_STYLE_COLOUR('',#5309);
#4403=VERTEX_POINT('',#5310);
#4404=VERTEX_POINT('',#5311);
#4405=LINE('',#5312,#5313);
#4406=LINE('',#5314,#5315);
#4407=LINE('',#5316,#5317);
#4408=FILL_AREA_STYLE_COLOUR('',#5318);
#4409=CIRCLE('',#5319,2.0);
#4410=FILL_AREA_STYLE_COLOUR('',#5320);
#4411=CIRCLE('',#5321,2.0);
#4412=FILL_AREA_STYLE_COLOUR('',#5322);
#4413=CIRCLE('',#5323,2.0);
#4414=FILL_AREA_STYLE_COLOUR('',#5324);
#4415=CIRCLE('',#5325,2.0);
#4416=FILL_AREA_STYLE_COLOUR('',#5326);
#4417=CIRCLE('',#5327,2.0);
#4418=FILL_AREA_STYLE_COLOUR('',#5328);
#4419=LINE('',#5329,#5330);
#4420=FILL_AREA_STYLE_COLOUR('',#5331);
#4421=VERTEX_POINT('',#5332);
#4422=LINE('',#5333,#5334);
#4423=VERTEX_POINT('',#5335);
#4424=CIRCLE('',#5336,4.0);
#4425=VERTEX_POINT('',#5337);
#4426=LINE('',#5338,#5339);
#4427=VERTEX_POINT('',#5340);
#4428=CIRCLE('',#5341,4.0);
#4429=VERTEX_POINT('',#5342);
#4430=LINE('',#5343,#5344);
#4431=VERTEX_POINT('',#5345);
#4432=CIRCLE('',#5346,4.0);
#4433=VERTEX_POINT('',#5347);
#4434=LINE('',#5348,#5349);
#4435=VERTEX_POINT('',#5350);
#4436=CIRCLE('',#5351,4.0);
#4437=LINE('',#5352,#5353);
#4438=FILL_AREA_STYLE_COLOUR('',#5354);
#4439=VERTEX_POINT('',#5355);
#4440=VERTEX_POINT('',#5356);
#4441=LINE('',#5357,#5358);
#4442=VERTEX_POINT('',#5359);
#4443=LINE('',#5360,#5361);
#4444=VERTEX_POINT('',#5362);
#4445=LINE('',#5363,#5364);
#4446=VERTEX_POINT('',#5365);
#4447=LINE('',#5366,#5367);
#4448=VERTEX_POINT('',#5368);
#4449=LINE('',#5369,#5370);
#4450=LINE('',#5371,#5372);
#4451=VERTEX_POINT('',#5373);
#4452=VERTEX_POINT('',#5374);
#4453=LINE('',#5375,#5376);
#4454=VERTEX_POINT('',#5377);
#4455=CIRCLE('',#5378,2.5);
#4456=VERTEX_POINT('',#5379);
#4457=LINE('',#5380,#5381);
#4458=VERTEX_POINT('',#5382);
#4459=CIRCLE('',#5383,2.5);
#4460=VERTEX_POINT('',#5384);
#4461=LINE('',#5385,#5386);
#4462=VERTEX_POINT('',#5387);
#4463=CIRCLE('',#5388,2.5);
#4464=VERTEX_POINT('',#5389);
#4465=LINE('',#5390,#5391);
#4466=CIRCLE('',#5392,2.5);
#4467=FILL_AREA_STYLE_COLOUR('',#5393);
#4468=VERTEX_POINT('',#5394);
#4469=VERTEX_POINT('',#5395);
#4470=LINE('',#5396,#5397);
#4471=LINE('',#5398,#5399);
#4472=LINE('',#5400,#5401);
#4473=FILL_AREA_STYLE_COLOUR('',#5402);
#4474=VERTEX_POINT('',#5403);
#4475=LINE('',#5404,#5405);
#4476=LINE('',#5406,#5407);
#4477=FILL_AREA_STYLE_COLOUR('',#5408);
#4478=VERTEX_POINT('',#5409);
#4479=LINE('',#5410,#5411);
#4480=LINE('',#5412,#5413);
#4481=FILL_AREA_STYLE_COLOUR('',#5414);
#4482=VERTEX_POINT('',#5415);
#4483=LINE('',#5416,#5417);
#4484=LINE('',#5418,#5419);
#4485=FILL_AREA_STYLE_COLOUR('',#5420);
#4486=VERTEX_POINT('',#5421);
#4487=LINE('',#5422,#5423);
#4488=LINE('',#5424,#5425);
#4489=FILL_AREA_STYLE_COLOUR('',#5426);
#4490=LINE('',#5427,#5428);
#4491=FILL_AREA_STYLE_COLOUR('',#5429);
#4492=VERTEX_POINT('',#5430);
#4493=LINE('',#5431,#5432);
#4494=VERTEX_POINT('',#5433);
#4495=LINE('',#5434,#5435);
#4496=LINE('',#5436,#5437);
#4497=FILL_AREA_STYLE_COLOUR('',#5438);
#4498=VERTEX_POINT('',#5439);
#4499=LINE('',#5440,#5441);
#4500=CIRCLE('',#5442,2.5);
#4501=FILL_AREA_STYLE_COLOUR('',#5443);
#4502=VERTEX_POINT('',#5444);
#4503=LINE('',#5445,#5446);
#4504=LINE('',#5447,#5448);
#4505=FILL_AREA_STYLE_COLOUR('',#5449);
#4506=VERTEX_POINT('',#5450);
#4507=LINE('',#5451,#5452);
#4508=CIRCLE('',#5453,2.5);
#4509=FILL_AREA_STYLE_COLOUR('',#5454);
#4510=CIRCLE('',#5455,0.4);
#4511=FILL_AREA_STYLE_COLOUR('',#5456);
#4512=VERTEX_POINT('',#5457);
#4513=VERTEX_POINT('',#5458);
#4514=LINE('',#5459,#5460);
#4515=VERTEX_POINT('',#5461);
#4516=CIRCLE('',#5462,4.0);
#4517=VERTEX_POINT('',#5463);
#4518=LINE('',#5464,#5465);
#4519=VERTEX_POINT('',#5466);
#4520=CIRCLE('',#5467,4.0);
#4521=VERTEX_POINT('',#5468);
#4522=LINE('',#5469,#5470);
#4523=VERTEX_POINT('',#5471);
#4524=CIRCLE('',#5472,4.0);
#4525=VERTEX_POINT('',#5473);
#4526=LINE('',#5474,#5475);
#4527=CIRCLE('',#5476,4.0);
#4528=FILL_AREA_STYLE_COLOUR('',#5477);
#4529=LINE('',#5478,#5479);
#4530=LINE('',#5480,#5481);
#4531=FILL_AREA_STYLE_COLOUR('',#5482);
#4532=LINE('',#5483,#5484);
#4533=FILL_AREA_STYLE_COLOUR('',#5485);
#4534=LINE('',#5486,#5487);
#4535=FILL_AREA_STYLE_COLOUR('',#5488);
#4536=LINE('',#5489,#5490);
#4537=FILL_AREA_STYLE_COLOUR('',#5491);
#4538=LINE('',#5492,#5493);
#4539=FILL_AREA_STYLE_COLOUR('',#5494);
#4540=LINE('',#5495,#5496);
#4541=FILL_AREA_STYLE_COLOUR('',#5497);
#4542=LINE('',#5498,#5499);
#4543=FILL_AREA_STYLE_COLOUR('',#5500);
#4544=FILL_AREA_STYLE_COLOUR('',#5501);
#4545=VERTEX_POINT('',#5502);
#4546=VERTEX_POINT('',#5503);
#4547=LINE('',#5504,#5505);
#4548=VERTEX_POINT('',#5506);
#4549=LINE('',#5507,#5508);
#4550=VERTEX_POINT('',#5509);
#4551=LINE('',#5510,#5511);
#4552=LINE('',#5512,#5513);
#4553=FILL_AREA_STYLE_COLOUR('',#5514);
#4554=VERTEX_POINT('',#5515);
#4555=LINE('',#5516,#5517);
#4556=VERTEX_POINT('',#5518);
#4557=LINE('',#5519,#5520);
#4558=LINE('',#5521,#5522);
#4559=FILL_AREA_STYLE_COLOUR('',#5523);
#4560=VERTEX_POINT('',#5524);
#4561=LINE('',#5525,#5526);
#4562=VERTEX_POINT('',#5527);
#4563=LINE('',#5528,#5529);
#4564=LINE('',#5530,#5531);
#4565=FILL_AREA_STYLE_COLOUR('',#5532);
#4566=VERTEX_POINT('',#5533);
#4567=LINE('',#5534,#5535);
#4568=VERTEX_POINT('',#5536);
#4569=LINE('',#5537,#5538);
#4570=LINE('',#5539,#5540);
#4571=FILL_AREA_STYLE_COLOUR('',#5541);
#4572=VERTEX_POINT('',#5542);
#4573=LINE('',#5543,#5544);
#4574=VERTEX_POINT('',#5545);
#4575=LINE('',#5546,#5547);
#4576=LINE('',#5548,#5549);
#4577=FILL_AREA_STYLE_COLOUR('',#5550);
#4578=VERTEX_POINT('',#5551);
#4579=LINE('',#5552,#5553);
#4580=VERTEX_POINT('',#5554);
#4581=LINE('',#5555,#5556);
#4582=LINE('',#5557,#5558);
#4583=FILL_AREA_STYLE_COLOUR('',#5559);
#4584=VERTEX_POINT('',#5560);
#4585=LINE('',#5561,#5562);
#4586=VERTEX_POINT('',#5563);
#4587=LINE('',#5564,#5565);
#4588=LINE('',#5566,#5567);
#4589=FILL_AREA_STYLE_COLOUR('',#5568);
#4590=VERTEX_POINT('',#5569);
#4591=LINE('',#5570,#5571);
#4592=VERTEX_POINT('',#5572);
#4593=LINE('',#5573,#5574);
#4594=LINE('',#5575,#5576);
#4595=FILL_AREA_STYLE_COLOUR('',#5577);
#4596=VERTEX_POINT('',#5578);
#4597=LINE('',#5579,#5580);
#4598=VERTEX_POINT('',#5581);
#4599=LINE('',#5582,#5583);
#4600=LINE('',#5584,#5585);
#4601=FILL_AREA_STYLE_COLOUR('',#5586);
#4602=VERTEX_POINT('',#5587);
#4603=LINE('',#5588,#5589);
#4604=VERTEX_POINT('',#5590);
#4605=LINE('',#5591,#5592);
#4606=LINE('',#5593,#5594);
#4607=FILL_AREA_STYLE_COLOUR('',#5595);
#4608=VERTEX_POINT('',#5596);
#4609=LINE('',#5597,#5598);
#4610=VERTEX_POINT('',#5599);
#4611=LINE('',#5600,#5601);
#4612=LINE('',#5602,#5603);
#4613=FILL_AREA_STYLE_COLOUR('',#5604);
#4614=LINE('',#5605,#5606);
#4615=LINE('',#5607,#5608);
#4616=FILL_AREA_STYLE_COLOUR('',#5609);
#4617=FILL_AREA_STYLE_COLOUR('',#5610);
#4618=VERTEX_POINT('',#5611);
#4619=VERTEX_POINT('',#5612);
#4620=LINE('',#5613,#5614);
#4621=VERTEX_POINT('',#5615);
#4622=LINE('',#5616,#5617);
#4623=VERTEX_POINT('',#5618);
#4624=LINE('',#5619,#5620);
#4625=LINE('',#5621,#5622);
#4626=FILL_AREA_STYLE_COLOUR('',#5623);
#4627=VERTEX_POINT('',#5624);
#4628=LINE('',#5625,#5626);
#4629=VERTEX_POINT('',#5627);
#4630=LINE('',#5628,#5629);
#4631=LINE('',#5630,#5631);
#4632=FILL_AREA_STYLE_COLOUR('',#5632);
#4633=VERTEX_POINT('',#5633);
#4634=LINE('',#5634,#5635);
#4635=VERTEX_POINT('',#5636);
#4636=LINE('',#5637,#5638);
#4637=LINE('',#5639,#5640);
#4638=FILL_AREA_STYLE_COLOUR('',#5641);
#4639=VERTEX_POINT('',#5642);
#4640=LINE('',#5643,#5644);
#4641=VERTEX_POINT('',#5645);
#4642=LINE('',#5646,#5647);
#4643=LINE('',#5648,#5649);
#4644=FILL_AREA_STYLE_COLOUR('',#5650);
#4645=VERTEX_POINT('',#5651);
#4646=LINE('',#5652,#5653);
#4647=VERTEX_POINT('',#5654);
#4648=LINE('',#5655,#5656);
#4649=LINE('',#5657,#5658);
#4650=FILL_AREA_STYLE_COLOUR('',#5659);
#4651=VERTEX_POINT('',#5660);
#4652=LINE('',#5661,#5662);
#4653=VERTEX_POINT('',#5663);
#4654=LINE('',#5664,#5665);
#4655=LINE('',#5666,#5667);
#4656=FILL_AREA_STYLE_COLOUR('',#5668);
#4657=VERTEX_POINT('',#5669);
#4658=LINE('',#5670,#5671);
#4659=VERTEX_POINT('',#5672);
#4660=LINE('',#5673,#5674);
#4661=LINE('',#5675,#5676);
#4662=FILL_AREA_STYLE_COLOUR('',#5677);
#4663=VERTEX_POINT('',#5678);
#4664=LINE('',#5679,#5680);
#4665=VERTEX_POINT('',#5681);
#4666=LINE('',#5682,#5683);
#4667=LINE('',#5684,#5685);
#4668=FILL_AREA_STYLE_COLOUR('',#5686);
#4669=VERTEX_POINT('',#5687);
#4670=LINE('',#5688,#5689);
#4671=VERTEX_POINT('',#5690);
#4672=LINE('',#5691,#5692);
#4673=LINE('',#5693,#5694);
#4674=FILL_AREA_STYLE_COLOUR('',#5695);
#4675=VERTEX_POINT('',#5696);
#4676=LINE('',#5697,#5698);
#4677=VERTEX_POINT('',#5699);
#4678=LINE('',#5700,#5701);
#4679=LINE('',#5702,#5703);
#4680=FILL_AREA_STYLE_COLOUR('',#5704);
#4681=VERTEX_POINT('',#5705);
#4682=LINE('',#5706,#5707);
#4683=VERTEX_POINT('',#5708);
#4684=LINE('',#5709,#5710);
#4685=LINE('',#5711,#5712);
#4686=FILL_AREA_STYLE_COLOUR('',#5713);
#4687=VERTEX_POINT('',#5714);
#4688=LINE('',#5715,#5716);
#4689=VERTEX_POINT('',#5717);
#4690=LINE('',#5718,#5719);
#4691=LINE('',#5720,#5721);
#4692=FILL_AREA_STYLE_COLOUR('',#5722);
#4693=LINE('',#5723,#5724);
#4694=LINE('',#5725,#5726);
#4695=FILL_AREA_STYLE_COLOUR('',#5727);
#4696=FILL_AREA_STYLE_COLOUR('',#5728);
#4697=VERTEX_POINT('',#5729);
#4698=VERTEX_POINT('',#5730);
#4699=LINE('',#5731,#5732);
#4700=VERTEX_POINT('',#5733);
#4701=LINE('',#5734,#5735);
#4702=VERTEX_POINT('',#5736);
#4703=LINE('',#5737,#5738);
#4704=LINE('',#5739,#5740);
#4705=FILL_AREA_STYLE_COLOUR('',#5741);
#4706=VERTEX_POINT('',#5742);
#4707=LINE('',#5743,#5744);
#4708=VERTEX_POINT('',#5745);
#4709=LINE('',#5746,#5747);
#4710=LINE('',#5748,#5749);
#4711=FILL_AREA_STYLE_COLOUR('',#5750);
#4712=VERTEX_POINT('',#5751);
#4713=LINE('',#5752,#5753);
#4714=VERTEX_POINT('',#5754);
#4715=LINE('',#5755,#5756);
#4716=LINE('',#5757,#5758);
#4717=FILL_AREA_STYLE_COLOUR('',#5759);
#4718=VERTEX_POINT('',#5760);
#4719=LINE('',#5761,#5762);
#4720=VERTEX_POINT('',#5763);
#4721=LINE('',#5764,#5765);
#4722=LINE('',#5766,#5767);
#4723=FILL_AREA_STYLE_COLOUR('',#5768);
#4724=VERTEX_POINT('',#5769);
#4725=LINE('',#5770,#5771);
#4726=VERTEX_POINT('',#5772);
#4727=LINE('',#5773,#5774);
#4728=LINE('',#5775,#5776);
#4729=FILL_AREA_STYLE_COLOUR('',#5777);
#4730=LINE('',#5778,#5779);
#4731=LINE('',#5780,#5781);
#4732=FILL_AREA_STYLE_COLOUR('',#5782);
#4733=FILL_AREA_STYLE_COLOUR('',#5783);
#4734=VERTEX_POINT('',#5784);
#4735=VERTEX_POINT('',#5785);
#4736=LINE('',#5786,#5787);
#4737=VERTEX_POINT('',#5788);
#4738=LINE('',#5789,#5790);
#4739=VERTEX_POINT('',#5791);
#4740=LINE('',#5792,#5793);
#4741=LINE('',#5794,#5795);
#4742=FILL_AREA_STYLE_COLOUR('',#5796);
#4743=VERTEX_POINT('',#5797);
#4744=LINE('',#5798,#5799);
#4745=VERTEX_POINT('',#5800);
#4746=LINE('',#5801,#5802);
#4747=LINE('',#5803,#5804);
#4748=FILL_AREA_STYLE_COLOUR('',#5805);
#4749=VERTEX_POINT('',#5806);
#4750=VERTEX_POINT('',#5807);
#4751=B_SPLINE_CURVE_WITH_KNOTS('',3,(#5808,#5809,#5810,#5811,#5812,#5813,#5814),.UNSPECIFIED.,.F.,.F.,(4,3,4),(0.0,0.0109561046452215,0.0222498061599369),.UNSPECIFIED.);
#4752=VERTEX_POINT('',#5815);
#4753=LINE('',#5816,#5817);
#4754=VERTEX_POINT('',#5818);
#4755=B_SPLINE_CURVE_WITH_KNOTS('',3,(#5819,#5820,#5821,#5822,#5823,#5824),.UNSPECIFIED.,.F.,.F.,(4,2,4),(0.0,0.507586512598518,1.0),.UNSPECIFIED.);
#4756=LINE('',#5825,#5826);
#4757=FILL_AREA_STYLE_COLOUR('',#5827);
#4758=VERTEX_POINT('',#5828);
#4759=B_SPLINE_CURVE_WITH_KNOTS('',3,(#5829,#5830,#5831,#5832,#5833,#5834,#5835,#5836,#5837,#5838,#5839,#5840,#5841),.UNSPECIFIED.,.F.,.F.,(4,3,3,3,4),(0.0,0.0654195784503382,0.0900435273218621,0.11436444987205,0.120444680509597),.UNSPECIFIED.);
#4760=VERTEX_POINT('',#5842);
#4761=LINE('',#5843,#5844);
#4762=B_SPLINE_CURVE_WITH_KNOTS('',3,(#5845,#5846,#5847,#5848,#5849,#5850,#5851,#5852,#5853,#5854),.UNSPECIFIED.,.F.,.F.,(4,2,2,2,4),(0.0,0.0504815207431458,0.252407603715738,0.456849582949199,1.0),.UNSPECIFIED.);
#4763=FILL_AREA_STYLE_COLOUR('',#5855);
#4764=VERTEX_POINT('',#5856);
#4765=B_SPLINE_CURVE_WITH_KNOTS('',3,(#5857,#5858,#5859,#5860,#5861,#5862,#5863,#5864,#5865,#5866,#5867,#5868,#5869,#5870,#5871,#5872,#5873,#5874,#5875),.UNSPECIFIED.,.F.,.F.,(4,3,3,3,3,3,4),(0.0,0.469165549942322,0.857929745559853,1.24376985504109,1.62578976541855,2.004754009744,2.47233178383709),.UNSPECIFIED.);
#4766=VERTEX_POINT('',#5876);
#4767=LINE('',#5877,#5878);
#4768=B_SPLINE_CURVE_WITH_KNOTS('',3,(#5879,#5880,#5881,#5882,#5883,#5884,#5885,#5886,#5887,#5888,#5889,#5890,#5891,#5892),.UNSPECIFIED.,.F.,.F.,(4,2,2,2,2,2,4),(0.0,0.189124201351085,0.342406316155793,0.496924375938434,0.652987616318901,0.810233580699201,1.0),.UNSPECIFIED.);
#4769=FILL_AREA_STYLE_COLOUR('',#5893);
#4770=LINE('',#5894,#5895);
#4771=LINE('',#5896,#5897);
#4772=FILL_AREA_STYLE_COLOUR('',#5898);
#4773=VERTEX_POINT('',#5899);
#4774=B_SPLINE_CURVE_WITH_KNOTS('',3,(#5900,#5901,#5902,#5903,#5904,#5905,#5906,#5907,#5908,#5909,#5910,#5911,#5912,#5913,#5914,#5915,#5916,#5917,#5918),.UNSPECIFIED.,.F.,.F.,(4,3,3,3,3,3,4),(0.0,0.0249525295114133,0.114130700200018,0.203308870888629,0.276208486610273,0.350346038235922,0.380184114569207),.UNSPECIFIED.);
#4775=VERTEX_POINT('',#5919);
#4776=LINE('',#5920,#5921);
#4777=B_SPLINE_CURVE_WITH_KNOTS('',3,(#5922,#5923,#5924,#5925,#5926,#5927,#5928,#5929,#5930,#5931,#5932,#5933,#5934,#5935),.UNSPECIFIED.,.F.,.F.,(4,2,2,2,2,2,4),(0.0,0.0784832274412512,0.27348756556215,0.465235755262943,0.699801501887208,0.934367248511455,1.0),.UNSPECIFIED.);
#4778=FILL_AREA_STYLE_COLOUR('',#5936);
#4779=B_SPLINE_CURVE_WITH_KNOTS('',3,(#5937,#5938,#5939,#5940,#5941,#5942,#5943,#5944,#5945,#5946,#5947,#5948,#5949,#5950,#5951,#5952,#5953,#5954,#5955),.UNSPECIFIED.,.F.,.F.,(4,3,3,3,3,3,4),(0.0,0.00228954572673831,0.0300031482194997,0.035469371860182,0.040886399363837,0.0585733204902299,0.0979539086292533),.UNSPECIFIED.);
#4780=B_SPLINE_CURVE_WITH_KNOTS('',3,(#5956,#5957,#5958,#5959,#5960,#5961,#5962,#5963,#5964,#5965,#5966,#5967,#5968,#5969),.UNSPECIFIED.,.F.,.F.,(4,2,2,2,2,2,4),(0.0,0.402031819762041,0.582595529509819,0.637897329912272,0.69370136792541,0.97662629537935,1.0),.UNSPECIFIED.);
#4781=FILL_AREA_STYLE_COLOUR('',#5970);
#4782=FILL_AREA_STYLE_COLOUR('',#5971);
#4783=VERTEX_POINT('',#5972);
#4784=VERTEX_POINT('',#5973);
#4785=B_SPLINE_CURVE_WITH_KNOTS('',3,(#5974,#5975,#5976,#5977,#5978,#5979,#5980,#5981,#5982,#5983,#5984,#5985,#5986,#5987,#5988,#5989,#5990,#5991,#5992,#5993,#5994,#5995,#5996,#5997,#5998,#5999,#6000,#6001,#6002,#6003,#6004,#6005,#6006,#6007,#6008,#6009,#6010,#6011,#6012,#6013,#6014,#6015,#6016,#6017,#6018,#6019,#6020,#6021,#6022,#6023,#6024,#6025,#6026,#6027,#6028),.UNSPECIFIED.,.F.,.F.,(4,3,3,3,3,3,3,3,3,3,3,3,3,3,3,3,3,3,4),(0.0,0.0307879958370255,0.061746421986796,0.106924125263496,0.152268726256842,0.197782899653933,0.25012419906059,0.302356397166003,0.354745557229014,0.397367246771803,0.439988936314591,0.48261062585738,0.525144941740923,0.566237416408073,0.607234424396945,0.648018715573668,0.672624114382765,0.697010664125978,0.718528208017049),.UNSPECIFIED.);
#4786=VERTEX_POINT('',#6029);
#4787=LINE('',#6030,#6031);
#4788=VERTEX_POINT('',#6032);
#4789=B_SPLINE_CURVE_WITH_KNOTS('',3,(#6033,#6034,#6035,#6036,#6037,#6038,#6039,#6040,#6041,#6042,#6043,#6044,#6045,#6046,#6047,#6048,#6049,#6050,#6051,#6052,#6053,#6054,#6055,#6056,#6057,#6058,#6059,#6060,#6061,#6062,#6063,#6064,#6065,#6066,#6067,#6068,#6069,#6070),.UNSPECIFIED.,.F.,.F.,(4,2,2,2,2,2,2,2,2,2,2,2,2,2,2,2,2,2,4),(0.0,0.0299466933253092,0.0638862790939924,0.0981304445067906,0.154891321423895,0.211948243520263,0.269138029820449,0.328334475289064,0.387652521633289,0.446970567977515,0.50628861432174,0.579200379619851,0.651893695654806,0.724738851659335,0.788082465576315,0.851190079845886,0.914065416920513,0.957151305274441,1.0),.UNSPECIFIED.);
#4790=LINE('',#6071,#6072);
#4791=FILL_AREA_STYLE_COLOUR('',#6073);
#4792=VERTEX_POINT('',#6074);
#4793=B_SPLINE_CURVE_WITH_KNOTS('',3,(#6075,#6076,#6077,#6078,#6079,#6080,#6081,#6082,#6083,#6084),.UNSPECIFIED.,.F.,.F.,(4,3,3,4),(0.0,0.0175041384756351,0.0343120896255349,0.0512190154337043),.UNSPECIFIED.);
#4794=VERTEX_POINT('',#6085);
#4795=LINE('',#6086,#6087);
#4796=B_SPLINE_CURVE_WITH_KNOTS('',3,(#6088,#6089,#6090,#6091,#6092,#6093,#6094,#6095),.UNSPECIFIED.,.F.,.F.,(4,2,2,4),(0.0,0.330090800555372,0.658249219993467,1.0),.UNSPECIFIED.);
#4797=FILL_AREA_STYLE_COLOUR('',#6096);
#4798=VERTEX_POINT('',#6097);
#4799=B_SPLINE_CURVE_WITH_KNOTS('',3,(#6098,#6099,#6100,#6101),.UNSPECIFIED.,.F.,.F.,(4,4),(0.0,0.0243453312530626),.UNSPECIFIED.);
#4800=VERTEX_POINT('',#6102);
#4801=LINE('',#6103,#6104);
#4802=ELLIPSE('',#6105,21.3954828054798,3.20107515058857);
#4803=FILL_AREA_STYLE_COLOUR('',#6106);
#4804=B_SPLINE_CURVE_WITH_KNOTS('',3,(#6107,#6108,#6109,#6110,#6111,#6112,#6113,#6114,#6115,#6116,#6117,#6118,#6119,#6120,#6121,#6122,#6123,#6124,#6125),.UNSPECIFIED.,.F.,.F.,(4,3,3,3,3,3,4),(0.153943968225173,0.175612096241462,0.190208617624821,0.204907371715319,0.219538245413214,0.233412349781907,0.240659907322707),.UNSPECIFIED.);
#4805=B_SPLINE_CURVE_WITH_KNOTS('',3,(#6126,#6127,#6128,#6129,#6130,#6131,#6132,#6133,#6134,#6135,#6136,#6137,#6138,#6139),.UNSPECIFIED.,.F.,.F.,(4,2,2,2,2,2,4),(0.499999999999996,0.541789073705631,0.621786502742805,0.706147427909278,0.790899748206272,0.875062599553248,1.0),.UNSPECIFIED.);
#4806=FILL_AREA_STYLE_COLOUR('',#6140);
#4807=VERTEX_POINT('',#6141);
#4808=B_SPLINE_CURVE_WITH_KNOTS('',3,(#6142,#6143,#6144,#6145),.UNSPECIFIED.,.F.,.F.,(4,4),(0.0,0.0455366701251092),.UNSPECIFIED.);
#4809=VERTEX_POINT('',#6146);
#4810=LINE('',#6147,#6148);
#4811=ELLIPSE('',#6149,16.631835698714,1.62112484281741);
#4812=FILL_AREA_STYLE_COLOUR('',#6150);
#4813=VERTEX_POINT('',#6151);
#4814=B_SPLINE_CURVE_WITH_KNOTS('',3,(#6152,#6153,#6154,#6155,#6156,#6157,#6158,#6159,#6160,#6161),.UNSPECIFIED.,.F.,.F.,(4,3,3,4),(0.0,0.0144144404029303,0.0259952728634039,0.0377228527929279),.UNSPECIFIED.);
#4815=VERTEX_POINT('',#6162);
#4816=LINE('',#6163,#6164);
#4817=B_SPLINE_CURVE_WITH_KNOTS('',3,(#6165,#6166,#6167,#6168,#6169,#6170,#6171,#6172),.UNSPECIFIED.,.F.,.F.,(4,2,2,4),(0.0,0.310887938245292,0.617885728790039,1.0),.UNSPECIFIED.);
#4818=FILL_AREA_STYLE_COLOUR('',#6173);
#4819=B_SPLINE_CURVE_WITH_KNOTS('',3,(#6174,#6175,#6176,#6177,#6178,#6179,#6180),.UNSPECIFIED.,.F.,.F.,(4,3,4),(0.0,0.0119668674191584,0.0274449054924658),.UNSPECIFIED.);
#4820=B_SPLINE_CURVE_WITH_KNOTS('',3,(#6181,#6182,#6183,#6184,#6185,#6186),.UNSPECIFIED.,.F.,.F.,(4,2,4),(0.0,0.563967621515637,1.0),.UNSPECIFIED.);
#4821=FILL_AREA_STYLE_COLOUR('',#6187);
#4822=FILL_AREA_STYLE_COLOUR('',#6188);
#4823=VERTEX_POINT('',#6189);
#4824=VERTEX_POINT('',#6190);
#4825=B_SPLINE_CURVE_WITH_KNOTS('',3,(#6191,#6192,#6193,#6194,#6195,#6196,#6197),.UNSPECIFIED.,.F.,.F.,(4,3,4),(0.0,0.07523946356805,0.111181882469985),.UNSPECIFIED.);
#4826=VERTEX_POINT('',#6198);
#4827=LINE('',#6199,#6200);
#4828=VERTEX_POINT('',#6201);
#4829=B_SPLINE_CURVE_WITH_KNOTS('',3,(#6202,#6203,#6204,#6205,#6206,#6207),.UNSPECIFIED.,.F.,.F.,(4,2,4),(0.0,0.323275862068969,1.0),.UNSPECIFIED.);
#4830=LINE('',#6208,#6209);
#4831=FILL_AREA_STYLE_COLOUR('',#6210);
#4832=VERTEX_POINT('',#6211);
#4833=B_SPLINE_CURVE_WITH_KNOTS('',3,(#6212,#6213,#6214,#6215,#6216,#6217,#6218,#6219,#6220,#6221,#6222,#6223,#6224,#6225,#6226,#6227,#6228,#6229,#6230,#6231,#6232,#6233,#6234,#6235,#6236,#6237,#6238,#6239,#6240,#6241,#6242,#6243,#6244,#6245,#6246,#6247,#6248),.UNSPECIFIED.,.F.,.F.,(4,3,3,3,3,3,3,3,3,3,3,3,4),(0.0,0.00792772722573541,0.0198296038865028,0.0317314805472703,0.0436333572080374,0.0555352338688051,0.0688540006082352,0.0822854325649052,0.189072312157907,0.226533415349557,0.243114559385204,0.259695703420851,0.35416151697605),.UNSPECIFIED.);
#4834=VERTEX_POINT('',#6249);
#4835=LINE('',#6250,#6251);
#4836=B_SPLINE_CURVE_WITH_KNOTS('',3,(#6252,#6253,#6254,#6255,#6256,#6257,#6258,#6259,#6260,#6261,#6262,#6263,#6264,#6265,#6266,#6267,#6268,#6269,#6270,#6271,#6272,#6273,#6274,#6275,#6276,#6277),.UNSPECIFIED.,.F.,.F.,(4,2,2,2,2,2,2,2,2,2,2,2,4),(0.0,0.266730881327197,0.313548909940871,0.360366938554546,0.466141003200262,0.76766128271788,0.805585877324748,0.843192353751521,0.876798141196724,0.910403928641925,0.944009716087127,0.977615503532329,1.0),.UNSPECIFIED.);
#4837=FILL_AREA_STYLE_COLOUR('',#6278);
#4838=B_SPLINE_CURVE_WITH_KNOTS('',3,(#6279,#6280,#6281,#6282,#6283,#6284,#6285),.UNSPECIFIED.,.F.,.F.,(4,3,4),(0.0,0.0176746631852388,0.0380685053220533),.UNSPECIFIED.);
#4839=B_SPLINE_CURVE_WITH_KNOTS('',3,(#6286,#6287,#6288,#6289,#6290,#6291),.UNSPECIFIED.,.F.,.F.,(4,2,4),(0.0,0.535714285714293,1.0),.UNSPECIFIED.);
#4840=FILL_AREA_STYLE_COLOUR('',#6292);
#4841=FILL_AREA_STYLE_COLOUR('',#6293);
#4842=VERTEX_POINT('',#6294);
#4843=VERTEX_POINT('',#6295);
#4844=B_SPLINE_CURVE_WITH_KNOTS('',3,(#6296,#6297,#6298,#6299,#6300,#6301,#6302),.UNSPECIFIED.,.F.,.F.,(4,3,4),(0.0,0.0109245949967565,0.0217393204652683),.UNSPECIFIED.);
#4845=VERTEX_POINT('',#6303);
#4846=LINE('',#6304,#6305);
#4847=VERTEX_POINT('',#6306);
#4848=B_SPLINE_CURVE_WITH_KNOTS('',3,(#6307,#6308,#6309,#6310,#6311,#6312),.UNSPECIFIED.,.F.,.F.,(4,2,4),(0.0,0.497473022939696,1.0),.UNSPECIFIED.);
#4849=LINE('',#6313,#6314);
#4850=FILL_AREA_STYLE_COLOUR('',#6315);
#4851=VERTEX_POINT('',#6316);
#4852=B_SPLINE_CURVE_WITH_KNOTS('',3,(#6317,#6318,#6319,#6320,#6321,#6322,#6323,#6324,#6325,#6326,#6327,#6328,#6329,#6330,#6331,#6332,#6333,#6334,#6335,#6336,#6337,#6338),.UNSPECIFIED.,.F.,.F.,(4,3,3,3,3,3,3,4),(0.0,0.0331903523846397,0.0663807047692774,0.0995710571539163,0.13529019829167,0.171189626348638,0.206789713862093,0.282197171958778),.UNSPECIFIED.);
#4853=VERTEX_POINT('',#6339);
#4854=LINE('',#6340,#6341);
#4855=B_SPLINE_CURVE_WITH_KNOTS('',3,(#6342,#6343,#6344,#6345,#6346,#6347,#6348,#6349,#6350,#6351,#6352,#6353,#6354,#6355,#6356,#6357),.UNSPECIFIED.,.F.,.F.,(4,2,2,2,2,2,2,4),(0.0,0.267215498912583,0.393368738742553,0.520582728194624,0.647157849021743,0.764771899347829,0.882385949673911,1.0),.UNSPECIFIED.);
#4856=FILL_AREA_STYLE_COLOUR('',#6358);
#4857=VERTEX_POINT('',#6359);
#4858=B_SPLINE_CURVE_WITH_KNOTS('',3,(#6360,#6361,#6362,#6363,#6364,#6365,#6366,#6367,#6368,#6369,#6370,#6371,#6372,#6373,#6374,#6375,#6376,#6377,#6378,#6379,#6380,#6381,#6382,#6383,#6384,#6385,#6386,#6387,#6388,#6389,#6390,#6391,#6392,#6393),.UNSPECIFIED.,.F.,.F.,(4,3,3,3,3,3,3,3,3,3,3,4),(0.0,0.00600639864233426,0.0120519860083326,0.0174743169448465,0.0229428572219514,0.0532669944082712,0.059430688110432,0.0655116599594461,0.0694427932759804,0.0733739265925148,0.0895682326964971,0.105762538800479),.UNSPECIFIED.);
#4859=VERTEX_POINT('',#6394);
#4860=LINE('',#6395,#6396);
#4861=B_SPLINE_CURVE_WITH_KNOTS('',3,(#6397,#6398,#6399,#6400,#6401,#6402,#6403,#6404,#6405,#6406,#6407,#6408,#6409,#6410,#6411,#6412,#6413,#6414,#6415,#6416,#6417,#6418,#6419,#6420),.UNSPECIFIED.,.F.,.F.,(4,2,2,2,2,2,2,2,2,2,2,4),(0.0,0.153119490962039,0.306238981924078,0.343408412245247,0.380577842566416,0.438074305094474,0.49635291462926,0.783071988606164,0.834777822629507,0.886046740698343,0.943208637855552,1.0),.UNSPECIFIED.);
#4862=FILL_AREA_STYLE_COLOUR('',#6421);
#4863=VERTEX_POINT('',#6422);
#4864=LINE('',#6423,#6424);
#4865=VERTEX_POINT('',#6425);
#4866=LINE('',#6426,#6427);
#4867=LINE('',#6428,#6429);
#4868=FILL_AREA_STYLE_COLOUR('',#6430);
#4869=VERTEX_POINT('',#6431);
#4870=B_SPLINE_CURVE_WITH_KNOTS('',3,(#6432,#6433,#6434,#6435),.UNSPECIFIED.,.F.,.F.,(4,4),(0.0,0.0102240665806015),.UNSPECIFIED.);
#4871=VERTEX_POINT('',#6436);
#4872=LINE('',#6437,#6438);
#4873=B_SPLINE_CURVE_WITH_KNOTS('',3,(#6439,#6440,#6441,#6442),.UNSPECIFIED.,.F.,.F.,(4,4),(0.0,1.0),.UNSPECIFIED.);
#4874=FILL_AREA_STYLE_COLOUR('',#6443);
#4875=VERTEX_POINT('',#6444);
#4876=B_SPLINE_CURVE_WITH_KNOTS('',3,(#6445,#6446,#6447,#6448,#6449,#6450,#6451,#6452,#6453,#6454,#6455,#6456,#6457,#6458,#6459,#6460,#6461,#6462,#6463,#6464,#6465,#6466),.UNSPECIFIED.,.F.,.F.,(4,3,3,3,3,3,3,4),(0.0,0.167246268910731,0.333619554184415,0.500443745025219,0.76073680874846,1.02207995002368,1.28213498042934,1.54206730651975),.UNSPECIFIED.);
#4877=VERTEX_POINT('',#6467);
#4878=LINE('',#6468,#6469);
#4879=B_SPLINE_CURVE_WITH_KNOTS('',3,(#6470,#6471,#6472,#6473,#6474,#6475,#6476,#6477,#6478,#6479,#6480,#6481,#6482,#6483,#6484,#6485),.UNSPECIFIED.,.F.,.F.,(4,2,2,2,2,2,2,4),(0.0,0.168560947366845,0.337201466043406,0.506677299017936,0.675472177570085,0.783654349733053,0.891544118597401,1.0),.UNSPECIFIED.);
#4880=FILL_AREA_STYLE_COLOUR('',#6486);
#4881=B_SPLINE_CURVE_WITH_KNOTS('',3,(#6487,#6488,#6489,#6490,#6491,#6492,#6493,#6494,#6495,#6496,#6497,#6498,#6499,#6500,#6501,#6502,#6503,#6504,#6505,#6506,#6507,#6508,#6509,#6510,#6511),.UNSPECIFIED.,.F.,.F.,(4,3,3,3,3,3,3,3,4),(0.0,0.0211691263616925,0.0394326863600143,0.057386694493958,0.0788610963796551,0.100199038042452,0.12173362466623,0.143268211290008,0.169185943863759),.UNSPECIFIED.);
#4882=B_SPLINE_CURVE_WITH_KNOTS('',3,(#6512,#6513,#6514,#6515,#6516,#6517,#6518,#6519,#6520,#6521,#6522,#6523,#6524,#6525,#6526,#6527,#6528,#6529),.UNSPECIFIED.,.F.,.F.,(4,2,2,2,2,2,2,2,4),(0.0,0.153190814685066,0.280474359239566,0.407757903794064,0.533879147530365,0.660806960771103,0.766926935775655,0.874876565521664,1.0),.UNSPECIFIED.);
#4883=FILL_AREA_STYLE_COLOUR('',#6530);
#4884=FILL_AREA_STYLE_COLOUR('',#6531);
#4885=VERTEX_POINT('',#6532);
#4886=VERTEX_POINT('',#6533);
#4887=B_SPLINE_CURVE_WITH_KNOTS('',3,(#6534,#6535,#6536,#6537,#6538,#6539,#6540),.UNSPECIFIED.,.F.,.F.,(4,3,4),(0.0,0.0752394635681461,0.111181882470125),.UNSPECIFIED.);
#4888=VERTEX_POINT('',#6541);
#4889=LINE('',#6542,#6543);
#4890=VERTEX_POINT('',#6544);
#4891=B_SPLINE_CURVE_WITH_KNOTS('',3,(#6545,#6546,#6547,#6548,#6549,#6550),.UNSPECIFIED.,.F.,.F.,(4,2,4),(0.0,0.323275862068955,1.0),.UNSPECIFIED.);
#4892=LINE('',#6551,#6552);
#4893=FILL_AREA_STYLE_COLOUR('',#6553);
#4894=VERTEX_POINT('',#6554);
#4895=B_SPLINE_CURVE_WITH_KNOTS('',3,(#6555,#6556,#6557,#6558,#6559,#6560,#6561,#6562,#6563,#6564,#6565,#6566,#6567,#6568,#6569,#6570,#6571,#6572,#6573,#6574,#6575,#6576,#6577,#6578,#6579,#6580,#6581,#6582,#6583,#6584,#6585,#6586,#6587,#6588,#6589,#6590,#6591),.UNSPECIFIED.,.F.,.F.,(4,3,3,3,3,3,3,3,3,3,3,3,4),(0.0,0.00792772722567895,0.019829603886362,0.0317314805470446,0.0436333572077277,0.0555352338684093,0.0688540006077436,0.0822854325643158,0.189072312156543,0.22653341534792,0.243114559383448,0.259695703418976,0.354161516973496),.UNSPECIFIED.);
#4896=VERTEX_POINT('',#6592);
#4897=LINE('',#6593,#6594);
#4898=B_SPLINE_CURVE_WITH_KNOTS('',3,(#6595,#6596,#6597,#6598,#6599,#6600,#6601,#6602,#6603,#6604,#6605,#6606,#6607,#6608,#6609,#6610,#6611,#6612,#6613,#6614,#6615,#6616,#6617,#6618,#6619,#6620),.UNSPECIFIED.,.F.,.F.,(4,2,2,2,2,2,2,2,2,2,2,2,4),(0.0,0.266730881327204,0.313548909940879,0.360366938554555,0.466141003200265,0.767661282717869,0.805585877324734,0.843192353751508,0.87679814119671,0.910403928641916,0.944009716087121,0.977615503532327,1.0),.UNSPECIFIED.);
#4899=FILL_AREA_STYLE_COLOUR('',#6621);
#4900=B_SPLINE_CURVE_WITH_KNOTS('',3,(#6622,#6623,#6624,#6625,#6626,#6627,#6628),.UNSPECIFIED.,.F.,.F.,(4,3,4),(0.0,0.0176746631852959,0.0380685053221762),.UNSPECIFIED.);
#4901=B_SPLINE_CURVE_WITH_KNOTS('',3,(#6629,#6630,#6631,#6632,#6633,#6634),.UNSPECIFIED.,.F.,.F.,(4,2,4),(0.0,0.53571428571429,1.0),.UNSPECIFIED.);
#4902=FILL_AREA_STYLE_COLOUR('',#6635);
#4903=FILL_AREA_STYLE_COLOUR('',#6636);
#4904=VERTEX_POINT('',#6637);
#4905=VERTEX_POINT('',#6638);
#4906=B_SPLINE_CURVE_WITH_KNOTS('',3,(#6639,#6640,#6641,#6642,#6643,#6644,#6645),.UNSPECIFIED.,.F.,.F.,(4,3,4),(0.0,0.0109245949971358,0.021739320466023),.UNSPECIFIED.);
#4907=VERTEX_POINT('',#6646);
#4908=LINE('',#6647,#6648);
#4909=VERTEX_POINT('',#6649);
#4910=B_SPLINE_CURVE_WITH_KNOTS('',3,(#6650,#6651,#6652,#6653,#6654,#6655),.UNSPECIFIED.,.F.,.F.,(4,2,4),(0.0,0.497473022939694,1.0),.UNSPECIFIED.);
#4911=LINE('',#6656,#6657);
#4912=FILL_AREA_STYLE_COLOUR('',#6658);
#4913=VERTEX_POINT('',#6659);
#4914=B_SPLINE_CURVE_WITH_KNOTS('',3,(#6660,#6661,#6662,#6663,#6664,#6665,#6666,#6667,#6668,#6669,#6670,#6671,#6672,#6673,#6674,#6675,#6676,#6677,#6678,#6679,#6680,#6681),.UNSPECIFIED.,.F.,.F.,(4,3,3,3,3,3,3,4),(0.0,0.0331903523849123,0.0663807047698237,0.0995710571547362,0.135290198292784,0.171189626350049,0.2067897138638,0.282197171961107),.UNSPECIFIED.);
#4915=VERTEX_POINT('',#6682);
#4916=LINE('',#6683,#6684);
#4917=B_SPLINE_CURVE_WITH_KNOTS('',3,(#6685,#6686,#6687,#6688,#6689,#6690,#6691,#6692,#6693,#6694,#6695,#6696,#6697,#6698,#6699,#6700),.UNSPECIFIED.,.F.,.F.,(4,2,2,2,2,2,2,4),(0.0,0.267215498912584,0.393368738742561,0.520582728194634,0.64715784902175,0.764771899347835,0.882385949673916,1.0),.UNSPECIFIED.);
#4918=FILL_AREA_STYLE_COLOUR('',#6701);
#4919=VERTEX_POINT('',#6702);
#4920=B_SPLINE_CURVE_WITH_KNOTS('',3,(#6703,#6704,#6705,#6706,#6707,#6708,#6709,#6710,#6711,#6712,#6713,#6714,#6715,#6716,#6717,#6718,#6719,#6720,#6721,#6722,#6723,#6724,#6725,#6726,#6727,#6728,#6729,#6730,#6731,#6732,#6733,#6734,#6735,#6736),.UNSPECIFIED.,.F.,.F.,(4,3,3,3,3,3,3,3,3,3,3,4),(0.0,0.00600639864230506,0.0120519860082737,0.017474316944761,0.0229428572218396,0.0532669944080125,0.0594306881101433,0.0655116599591275,0.0694427932756426,0.0733739265921576,0.0895682326960605,0.105762538799963),.UNSPECIFIED.);
#4921=VERTEX_POINT('',#6737);
#4922=LINE('',#6738,#6739);
#4923=B_SPLINE_CURVE_WITH_KNOTS('',3,(#6740,#6741,#6742,#6743,#6744,#6745,#6746,#6747,#6748,#6749,#6750,#6751,#6752,#6753,#6754,#6755,#6756,#6757,#6758,#6759,#6760,#6761,#6762,#6763),.UNSPECIFIED.,.F.,.F.,(4,2,2,2,2,2,2,2,2,2,2,4),(0.0,0.153119490962035,0.30623898192407,0.343408412245238,0.380577842566406,0.438074305094462,0.496352914629249,0.783071988606163,0.834777822629509,0.886046740698344,0.943208637855551,1.0),.UNSPECIFIED.);
#4924=FILL_AREA_STYLE_COLOUR('',#6764);
#4925=VERTEX_POINT('',#6765);
#4926=LINE('',#6766,#6767);
#4927=VERTEX_POINT('',#6768);
#4928=LINE('',#6769,#6770);
#4929=LINE('',#6771,#6772);
#4930=FILL_AREA_STYLE_COLOUR('',#6773);
#4931=VERTEX_POINT('',#6774);
#4932=B_SPLINE_CURVE_WITH_KNOTS('',3,(#6775,#6776,#6777,#6778),.UNSPECIFIED.,.F.,.F.,(4,4),(0.0,0.0102240665805845),.UNSPECIFIED.);
#4933=VERTEX_POINT('',#6779);
#4934=LINE('',#6780,#6781);
#4935=B_SPLINE_CURVE_WITH_KNOTS('',3,(#6782,#6783,#6784,#6785),.UNSPECIFIED.,.F.,.F.,(4,4),(0.0,1.0),.UNSPECIFIED.);
#4936=FILL_AREA_STYLE_COLOUR('',#6786);
#4937=VERTEX_POINT('',#6787);
#4938=B_SPLINE_CURVE_WITH_KNOTS('',3,(#6788,#6789,#6790,#6791,#6792,#6793,#6794,#6795,#6796,#6797,#6798,#6799,#6800,#6801,#6802,#6803,#6804,#6805,#6806,#6807,#6808,#6809),.UNSPECIFIED.,.F.,.F.,(4,3,3,3,3,3,3,4),(0.0,0.167246268912556,0.333619554188061,0.500443745030692,0.760736808756783,1.02207995003487,1.28213498044338,1.54206730653663),.UNSPECIFIED.);
#4939=VERTEX_POINT('',#6810);
#4940=LINE('',#6811,#6812);
#4941=B_SPLINE_CURVE_WITH_KNOTS('',3,(#6813,#6814,#6815,#6816,#6817,#6818,#6819,#6820,#6821,#6822,#6823,#6824,#6825,#6826,#6827,#6828),.UNSPECIFIED.,.F.,.F.,(4,2,2,2,2,2,2,4),(0.0,0.168560947366845,0.337201466043406,0.50667729901794,0.675472177570089,0.783654349733057,0.891544118597405,1.0),.UNSPECIFIED.);
#4942=FILL_AREA_STYLE_COLOUR('',#6829);
#4943=B_SPLINE_CURVE_WITH_KNOTS('',3,(#6830,#6831,#6832,#6833,#6834,#6835,#6836,#6837,#6838,#6839,#6840,#6841,#6842,#6843,#6844,#6845,#6846,#6847,#6848,#6849,#6850,#6851,#6852,#6853,#6854),.UNSPECIFIED.,.F.,.F.,(4,3,3,3,3,3,3,3,4),(0.0,0.0211691263607124,0.0394326863581903,0.0573866944913051,0.0788610963760108,0.100199038037823,0.121733624660607,0.14326821128339,0.169185943855942),.UNSPECIFIED.);
#4944=B_SPLINE_CURVE_WITH_KNOTS('',3,(#6855,#6856,#6857,#6858,#6859,#6860,#6861,#6862,#6863,#6864,#6865,#6866,#6867,#6868,#6869,#6870,#6871,#6872),.UNSPECIFIED.,.F.,.F.,(4,2,2,2,2,2,2,2,4),(0.0,0.153190814685059,0.28047435923956,0.407757903794062,0.53387914753037,0.660806960771112,0.766926935775668,0.874876565521676,1.0),.UNSPECIFIED.);
#4945=FILL_AREA_STYLE_COLOUR('',#6873);
#4946=FILL_AREA_STYLE_COLOUR('',#6874);
#4947=VERTEX_POINT('',#6875);
#4948=VERTEX_POINT('',#6876);
#4949=LINE('',#6877,#6878);
#4950=VERTEX_POINT('',#6879);
#4951=LINE('',#6880,#6881);
#4952=VERTEX_POINT('',#6882);
#4953=LINE('',#6883,#6884);
#4954=LINE('',#6885,#6886);
#4955=FILL_AREA_STYLE_COLOUR('',#6887);
#4956=VERTEX_POINT('',#6888);
#4957=LINE('',#6889,#6890);
#4958=VERTEX_POINT('',#6891);
#4959=LINE('',#6892,#6893);
#4960=LINE('',#6894,#6895);
#4961=FILL_AREA_STYLE_COLOUR('',#6896);
#4962=VERTEX_POINT('',#6897);
#4963=LINE('',#6898,#6899);
#4964=VERTEX_POINT('',#6900);
#4965=LINE('',#6901,#6902);
#4966=LINE('',#6903,#6904);
#4967=FILL_AREA_STYLE_COLOUR('',#6905);
#4968=VERTEX_POINT('',#6906);
#4969=LINE('',#6907,#6908);
#4970=VERTEX_POINT('',#6909);
#4971=LINE('',#6910,#6911);
#4972=LINE('',#6912,#6913);
#4973=FILL_AREA_STYLE_COLOUR('',#6914);
#4974=VERTEX_POINT('',#6915);
#4975=LINE('',#6916,#6917);
#4976=VERTEX_POINT('',#6918);
#4977=LINE('',#6919,#6920);
#4978=LINE('',#6921,#6922);
#4979=FILL_AREA_STYLE_COLOUR('',#6923);
#4980=VERTEX_POINT('',#6924);
#4981=LINE('',#6925,#6926);
#4982=VERTEX_POINT('',#6927);
#4983=LINE('',#6928,#6929);
#4984=LINE('',#6930,#6931);
#4985=FILL_AREA_STYLE_COLOUR('',#6932);
#4986=VERTEX_POINT('',#6933);
#4987=LINE('',#6934,#6935);
#4988=VERTEX_POINT('',#6936);
#4989=LINE('',#6937,#6938);
#4990=LINE('',#6939,#6940);
#4991=FILL_AREA_STYLE_COLOUR('',#6941);
#4992=VERTEX_POINT('',#6942);
#4993=LINE('',#6943,#6944);
#4994=VERTEX_POINT('',#6945);
#4995=LINE('',#6946,#6947);
#4996=LINE('',#6948,#6949);
#4997=FILL_AREA_STYLE_COLOUR('',#6950);
#4998=VERTEX_POINT('',#6951);
#4999=LINE('',#6952,#6953);
#5000=VERTEX_POINT('',#6954);
#5001=LINE('',#6955,#6956);
#5002=LINE('',#6957,#6958);
#5003=FILL_AREA_STYLE_COLOUR('',#6959);
#5004=VERTEX_POINT('',#6960);
#5005=LINE('',#6961,#6962);
#5006=VERTEX_POINT('',#6963);
#5007=LINE('',#6964,#6965);
#5008=LINE('',#6966,#6967);
#5009=FILL_AREA_STYLE_COLOUR('',#6968);
#5010=VERTEX_POINT('',#6969);
#5011=LINE('',#6970,#6971);
#5012=VERTEX_POINT('',#6972);
#5013=LINE('',#6973,#6974);
#5014=LINE('',#6975,#6976);
#5015=FILL_AREA_STYLE_COLOUR('',#6977);
#5016=LINE('',#6978,#6979);
#5017=LINE('',#6980,#6981);
#5018=FILL_AREA_STYLE_COLOUR('',#6982);
#5019=FILL_AREA_STYLE_COLOUR('',#6983);
#5020=VERTEX_POINT('',#6984);
#5021=VERTEX_POINT('',#6985);
#5022=B_SPLINE_CURVE_WITH_KNOTS('',3,(#6986,#6987,#6988,#6989,#6990,#6991,#6992,#6993,#6994,#6995,#6996,#6997,#6998),.UNSPECIFIED.,.F.,.F.,(4,3,3,3,4),(0.0,0.4309923246546,0.89635827029392,1.36111305303653,1.80589790370817),.UNSPECIFIED.);
#5023=VERTEX_POINT('',#6999);
#5024=LINE('',#7000,#7001);
#5025=VERTEX_POINT('',#7002);
#5026=B_SPLINE_CURVE_WITH_KNOTS('',3,(#7003,#7004,#7005,#7006,#7007,#7008,#7009,#7010,#7011,#7012),.UNSPECIFIED.,.F.,.F.,(4,2,2,2,4),(0.0,0.246295679151258,0.503649531652166,0.761341810204433,1.0),.UNSPECIFIED.);
#5027=LINE('',#7013,#7014);
#5028=FILL_AREA_STYLE_COLOUR('',#7015);
#5029=B_SPLINE_CURVE_WITH_KNOTS('',3,(#7016,#7017,#7018,#7019,#7020,#7021,#7022,#7023,#7024,#7025),.UNSPECIFIED.,.F.,.F.,(4,3,3,4),(0.435710221817091,0.555937689625543,0.672408049064982,0.672558620201907),.UNSPECIFIED.);
#5030=B_SPLINE_CURVE_WITH_KNOTS('',3,(#7026,#7027,#7028,#7029,#7030,#7031,#7032,#7033),.UNSPECIFIED.,.F.,.F.,(4,2,2,4),(0.5,0.500317863954228,0.746193200738656,1.0),.UNSPECIFIED.);
#5031=FILL_AREA_STYLE_COLOUR('',#7034);
#5032=B_SPLINE_CURVE_WITH_KNOTS('',3,(#7035,#7036,#7037,#7038,#7039,#7040,#7041,#7042,#7043,#7044,#7045,#7046,#7047),.UNSPECIFIED.,.F.,.F.,(4,3,3,3,4),(0.0,0.10073905358642,0.203019048719094,0.305480677086291,0.408960810705645),.UNSPECIFIED.);
#5033=B_SPLINE_CURVE_WITH_KNOTS('',3,(#7048,#7049,#7050,#7051,#7052,#7053,#7054,#7055,#7056,#7057),.UNSPECIFIED.,.F.,.F.,(4,2,2,2,4),(0.0,0.25303190650665,0.503573341492567,0.753670642884831,1.0),.UNSPECIFIED.);
#5034=FILL_AREA_STYLE_COLOUR('',#7058);
#5035=FILL_AREA_STYLE_COLOUR('',#7059);
#5036=FILL_AREA_STYLE_COLOUR('',#7060);
#5037=FILL_AREA_STYLE_COLOUR('',#7061);
#5038=VERTEX_POINT('',#7062);
#5039=VERTEX_POINT('',#7063);
#5040=LINE('',#7064,#7065);
#5041=VERTEX_POINT('',#7066);
#5042=LINE('',#7067,#7068);
#5043=VERTEX_POINT('',#7069);
#5044=LINE('',#7070,#7071);
#5045=VERTEX_POINT('',#7072);
#5046=LINE('',#7073,#7074);
#5047=VERTEX_POINT('',#7075);
#5048=LINE('',#7076,#7077);
#5049=LINE('',#7078,#7079);
#5050=CIRCLE('',#7080,1.99);
#5051=FILL_AREA_STYLE_COLOUR('',#7081);
#5052=FILL_AREA_STYLE_COLOUR('',#7082);
#5053=VERTEX_POINT('',#7083);
#5054=LINE('',#7084,#7085);
#5055=VERTEX_POINT('',#7086);
#5056=LINE('',#7087,#7088);
#5057=LINE('',#7089,#7090);
#5058=FILL_AREA_STYLE_COLOUR('',#7091);
#5059=VERTEX_POINT('',#7092);
#5060=LINE('',#7093,#7094);
#5061=LINE('',#7095,#7096);
#5062=FILL_AREA_STYLE_COLOUR('',#7097);
#5063=VERTEX_POINT('',#7098);
#5064=LINE('',#7099,#7100);
#5065=LINE('',#7101,#7102);
#5066=FILL_AREA_STYLE_COLOUR('',#7103);
#5067=VERTEX_POINT('',#7104);
#5068=LINE('',#7105,#7106);
#5069=LINE('',#7107,#7108);
#5070=FILL_AREA_STYLE_COLOUR('',#7109);
#5071=VERTEX_POINT('',#7110);
#5072=LINE('',#7111,#7112);
#5073=LINE('',#7113,#7114);
#5074=FILL_AREA_STYLE_COLOUR('',#7115);
#5075=LINE('',#7116,#7117);
#5076=FILL_AREA_STYLE_COLOUR('',#7118);
#5077=CIRCLE('',#7119,0.4);
#5078=FILL_AREA_STYLE_COLOUR('',#7120);
#5079=FILL_AREA_STYLE_COLOUR('',#7121);
#5080=CIRCLE('',#7122,1.3);
#5081=FILL_AREA_STYLE_COLOUR('',#7123);
#5082=FILL_AREA_STYLE_COLOUR('',#7124);
#5083=VERTEX_POINT('',#7125);
#5084=LINE('',#7126,#7127);
#5085=VERTEX_POINT('',#7128);
#5086=CIRCLE('',#7129,2.5);
#5087=VERTEX_POINT('',#7130);
#5088=LINE('',#7131,#7132);
#5089=CIRCLE('',#7133,2.5);
#5090=FILL_AREA_STYLE_COLOUR('',#7134);
#5091=LINE('',#7135,#7136);
#5092=LINE('',#7137,#7138);
#5093=FILL_AREA_STYLE_COLOUR('',#7139);
#5094=LINE('',#7140,#7141);
#5095=FILL_AREA_STYLE_COLOUR('',#7142);
#5096=FILL_AREA_STYLE_COLOUR('',#7143);
#5097=FILL_AREA_STYLE_COLOUR('',#7144);
#5098=COLOUR_RGB('',0.117647059261799,0.117647059261799,0.117647059261799);
#5099=CARTESIAN_POINT('',(11.468175994834,4.05,-9.74724636902775));
#5100=CARTESIAN_POINT('',(11.468175994834,4.01,-9.74724636902775));
#5101=CARTESIAN_POINT('',(11.468175994834,4.051,-9.74724636902775));
#5102=CARTESIAN_POINT('',(11.468175994834,4.009,-9.74724636902775));
#5103=CARTESIAN_POINT('',(10.7652699470784,4.05,-9.746690407799));
#5104=CARTESIAN_POINT('',(10.7652699470784,4.05,-9.746690407799));
#5105=CARTESIAN_POINT('',(10.7652699470784,4.05,-10.1642902617185));
#5106=CARTESIAN_POINT('',(10.8842805924703,4.05,-10.3730901886783));
#5107=CARTESIAN_POINT('',(11.3525872930613,4.05,-10.3730901886783));
#5108=CARTESIAN_POINT('',(11.467878663588,4.05,-10.1642991680488));
#5109=CARTESIAN_POINT('',(11.468175994834,4.05,-9.74724636902775));
#5110=CARTESIAN_POINT('',(10.7652699470784,4.01,-9.746690407799));
#5111=CARTESIAN_POINT('',(10.7652699470784,3.95,-9.746690407799));
#5112=VECTOR('',#7145,1.0);
#5113=CARTESIAN_POINT('',(11.468175994834,4.01,-9.74724636902775));
#5114=CARTESIAN_POINT('',(11.467878663588,4.01,-10.1642991680488));
#5115=CARTESIAN_POINT('',(11.3525872930613,4.01,-10.3730901886783));
#5116=CARTESIAN_POINT('',(11.1223018832539,4.01,-10.3730901886783));
#5117=CARTESIAN_POINT('',(10.8842805924703,4.01,-10.3730901886783));
#5118=CARTESIAN_POINT('',(10.7652699470784,4.01,-10.1642902617185));
#5119=CARTESIAN_POINT('',(10.7652699470784,4.01,-9.746690407799));
#5120=COLOUR_RGB('',0.117647059261799,0.117647059261799,0.117647059261799);
#5121=CARTESIAN_POINT('',(12.9968001356352,4.05,-6.9204909034369));
#5122=CARTESIAN_POINT('',(12.9968001356352,4.01,-6.92049090343691));
#5123=CARTESIAN_POINT('',(12.9968001356352,4.051,-6.92049090343691));
#5124=CARTESIAN_POINT('',(12.9968001356352,4.009,-6.92049090343691));
#5125=CARTESIAN_POINT('',(13.4304358557211,4.05,-6.37812080515233));
#5126=CARTESIAN_POINT('',(13.4304358557211,4.05,-6.37812080515233));
#5127=CARTESIAN_POINT('',(13.3745583301428,4.05,-6.3089875008565));
#5128=CARTESIAN_POINT('',(13.3033980625261,4.05,-6.27465599600211));
#5129=CARTESIAN_POINT('',(13.1276465290835,4.05,-6.27465599600211));
#5130=CARTESIAN_POINT('',(13.0526655759572,4.05,-6.31227956296583));
#5131=CARTESIAN_POINT('',(12.9340412025733,4.05,-6.46300651072952));
#5132=CARTESIAN_POINT('',(12.9041364267706,4.05,-6.55683274822999));
#5133=CARTESIAN_POINT('',(12.9041364267706,4.05,-6.74024763717811));
#5134=CARTESIAN_POINT('',(12.9189415831204,4.05,-6.80138593349415));
#5135=CARTESIAN_POINT('',(12.9621017508426,4.05,-6.87872429081815));
#5136=CARTESIAN_POINT('',(12.9783436926772,4.05,-6.90102504774501));
#5137=CARTESIAN_POINT('',(12.9968001356352,4.05,-6.9204909034369));
#5138=CARTESIAN_POINT('',(13.4304358557211,4.01,-6.37812080515233));
#5139=CARTESIAN_POINT('',(13.4304358557211,3.95,-6.37812080515233));
#5140=VECTOR('',#7146,1.0);
#5141=CARTESIAN_POINT('',(12.9968001356352,4.01,-6.92049090343691));
#5142=CARTESIAN_POINT('',(12.9783436926772,4.01,-6.90102504774502));
#5143=CARTESIAN_POINT('',(12.9621017508426,4.01,-6.87872429081815));
#5144=CARTESIAN_POINT('',(12.9480743101313,4.01,-6.85358863265631));
#5145=CARTESIAN_POINT('',(12.9189415831204,4.01,-6.80138593349415));
#5146=CARTESIAN_POINT('',(12.9041364267706,4.01,-6.74024763717811));
#5147=CARTESIAN_POINT('',(12.9041364267706,4.01,-6.66970344912114));
#5148=CARTESIAN_POINT('',(12.9041364267706,4.01,-6.55683274822999));
#5149=CARTESIAN_POINT('',(12.9340412025733,4.01,-6.46300651072952));
#5150=CARTESIAN_POINT('',(12.993444950558,4.01,-6.38752669689326));
#5151=CARTESIAN_POINT('',(13.0526655759572,4.01,-6.31227956296583));
#5152=CARTESIAN_POINT('',(13.1276465290835,4.01,-6.27465599600211));
#5153=CARTESIAN_POINT('',(13.2174326385596,4.01,-6.27465599600211));
#5154=CARTESIAN_POINT('',(13.3033980625259,4.01,-6.27465599600211));
#5155=CARTESIAN_POINT('',(13.374558330143,4.01,-6.30898750085674));
#5156=CARTESIAN_POINT('',(13.4304358557211,4.01,-6.37812080515233));
#5157=COLOUR_RGB('',0.596078455448151,0.596078455448151,0.596078455448151);
#5158=CARTESIAN_POINT('',(11.2,4.7,-15.1));
#5159=CARTESIAN_POINT('',(10.51,4.01,-15.1));
#5160=CARTESIAN_POINT('',(10.5,4.0,-15.1));
#5161=VECTOR('',#7147,1.0);
#5162=CARTESIAN_POINT('',(13.8,4.7,-15.1));
#5163=AXIS2_PLACEMENT_3D('',#7148,#7149,#7150);
#5164=CARTESIAN_POINT('',(14.49,4.01,-15.1));
#5165=CARTESIAN_POINT('',(14.5,4.0,-15.1));
#5166=VECTOR('',#7151,2.0);
#5167=AXIS2_PLACEMENT_3D('',#7152,#7153,#7154);
#5168=COLOUR_RGB('',0.596078455448151,0.596078455448151,0.596078455448151);
#5169=CARTESIAN_POINT('',(12.9,-4.5,-15.1));
#5170=CARTESIAN_POINT('',(12.9,-3.0,-15.1));
#5171=CARTESIAN_POINT('',(12.9,-3.75,-15.1));
#5172=VECTOR('',#7155,1.0);
#5173=CARTESIAN_POINT('',(12.1,-4.5,-15.1));
#5174=AXIS2_PLACEMENT_3D('',#7156,#7157,#7158);
#5175=CARTESIAN_POINT('',(12.1,-3.0,-15.1));
#5176=CARTESIAN_POINT('',(12.1,-2.0,-15.1));
#5177=VECTOR('',#7159,0.4);
#5178=AXIS2_PLACEMENT_3D('',#7160,#7161,#7162);
#5179=COLOUR_RGB('',1.0,0.996078431606293,0.996078431606293);
#5180=CARTESIAN_POINT('',(14.25,-3.0,-15.1));
#5181=CARTESIAN_POINT('',(14.25,-3.1,-15.1));
#5182=CARTESIAN_POINT('',(14.25,-3.1,-15.1));
#5183=VECTOR('',#7163,1.0);
#5184=CARTESIAN_POINT('',(10.75,-3.0,-15.1));
#5185=AXIS2_PLACEMENT_3D('',#7164,#7165,#7166);
#5186=CARTESIAN_POINT('',(10.75,-3.1,-15.1));
#5187=CARTESIAN_POINT('',(10.75,-3.1,-15.1));
#5188=VECTOR('',#7167,1.75);
#5189=AXIS2_PLACEMENT_3D('',#7168,#7169,#7170);
#5190=COLOUR_RGB('',1.0,0.996078431606293,0.996078431606293);
#5191=CARTESIAN_POINT('',(30.5,-3.0,-19.2320508075688));
#5192=CARTESIAN_POINT('',(30.5,-3.0,-12.767949192431));
#5193=CARTESIAN_POINT('',(30.5,-3.0,-25.1000000000001));
#5194=VECTOR('',#7171,1.0);
#5195=CARTESIAN_POINT('',(31.5,-3.0,-14.4999999999999));
#5196=AXIS2_PLACEMENT_3D('',#7172,#7173,#7174);
#5197=CARTESIAN_POINT('',(31.5,-3.0,-17.4999999999998));
#5198=CARTESIAN_POINT('',(31.5,-3.0,-19.4999999999999));
#5199=VECTOR('',#7175,1.0);
#5200=AXIS2_PLACEMENT_3D('',#7176,#7177,#7178);
#5201=COLOUR_RGB('',1.0,0.996078431606293,0.996078431606293);
#5202=CARTESIAN_POINT('',(26.5,-3.0,-21.4999999999999));
#5203=CARTESIAN_POINT('',(26.5,-3.0,-23.1000000000001));
#5204=CARTESIAN_POINT('',(26.5,-3.0,-23.1000000000001));
#5205=VECTOR('',#7179,10.0);
#5206=CARTESIAN_POINT('',(26.5,-3.1,-21.4999999999999));
#5207=CARTESIAN_POINT('',(26.5,-3.1,-21.4999999999999));
#5208=VECTOR('',#7180,1.0);
#5209=CARTESIAN_POINT('',(26.5,-3.1,-23.1000000000001));
#5210=CARTESIAN_POINT('',(26.5,-3.1,-21.1000000000001));
#5211=VECTOR('',#7181,1.0);
#5212=CARTESIAN_POINT('',(26.5,-3.1,-23.1000000000001));
#5213=VECTOR('',#7182,1.0);
#5214=COLOUR_RGB('',1.0,0.996078431606293,0.996078431606293);
#5215=CARTESIAN_POINT('',(-1.50000000000001,-3.1,-0.100000000000058));
#5216=CARTESIAN_POINT('',(-1.50000000000004,-3.1,-23.1000000000001));
#5217=CARTESIAN_POINT('',(-1.50000000000001,-3.1,-1.10000000000005));
#5218=VECTOR('',#7183,1.0);
#5219=CARTESIAN_POINT('',(-1.50000000000001,-3.0,-0.100000000000058));
#5220=CARTESIAN_POINT('',(-1.50000000000001,-3.1,-0.100000000000058));
#5221=VECTOR('',#7184,1.0);
#5222=CARTESIAN_POINT('',(-1.50000000000004,-3.0,-23.1000000000001));
#5223=CARTESIAN_POINT('',(-1.50000000000003,-3.0,-13.1000000000001));
#5224=VECTOR('',#7185,10.0);
#5225=CARTESIAN_POINT('',(-1.50000000000004,-3.1,-23.1000000000001));
#5226=VECTOR('',#7186,1.0);
#5227=COLOUR_RGB('',1.0,0.996078431606293,0.996078431606293);
#5228=CARTESIAN_POINT('',(0.499999999999961,-3.0,-25.1000000000001));
#5229=AXIS2_PLACEMENT_3D('',#7187,#7188,#7189);
#5230=CARTESIAN_POINT('',(0.499999999999961,-3.1,-25.1000000000001));
#5231=CARTESIAN_POINT('',(0.499999999999961,-3.1,-25.1000000000001));
#5232=VECTOR('',#7190,1.0);
#5233=AXIS2_PLACEMENT_3D('',#7191,#7192,#7193);
#5234=COLOUR_RGB('',1.0,0.996078431606293,0.996078431606293);
#5235=CARTESIAN_POINT('',(24.5,-3.0,-25.1000000000001));
#5236=CARTESIAN_POINT('',(0.49999999999995,-3.0,-25.1000000000001));
#5237=VECTOR('',#7194,10.0);
#5238=CARTESIAN_POINT('',(24.5,-3.1,-25.1000000000001));
#5239=CARTESIAN_POINT('',(24.5,-3.1,-25.1000000000001));
#5240=VECTOR('',#7195,1.0);
#5241=CARTESIAN_POINT('',(2.49999999999996,-3.1,-25.1000000000001));
#5242=VECTOR('',#7196,1.0);
#5243=COLOUR_RGB('',1.0,0.996078431606293,0.996078431606293);
#5244=AXIS2_PLACEMENT_3D('',#7197,#7198,#7199);
#5245=AXIS2_PLACEMENT_3D('',#7200,#7201,#7202);
#5246=COLOUR_RGB('',1.0,0.996078431606293,0.996078431606293);
#5247=CARTESIAN_POINT('',(26.5,-3.0,0.899999999999932));
#5248=CARTESIAN_POINT('',(26.5,-3.0,-10.4999999999999));
#5249=CARTESIAN_POINT('',(26.5,-3.0,-23.1000000000001));
#5250=VECTOR('',#7203,10.0);
#5251=CARTESIAN_POINT('',(26.5,-3.1,0.899999999999932));
#5252=CARTESIAN_POINT('',(26.5,-3.1,0.899999999999932));
#5253=VECTOR('',#7204,1.0);
#5254=CARTESIAN_POINT('',(26.5,-3.1,-10.4999999999999));
#5255=CARTESIAN_POINT('',(26.5,-3.1,-21.1000000000001));
#5256=VECTOR('',#7205,1.0);
#5257=CARTESIAN_POINT('',(26.5,-3.1,-10.4999999999999));
#5258=VECTOR('',#7206,1.0);
#5259=COLOUR_RGB('',1.0,0.996078431606293,0.996078431606293);
#5260=CARTESIAN_POINT('',(1.5,-3.0,2.89999999999994));
#5261=CARTESIAN_POINT('',(24.5,-3.0,2.89999999999993));
#5262=CARTESIAN_POINT('',(12.5,-3.0,2.89999999999993));
#5263=VECTOR('',#7207,10.0);
#5264=CARTESIAN_POINT('',(1.5,-3.1,2.89999999999996));
#5265=CARTESIAN_POINT('',(1.5,-3.1,2.89999999999994));
#5266=VECTOR('',#7208,1.0);
#5267=CARTESIAN_POINT('',(24.5,-3.1,2.89999999999994));
#5268=CARTESIAN_POINT('',(30.5,-3.1,2.89999999999993));
#5269=VECTOR('',#7209,1.0);
#5270=CARTESIAN_POINT('',(24.5,-3.1,2.89999999999993));
#5271=VECTOR('',#7210,1.0);
#5272=COLOUR_RGB('',1.0,0.996078431606293,0.996078431606293);
#5273=AXIS2_PLACEMENT_3D('',#7211,#7212,#7213);
#5274=AXIS2_PLACEMENT_3D('',#7214,#7215,#7216);
#5275=COLOUR_RGB('',1.0,0.996078431606293,0.996078431606293);
#5276=CARTESIAN_POINT('',(-10.0,-3.1,-8.60000000000005));
#5277=VECTOR('',#7217,1.0);
#5278=CARTESIAN_POINT('',(28.5,-3.1,-19.4999999999999));
#5279=AXIS2_PLACEMENT_3D('',#7218,#7219,#7220);
#5280=CARTESIAN_POINT('',(29.5,-3.1,-19.4999999999999));
#5281=CARTESIAN_POINT('',(26.5,-3.1,-19.4999999999999));
#5282=VECTOR('',#7221,1.0);
#5283=CARTESIAN_POINT('',(31.5,-3.1,-17.4999999999998));
#5284=AXIS2_PLACEMENT_3D('',#7222,#7223,#7224);
#5285=CARTESIAN_POINT('',(31.5,-3.1,-14.4999999999999));
#5286=CARTESIAN_POINT('',(31.5,-3.1,-19.4999999999999));
#5287=VECTOR('',#7225,1.0);
#5288=CARTESIAN_POINT('',(29.4999999999999,-3.1,-12.4999999999999));
#5289=AXIS2_PLACEMENT_3D('',#7226,#7227,#7228);
#5290=CARTESIAN_POINT('',(28.5,-3.1,-12.4999999999999));
#5291=CARTESIAN_POINT('',(31.4999999999999,-3.1,-12.4999999999998));
#5292=VECTOR('',#7229,1.0);
#5293=AXIS2_PLACEMENT_3D('',#7230,#7231,#7232);
#5294=AXIS2_PLACEMENT_3D('',#7233,#7234,#7235);
#5295=COLOUR_RGB('',1.0,0.996078431606293,0.996078431606293);
#5296=CARTESIAN_POINT('',(29.5,-3.0,-19.4999999999999));
#5297=CARTESIAN_POINT('',(28.5,-3.0,-19.4999999999999));
#5298=CARTESIAN_POINT('',(12.4999999999999,-3.0,-19.5));
#5299=VECTOR('',#7236,10.0);
#5300=CARTESIAN_POINT('',(29.5,-3.0,-19.4999999999999));
#5301=VECTOR('',#7237,1.0);
#5302=CARTESIAN_POINT('',(28.5,-3.0,-19.4999999999999));
#5303=VECTOR('',#7238,1.0);
#5304=COLOUR_RGB('',1.0,0.996078431606293,0.996078431606293);
#5305=CARTESIAN_POINT('',(31.5,-3.0,-14.4999999999999));
#5306=VECTOR('',#7239,1.0);
#5307=CARTESIAN_POINT('',(31.5,-3.0,-17.4999999999998));
#5308=VECTOR('',#7240,1.0);
#5309=COLOUR_RGB('',1.0,0.996078431606293,0.996078431606293);
#5310=CARTESIAN_POINT('',(28.5,-3.0,-12.4999999999999));
#5311=CARTESIAN_POINT('',(29.4999999999999,-3.0,-12.4999999999999));
#5312=CARTESIAN_POINT('',(14.9999999999999,-3.0,-12.4999999999999));
#5313=VECTOR('',#7241,10.0);
#5314=CARTESIAN_POINT('',(28.5,-3.0,-12.4999999999999));
#5315=VECTOR('',#7242,1.0);
#5316=CARTESIAN_POINT('',(29.4999999999999,-3.0,-12.4999999999999));
#5317=VECTOR('',#7243,1.0);
#5318=COLOUR_RGB('',1.0,0.996078431606293,0.996078431606293);
#5319=AXIS2_PLACEMENT_3D('',#7244,#7245,#7246);
#5320=COLOUR_RGB('',1.0,0.996078431606293,0.996078431606293);
#5321=AXIS2_PLACEMENT_3D('',#7247,#7248,#7249);
#5322=COLOUR_RGB('',1.0,0.996078431606293,0.996078431606293);
#5323=AXIS2_PLACEMENT_3D('',#7250,#7251,#7252);
#5324=COLOUR_RGB('',1.0,0.996078431606293,0.996078431606293);
#5325=AXIS2_PLACEMENT_3D('',#7253,#7254,#7255);
#5326=COLOUR_RGB('',1.0,0.996078431606293,0.996078431606293);
#5327=AXIS2_PLACEMENT_3D('',#7256,#7257,#7258);
#5328=COLOUR_RGB('',1.0,0.996078431606293,0.996078431606293);
#5329=CARTESIAN_POINT('',(-7.75000000000003,-3.0,-6.35000000000008));
#5330=VECTOR('',#7259,10.0);
#5331=COLOUR_RGB('',1.0,0.960784316062927,0.858823537826538);
#5332=CARTESIAN_POINT('',(30.5,-3.0,2.89999999999993));
#5333=CARTESIAN_POINT('',(30.5,-3.0,-25.1000000000001));
#5334=VECTOR('',#7260,1.0);
#5335=CARTESIAN_POINT('',(26.5,-3.0,6.89999999999994));
#5336=AXIS2_PLACEMENT_3D('',#7261,#7262,#7263);
#5337=CARTESIAN_POINT('',(-1.5,-3.0,6.89999999999994));
#5338=CARTESIAN_POINT('',(26.5,-3.0,6.89999999999994));
#5339=VECTOR('',#7264,1.0);
#5340=CARTESIAN_POINT('',(-5.5,-3.0,2.89999999999995));
#5341=AXIS2_PLACEMENT_3D('',#7265,#7266,#7267);
#5342=CARTESIAN_POINT('',(-5.50000000000006,-3.0,-25.1));
#5343=CARTESIAN_POINT('',(-5.5,-3.0,2.89999999999995));
#5344=VECTOR('',#7268,1.0);
#5345=CARTESIAN_POINT('',(-1.50000000000007,-3.0,-29.1000000000001));
#5346=AXIS2_PLACEMENT_3D('',#7269,#7270,#7271);
#5347=CARTESIAN_POINT('',(26.5,-3.0,-29.1000000000001));
#5348=CARTESIAN_POINT('',(-1.50000000000006,-3.0,-29.1000000000001));
#5349=VECTOR('',#7272,1.0);
#5350=CARTESIAN_POINT('',(30.5,-3.0,-25.1000000000001));
#5351=AXIS2_PLACEMENT_3D('',#7273,#7274,#7275);
#5352=CARTESIAN_POINT('',(30.5,-3.0,-25.1000000000001));
#5353=VECTOR('',#7276,1.0);
#5354=COLOUR_RGB('',0.901960790157318,0.890196084976196,0.792156875133514);
#5355=CARTESIAN_POINT('',(-3.50000000000007,0.0200000000000017,-27.1000000000001));
#5356=CARTESIAN_POINT('',(-3.49999999999998,0.0199999999999998,2.89999999999994));
#5357=CARTESIAN_POINT('',(-3.50000000000006,0.0200000000000015,-25.1000000000001));
#5358=VECTOR('',#7277,1.0);
#5359=CARTESIAN_POINT('',(-1.5,0.0199999999999997,4.89999999999995));
#5360=CARTESIAN_POINT('',(-3.49999999999998,0.0199999999999998,2.89999999999994));
#5361=VECTOR('',#7278,1.0);
#5362=CARTESIAN_POINT('',(28.5,0.0199999999999997,4.89999999999993));
#5363=CARTESIAN_POINT('',(-1.5,0.0199999999999997,4.89999999999994));
#5364=VECTOR('',#7279,1.0);
#5365=CARTESIAN_POINT('',(28.5,0.0200000000000015,-25.1000000000001));
#5366=CARTESIAN_POINT('',(28.5,0.0199999999999997,4.89999999999993));
#5367=VECTOR('',#7280,1.0);
#5368=CARTESIAN_POINT('',(26.5,0.0200000000000017,-27.1000000000001));
#5369=CARTESIAN_POINT('',(28.5,0.0200000000000015,-25.1000000000001));
#5370=VECTOR('',#7281,1.0);
#5371=CARTESIAN_POINT('',(26.5,0.0200000000000017,-27.1000000000001));
#5372=VECTOR('',#7282,1.0);
#5373=CARTESIAN_POINT('',(25.0,0.0200000000000002,-2.5));
#5374=CARTESIAN_POINT('',(25.0,0.0200000000000014,-22.5));
#5375=CARTESIAN_POINT('',(25.0,0.0200000000000004,-6.25));
#5376=VECTOR('',#7283,10.0);
#5377=CARTESIAN_POINT('',(22.5,0.02,1.22464679914735E-18));
#5378=AXIS2_PLACEMENT_3D('',#7284,#7285,#7286);
#5379=CARTESIAN_POINT('',(2.5,0.02,1.22464679914735E-18));
#5380=CARTESIAN_POINT('',(6.25,0.02,1.22464679914735E-18));
#5381=VECTOR('',#7287,10.0);
#5382=CARTESIAN_POINT('',(0.0,0.0200000000000002,-2.5));
#5383=AXIS2_PLACEMENT_3D('',#7288,#7289,#7290);
#5384=CARTESIAN_POINT('',(0.0,0.0200000000000014,-22.5));
#5385=CARTESIAN_POINT('',(0.0,0.0200000000000004,-6.25));
#5386=VECTOR('',#7291,10.0);
#5387=CARTESIAN_POINT('',(2.5,0.0200000000000015,-25.0));
#5388=AXIS2_PLACEMENT_3D('',#7292,#7293,#7294);
#5389=CARTESIAN_POINT('',(22.5,0.0200000000000015,-25.0));
#5390=CARTESIAN_POINT('',(6.25,0.0200000000000015,-25.0));
#5391=VECTOR('',#7295,10.0);
#5392=AXIS2_PLACEMENT_3D('',#7296,#7297,#7298);
#5393=COLOUR_RGB('',0.901960790157318,0.890196084976196,0.792156875133514);
#5394=CARTESIAN_POINT('',(-1.5,-3.00038465791098E-16,4.89999999999995));
#5395=CARTESIAN_POINT('',(-3.49999999999998,-1.77573785876362E-16,2.89999999999994));
#5396=CARTESIAN_POINT('',(-10.0,2.20436423846537E-16,-3.60000000000022));
#5397=VECTOR('',#7299,10.0);
#5398=CARTESIAN_POINT('',(-1.5,0.0199999999999997,4.89999999999995));
#5399=VECTOR('',#7300,1.0);
#5400=CARTESIAN_POINT('',(-3.49999999999998,0.0199999999999998,2.89999999999994));
#5401=VECTOR('',#7301,1.0);
#5402=COLOUR_RGB('',0.901960790157318,0.890196084976196,0.792156875133514);
#5403=CARTESIAN_POINT('',(28.5,-3.00038465791097E-16,4.89999999999993));
#5404=CARTESIAN_POINT('',(12.5,-3.00038465791101E-16,4.89999999999999));
#5405=VECTOR('',#7302,10.0);
#5406=CARTESIAN_POINT('',(28.5,0.0199999999999997,4.89999999999993));
#5407=VECTOR('',#7303,1.0);
#5408=COLOUR_RGB('',0.901960790157318,0.890196084976196,0.792156875133514);
#5409=CARTESIAN_POINT('',(28.5,1.53693173292993E-15,-25.1000000000001));
#5410=CARTESIAN_POINT('',(28.5,6.79678973526787E-16,-11.1000000000001));
#5411=VECTOR('',#7304,10.0);
#5412=CARTESIAN_POINT('',(28.5,0.0200000000000015,-25.1000000000001));
#5413=VECTOR('',#7305,1.0);
#5414=COLOUR_RGB('',0.901960790157318,0.890196084976196,0.792156875133514);
#5415=CARTESIAN_POINT('',(26.5,1.65939641284467E-15,-27.1000000000001));
#5416=CARTESIAN_POINT('',(21.0,1.99617428261019E-15,-32.6000000000001));
#5417=VECTOR('',#7306,10.0);
#5418=CARTESIAN_POINT('',(26.5,0.0200000000000017,-27.1000000000001));
#5419=VECTOR('',#7307,1.0);
#5420=COLOUR_RGB('',0.901960790157318,0.890196084976196,0.792156875133514);
#5421=CARTESIAN_POINT('',(-3.50000000000007,1.65939641284467E-15,-27.1000000000001));
#5422=CARTESIAN_POINT('',(-1.50000000000006,1.65939641284467E-15,-27.1000000000001));
#5423=VECTOR('',#7308,10.0);
#5424=CARTESIAN_POINT('',(-3.50000000000007,0.0200000000000017,-27.1000000000001));
#5425=VECTOR('',#7309,1.0);
#5426=COLOUR_RGB('',0.901960790157318,0.890196084976196,0.792156875133514);
#5427=CARTESIAN_POINT('',(-3.50000000000007,1.5981640728873E-15,-26.1000000000001));
#5428=VECTOR('',#7310,10.0);
#5429=COLOUR_RGB('',0.847058832645416,0.372549027204514,0.254901975393295);
#5430=CARTESIAN_POINT('',(0.0,4.0,-2.5));
#5431=CARTESIAN_POINT('',(0.0,1.53080849893419E-16,-2.5));
#5432=VECTOR('',#7311,1.0);
#5433=CARTESIAN_POINT('',(0.0,4.0,-22.5));
#5434=CARTESIAN_POINT('',(0.0,4.0,-12.5));
#5435=VECTOR('',#7312,1.0);
#5436=CARTESIAN_POINT('',(0.0,1.37772764904077E-15,-22.5));
#5437=VECTOR('',#7313,1.0);
#5438=COLOUR_RGB('',0.847058832645416,0.372549027204514,0.254901975393295);
#5439=CARTESIAN_POINT('',(2.5,4.0,2.44929359829471E-16));
#5440=CARTESIAN_POINT('',(2.5,0.0,0.0));
#5441=VECTOR('',#7314,1.0);
#5442=AXIS2_PLACEMENT_3D('',#7315,#7316,#7317);
#5443=COLOUR_RGB('',0.847058832645416,0.372549027204514,0.254901975393295);
#5444=CARTESIAN_POINT('',(22.5,4.0,2.44929359829471E-16));
#5445=CARTESIAN_POINT('',(22.5,0.0,0.0));
#5446=VECTOR('',#7318,1.0);
#5447=CARTESIAN_POINT('',(12.5,4.0,2.44929359829471E-16));
#5448=VECTOR('',#7319,1.0);
#5449=COLOUR_RGB('',0.847058832645416,0.372549027204514,0.254901975393295);
#5450=CARTESIAN_POINT('',(25.0,4.0,-2.5));
#5451=CARTESIAN_POINT('',(25.0,1.53080849893419E-16,-2.5));
#5452=VECTOR('',#7320,1.0);
#5453=AXIS2_PLACEMENT_3D('',#7321,#7322,#7323);
#5454=COLOUR_RGB('',1.0,0.960784316062927,0.858823537826538);
#5455=AXIS2_PLACEMENT_3D('',#7324,#7325,#7326);
#5456=COLOUR_RGB('',1.0,0.960784316062927,0.858823537826538);
#5457=CARTESIAN_POINT('',(-5.5,-1.77573785876363E-16,2.89999999999995));
#5458=CARTESIAN_POINT('',(-5.50000000000006,1.53693173292993E-15,-25.1));
#5459=CARTESIAN_POINT('',(-5.50000000000002,6.79678973526781E-16,-11.1));
#5460=VECTOR('',#7327,1.0);
#5461=CARTESIAN_POINT('',(-1.5,-4.22503145705833E-16,6.89999999999994));
#5462=AXIS2_PLACEMENT_3D('',#7328,#7329,#7330);
#5463=CARTESIAN_POINT('',(26.5,-4.22503145705833E-16,6.89999999999994));
#5464=CARTESIAN_POINT('',(26.5,-4.22503145705833E-16,6.89999999999994));
#5465=VECTOR('',#7331,1.0);
#5466=CARTESIAN_POINT('',(30.5,-1.77573785876362E-16,2.89999999999993));
#5467=AXIS2_PLACEMENT_3D('',#7332,#7333,#7334);
#5468=CARTESIAN_POINT('',(30.5,1.53693173292993E-15,-25.1000000000001));
#5469=CARTESIAN_POINT('',(30.5,6.79678973526787E-16,-11.1000000000001));
#5470=VECTOR('',#7335,1.0);
#5471=CARTESIAN_POINT('',(26.5,1.7818610927594E-15,-29.1000000000001));
#5472=AXIS2_PLACEMENT_3D('',#7336,#7337,#7338);
#5473=CARTESIAN_POINT('',(-1.50000000000007,1.7818610927594E-15,-29.1000000000001));
#5474=CARTESIAN_POINT('',(-1.50000000000006,1.7818610927594E-15,-29.1000000000001));
#5475=VECTOR('',#7339,1.0);
#5476=AXIS2_PLACEMENT_3D('',#7340,#7341,#7342);
#5477=COLOUR_RGB('',1.0,0.960784316062927,0.858823537826538);
#5478=CARTESIAN_POINT('',(-5.50000000000006,-3.0,-25.1));
#5479=VECTOR('',#7343,1.0);
#5480=CARTESIAN_POINT('',(-5.5,-3.0,2.89999999999995));
#5481=VECTOR('',#7344,1.0);
#5482=COLOUR_RGB('',1.0,0.960784316062927,0.858823537826538);
#5483=CARTESIAN_POINT('',(-1.50000000000007,-3.0,-29.1000000000001));
#5484=VECTOR('',#7345,1.0);
#5485=COLOUR_RGB('',1.0,0.960784316062927,0.858823537826538);
#5486=CARTESIAN_POINT('',(26.5,-3.0,-29.1000000000001));
#5487=VECTOR('',#7346,1.0);
#5488=COLOUR_RGB('',1.0,0.960784316062927,0.858823537826538);
#5489=CARTESIAN_POINT('',(30.5,-3.0,-25.1000000000001));
#5490=VECTOR('',#7347,1.0);
#5491=COLOUR_RGB('',1.0,0.960784316062927,0.858823537826538);
#5492=CARTESIAN_POINT('',(30.5,-3.0,2.89999999999993));
#5493=VECTOR('',#7348,1.0);
#5494=COLOUR_RGB('',1.0,0.960784316062927,0.858823537826538);
#5495=CARTESIAN_POINT('',(26.5,-3.0,6.89999999999994));
#5496=VECTOR('',#7349,1.0);
#5497=COLOUR_RGB('',1.0,0.960784316062927,0.858823537826538);
#5498=CARTESIAN_POINT('',(-1.5,-3.0,6.89999999999994));
#5499=VECTOR('',#7350,1.0);
#5500=COLOUR_RGB('',1.0,0.960784316062927,0.858823537826538);
#5501=COLOUR_RGB('',0.117647059261799,0.117647059261799,0.117647059261799);
#5502=CARTESIAN_POINT('',(15.590514060688,4.01,-8.77919761646638));
#5503=CARTESIAN_POINT('',(15.1612256612389,4.01,-8.77919761646638));
#5504=CARTESIAN_POINT('',(13.8306128306195,4.01,-8.77919761646638));
#5505=VECTOR('',#7351,10.0);
#5506=CARTESIAN_POINT('',(15.590514060688,4.05,-8.77919761646638));
#5507=CARTESIAN_POINT('',(15.590514060688,3.95,-8.77919761646638));
#5508=VECTOR('',#7352,1.0);
#5509=CARTESIAN_POINT('',(15.1612256612389,4.05,-8.77919761646638));
#5510=CARTESIAN_POINT('',(15.1612256612389,4.05,-8.77919761646638));
#5511=VECTOR('',#7353,10.0);
#5512=CARTESIAN_POINT('',(15.1612256612389,3.95,-8.77919761646638));
#5513=VECTOR('',#7354,1.0);
#5514=COLOUR_RGB('',0.117647059261799,0.117647059261799,0.117647059261799);
#5515=CARTESIAN_POINT('',(15.9788925507836,4.01,-9.48210424081182));
#5516=CARTESIAN_POINT('',(16.0166082291667,4.01,-9.55036394327522));
#5517=VECTOR('',#7355,10.0);
#5518=CARTESIAN_POINT('',(15.9788925507836,4.05,-9.48210424081182));
#5519=CARTESIAN_POINT('',(15.9788925507836,3.95,-9.48210424081182));
#5520=VECTOR('',#7356,1.0);
#5521=CARTESIAN_POINT('',(15.590514060688,4.05,-8.77919761646638));
#5522=VECTOR('',#7357,10.0);
#5523=COLOUR_RGB('',0.117647059261799,0.117647059261799,0.117647059261799);
#5524=CARTESIAN_POINT('',(16.3667397433552,4.01,-8.77919761646638));
#5525=CARTESIAN_POINT('',(14.9346356265813,4.01,-11.3746411048113));
#5526=VECTOR('',#7358,10.0);
#5527=CARTESIAN_POINT('',(16.3667397433552,4.05,-8.77919761646638));
#5528=CARTESIAN_POINT('',(16.3667397433552,3.95,-8.77919761646638));
#5529=VECTOR('',#7359,1.0);
#5530=CARTESIAN_POINT('',(15.9788925507836,4.05,-9.48210424081182));
#5531=VECTOR('',#7360,10.0);
#5532=COLOUR_RGB('',0.117647059261799,0.117647059261799,0.117647059261799);
#5533=CARTESIAN_POINT('',(16.8911303996129,4.01,-8.77919761646638));
#5534=CARTESIAN_POINT('',(14.4333698716776,4.01,-8.77919761646638));
#5535=VECTOR('',#7361,10.0);
#5536=CARTESIAN_POINT('',(16.8911303996129,4.05,-8.77919761646638));
#5537=CARTESIAN_POINT('',(16.8911303996129,3.95,-8.77919761646638));
#5538=VECTOR('',#7362,1.0);
#5539=CARTESIAN_POINT('',(16.3667397433552,4.05,-8.77919761646638));
#5540=VECTOR('',#7363,10.0);
#5541=COLOUR_RGB('',0.117647059261799,0.117647059261799,0.117647059261799);
#5542=CARTESIAN_POINT('',(16.2934206850334,4.01,-9.81469649088004));
#5543=CARTESIAN_POINT('',(15.5369403675917,4.01,-11.1252566141636));
#5544=VECTOR('',#7364,10.0);
#5545=CARTESIAN_POINT('',(16.2934206850334,4.05,-9.81469649088004));
#5546=CARTESIAN_POINT('',(16.2934206850334,3.95,-9.81469649088004));
#5547=VECTOR('',#7365,1.0);
#5548=CARTESIAN_POINT('',(16.8911303996129,4.05,-8.77919761646638));
#5549=VECTOR('',#7366,10.0);
#5550=COLOUR_RGB('',0.117647059261799,0.117647059261799,0.117647059261799);
#5551=CARTESIAN_POINT('',(16.8215304239596,4.01,-10.7131206040835));
#5552=CARTESIAN_POINT('',(16.3929091271326,4.01,-9.98394694921988));
#5553=VECTOR('',#7367,10.0);
#5554=CARTESIAN_POINT('',(16.8215304239596,4.05,-10.7131206040835));
#5555=CARTESIAN_POINT('',(16.8215304239596,3.95,-10.7131206040835));
#5556=VECTOR('',#7368,1.0);
#5557=CARTESIAN_POINT('',(16.2934206850334,4.05,-9.81469649088004));
#5558=VECTOR('',#7369,10.0);
#5559=COLOUR_RGB('',0.117647059261799,0.117647059261799,0.117647059261799);
#5560=CARTESIAN_POINT('',(16.3980862972753,4.01,-10.7131206040835));
#5561=CARTESIAN_POINT('',(14.6607652119798,4.01,-10.7131206040835));
#5562=VECTOR('',#7370,10.0);
#5563=CARTESIAN_POINT('',(16.3980862972753,4.05,-10.7131206040835));
#5564=CARTESIAN_POINT('',(16.3980862972753,3.95,-10.7131206040835));
#5565=VECTOR('',#7371,1.0);
#5566=CARTESIAN_POINT('',(16.8215304239596,4.05,-10.7131206040835));
#5567=VECTOR('',#7372,10.0);
#5568=COLOUR_RGB('',0.117647059261799,0.117647059261799,0.117647059261799);
#5569=CARTESIAN_POINT('',(16.0692131298756,4.01,-10.1249742449373));
#5570=CARTESIAN_POINT('',(16.3144221665512,4.01,-10.5634983218354));
#5571=VECTOR('',#7373,10.0);
#5572=CARTESIAN_POINT('',(16.0692131298756,4.05,-10.1249742449373));
#5573=CARTESIAN_POINT('',(16.0692131298756,3.95,-10.1249742449373));
#5574=VECTOR('',#7374,1.0);
#5575=CARTESIAN_POINT('',(16.3980862972753,4.05,-10.7131206040835));
#5576=VECTOR('',#7375,10.0);
#5577=COLOUR_RGB('',0.117647059261799,0.117647059261799,0.117647059261799);
#5578=CARTESIAN_POINT('',(15.756278888198,4.01,-10.7131206040835));
#5579=CARTESIAN_POINT('',(15.1830329031723,4.01,-11.7905116149891));
#5580=VECTOR('',#7376,10.0);
#5581=CARTESIAN_POINT('',(15.756278888198,4.05,-10.7131206040835));
#5582=CARTESIAN_POINT('',(15.756278888198,3.95,-10.7131206040835));
#5583=VECTOR('',#7377,1.0);
#5584=CARTESIAN_POINT('',(16.0692131298756,4.05,-10.1249742449373));
#5585=VECTOR('',#7378,10.0);
#5586=COLOUR_RGB('',0.117647059261799,0.117647059261799,0.117647059261799);
#5587=CARTESIAN_POINT('',(15.2292317443199,4.01,-10.7131206040835));
#5588=CARTESIAN_POINT('',(14.128139444099,4.01,-10.7131206040835));
#5589=VECTOR('',#7379,10.0);
#5590=CARTESIAN_POINT('',(15.2292317443199,4.05,-10.7131206040835));
#5591=CARTESIAN_POINT('',(15.2292317443199,3.95,-10.7131206040835));
#5592=VECTOR('',#7380,1.0);
#5593=CARTESIAN_POINT('',(15.756278888198,4.05,-10.7131206040835));
#5594=VECTOR('',#7381,10.0);
#5595=COLOUR_RGB('',0.117647059261799,0.117647059261799,0.117647059261799);
#5596=CARTESIAN_POINT('',(15.7589353758183,4.01,-9.80778962306712));
#5597=CARTESIAN_POINT('',(14.4917840832302,4.01,-11.9735125945518));
#5598=VECTOR('',#7382,10.0);
#5599=CARTESIAN_POINT('',(15.7589353758183,4.05,-9.80778962306712));
#5600=CARTESIAN_POINT('',(15.7589353758183,3.95,-9.80778962306712));
#5601=VECTOR('',#7383,1.0);
#5602=CARTESIAN_POINT('',(15.2292317443199,4.05,-10.7131206040835));
#5603=VECTOR('',#7384,10.0);
#5604=COLOUR_RGB('',0.117647059261799,0.117647059261799,0.117647059261799);
#5605=CARTESIAN_POINT('',(15.9323638649524,4.01,-10.1062407830348));
#5606=VECTOR('',#7385,10.0);
#5607=CARTESIAN_POINT('',(15.7589353758183,4.05,-9.80778962306712));
#5608=VECTOR('',#7386,10.0);
#5609=COLOUR_RGB('',0.117647059261799,0.117647059261799,0.117647059261799);
#5610=COLOUR_RGB('',0.117647059261799,0.117647059261799,0.117647059261799);
#5611=CARTESIAN_POINT('',(8.93069959646254,4.01,-9.55542329913357));
#5612=CARTESIAN_POINT('',(9.287731532638,4.01,-10.7131206040835));
#5613=CARTESIAN_POINT('',(9.67882849640491,4.01,-11.9812757886789));
#5614=VECTOR('',#7387,10.0);
#5615=CARTESIAN_POINT('',(8.93069959646254,4.05,-9.55542329913357));
#5616=CARTESIAN_POINT('',(8.93069959646254,3.95,-9.55542329913357));
#5617=VECTOR('',#7388,1.0);
#5618=CARTESIAN_POINT('',(9.287731532638,4.05,-10.7131206040835));
#5619=CARTESIAN_POINT('',(9.287731532638,4.05,-10.7131206040835));
#5620=VECTOR('',#7389,10.0);
#5621=CARTESIAN_POINT('',(9.287731532638,3.95,-10.7131206040835));
#5622=VECTOR('',#7390,1.0);
#5623=COLOUR_RGB('',0.117647059261799,0.117647059261799,0.117647059261799);
#5624=CARTESIAN_POINT('',(8.59226307362954,4.01,-10.7131206040835));
#5625=CARTESIAN_POINT('',(8.67469202821461,4.01,-10.4311540545688));
#5626=VECTOR('',#7391,10.0);
#5627=CARTESIAN_POINT('',(8.59226307362954,4.05,-10.7131206040835));
#5628=CARTESIAN_POINT('',(8.59226307362954,3.95,-10.7131206040835));
#5629=VECTOR('',#7392,1.0);
#5630=CARTESIAN_POINT('',(8.93069959646254,4.05,-9.55542329913357));
#5631=VECTOR('',#7393,10.0);
#5632=COLOUR_RGB('',0.117647059261799,0.117647059261799,0.117647059261799);
#5633=CARTESIAN_POINT('',(7.88669996166374,4.01,-10.7131206040835));
#5634=CARTESIAN_POINT('',(10.5461315368148,4.01,-10.7131206040835));
#5635=VECTOR('',#7394,10.0);
#5636=CARTESIAN_POINT('',(7.88669996166374,4.05,-10.7131206040835));
#5637=CARTESIAN_POINT('',(7.88669996166374,3.95,-10.7131206040835));
#5638=VECTOR('',#7395,1.0);
#5639=CARTESIAN_POINT('',(8.59226307362954,4.05,-10.7131206040835));
#5640=VECTOR('',#7396,10.0);
#5641=COLOUR_RGB('',0.117647059261799,0.117647059261799,0.117647059261799);
#5642=CARTESIAN_POINT('',(7.88669996166374,4.01,-8.77919761646638));
#5643=CARTESIAN_POINT('',(7.88669996166374,4.01,-11.6065603020417));
#5644=VECTOR('',#7397,10.0);
#5645=CARTESIAN_POINT('',(7.88669996166374,4.05,-8.77919761646638));
#5646=CARTESIAN_POINT('',(7.88669996166374,3.95,-8.77919761646638));
#5647=VECTOR('',#7398,1.0);
#5648=CARTESIAN_POINT('',(7.88669996166374,4.05,-10.7131206040835));
#5649=VECTOR('',#7399,10.0);
#5650=COLOUR_RGB('',0.117647059261799,0.117647059261799,0.117647059261799);
#5651=CARTESIAN_POINT('',(8.26604639385017,4.01,-8.77919761646638));
#5652=CARTESIAN_POINT('',(10.1933499808319,4.01,-8.77919761646638));
#5653=VECTOR('',#7400,10.0);
#5654=CARTESIAN_POINT('',(8.26604639385017,4.05,-8.77919761646638));
#5655=CARTESIAN_POINT('',(8.26604639385017,3.95,-8.77919761646638));
#5656=VECTOR('',#7401,1.0);
#5657=CARTESIAN_POINT('',(7.88669996166374,4.05,-8.77919761646638));
#5658=VECTOR('',#7402,10.0);
#5659=COLOUR_RGB('',0.117647059261799,0.117647059261799,0.117647059261799);
#5660=CARTESIAN_POINT('',(8.26604639385017,4.01,-10.356088667908));
#5661=CARTESIAN_POINT('',(8.26604639385017,4.01,-10.6395988082332));
#5662=VECTOR('',#7403,10.0);
#5663=CARTESIAN_POINT('',(8.26604639385017,4.05,-10.356088667908));
#5664=CARTESIAN_POINT('',(8.26604639385017,3.95,-10.356088667908));
#5665=VECTOR('',#7404,1.0);
#5666=CARTESIAN_POINT('',(8.26604639385017,4.05,-8.77919761646638));
#5667=VECTOR('',#7405,10.0);
#5668=COLOUR_RGB('',0.117647059261799,0.117647059261799,0.117647059261799);
#5669=CARTESIAN_POINT('',(8.74208897541746,4.01,-8.77919761646638));
#5670=CARTESIAN_POINT('',(8.14628380226132,4.01,-10.7528022525461));
#5671=VECTOR('',#7406,10.0);
#5672=CARTESIAN_POINT('',(8.74208897541746,4.05,-8.77919761646638));
#5673=CARTESIAN_POINT('',(8.74208897541746,3.95,-8.77919761646638));
#5674=VECTOR('',#7407,1.0);
#5675=CARTESIAN_POINT('',(8.26604639385017,4.05,-10.356088667908));
#5676=VECTOR('',#7408,10.0);
#5677=COLOUR_RGB('',0.117647059261799,0.117647059261799,0.117647059261799);
#5678=CARTESIAN_POINT('',(9.05236672947471,4.01,-8.77919761646638));
#5679=CARTESIAN_POINT('',(10.6210444877087,4.01,-8.77919761646638));
#5680=VECTOR('',#7409,10.0);
#5681=CARTESIAN_POINT('',(9.05236672947471,4.05,-8.77919761646638));
#5682=CARTESIAN_POINT('',(9.05236672947471,3.95,-8.77919761646638));
#5683=VECTOR('',#7410,1.0);
#5684=CARTESIAN_POINT('',(8.74208897541746,4.05,-8.77919761646638));
#5685=VECTOR('',#7411,10.0);
#5686=COLOUR_RGB('',0.117647059261799,0.117647059261799,0.117647059261799);
#5687=CARTESIAN_POINT('',(9.53850396399934,4.01,-10.356088667908));
#5688=CARTESIAN_POINT('',(9.72574257815566,4.01,-10.9634375278162));
#5689=VECTOR('',#7412,10.0);
#5690=CARTESIAN_POINT('',(9.53850396399934,4.05,-10.356088667908));
#5691=CARTESIAN_POINT('',(9.53850396399934,3.95,-10.356088667908));
#5692=VECTOR('',#7413,1.0);
#5693=CARTESIAN_POINT('',(9.05236672947471,4.05,-8.77919761646638));
#5694=VECTOR('',#7414,10.0);
#5695=COLOUR_RGB('',0.117647059261799,0.117647059261799,0.117647059261799);
#5696=CARTESIAN_POINT('',(9.53850396399934,4.01,-8.77919761646638));
#5697=CARTESIAN_POINT('',(9.53850396399934,4.01,-11.428044333954));
#5698=VECTOR('',#7415,10.0);
#5699=CARTESIAN_POINT('',(9.53850396399934,4.05,-8.77919761646638));
#5700=CARTESIAN_POINT('',(9.53850396399934,3.95,-8.77919761646638));
#5701=VECTOR('',#7416,1.0);
#5702=CARTESIAN_POINT('',(9.53850396399934,4.05,-10.356088667908));
#5703=VECTOR('',#7417,10.0);
#5704=COLOUR_RGB('',0.117647059261799,0.117647059261799,0.117647059261799);
#5705=CARTESIAN_POINT('',(9.99435723965195,4.01,-8.77919761646638));
#5706=CARTESIAN_POINT('',(11.0192519819997,4.01,-8.77919761646638));
#5707=VECTOR('',#7418,10.0);
#5708=CARTESIAN_POINT('',(9.99435723965195,4.05,-8.77919761646638));
#5709=CARTESIAN_POINT('',(9.99435723965195,3.95,-8.77919761646638));
#5710=VECTOR('',#7419,1.0);
#5711=CARTESIAN_POINT('',(9.53850396399934,4.05,-8.77919761646638));
#5712=VECTOR('',#7420,10.0);
#5713=COLOUR_RGB('',0.117647059261799,0.117647059261799,0.117647059261799);
#5714=CARTESIAN_POINT('',(9.99435723965195,4.01,-10.7131206040835));
#5715=CARTESIAN_POINT('',(9.99435723965195,4.01,-10.6395988082332));
#5716=VECTOR('',#7421,10.0);
#5717=CARTESIAN_POINT('',(9.99435723965195,4.05,-10.7131206040835));
#5718=CARTESIAN_POINT('',(9.99435723965195,3.95,-10.7131206040835));
#5719=VECTOR('',#7422,1.0);
#5720=CARTESIAN_POINT('',(9.99435723965195,4.05,-8.77919761646638));
#5721=VECTOR('',#7423,10.0);
#5722=COLOUR_RGB('',0.117647059261799,0.117647059261799,0.117647059261799);
#5723=CARTESIAN_POINT('',(11.247178619826,4.01,-10.7131206040835));
#5724=VECTOR('',#7424,10.0);
#5725=CARTESIAN_POINT('',(9.99435723965195,4.05,-10.7131206040835));
#5726=VECTOR('',#7425,10.0);
#5727=COLOUR_RGB('',0.117647059261799,0.117647059261799,0.117647059261799);
#5728=COLOUR_RGB('',0.117647059261799,0.117647059261799,0.117647059261799);
#5729=CARTESIAN_POINT('',(13.4653239644054,4.01,-8.77919761646638));
#5730=CARTESIAN_POINT('',(12.2369640887541,4.01,-8.77919761646638));
#5731=CARTESIAN_POINT('',(12.3684820443771,4.01,-8.77919761646638));
#5732=VECTOR('',#7426,10.0);
#5733=CARTESIAN_POINT('',(13.4653239644054,4.05,-8.77919761646638));
#5734=CARTESIAN_POINT('',(13.4653239644054,3.95,-8.77919761646638));
#5735=VECTOR('',#7427,1.0);
#5736=CARTESIAN_POINT('',(12.2369640887541,4.05,-8.77919761646638));
#5737=CARTESIAN_POINT('',(12.2369640887541,4.05,-8.77919761646638));
#5738=VECTOR('',#7428,10.0);
#5739=CARTESIAN_POINT('',(12.2369640887541,3.95,-8.77919761646638));
#5740=VECTOR('',#7429,1.0);
#5741=COLOUR_RGB('',0.117647059261799,0.117647059261799,0.117647059261799);
#5742=CARTESIAN_POINT('',(13.4653239644054,4.01,-9.16173183379723));
#5743=CARTESIAN_POINT('',(13.4653239644054,4.01,-10.6395988082332));
#5744=VECTOR('',#7430,10.0);
#5745=CARTESIAN_POINT('',(13.4653239644054,4.05,-9.16173183379723));
#5746=CARTESIAN_POINT('',(13.4653239644054,3.95,-9.16173183379723));
#5747=VECTOR('',#7431,1.0);
#5748=CARTESIAN_POINT('',(13.4653239644054,4.05,-8.77919761646638));
#5749=VECTOR('',#7432,10.0);
#5750=COLOUR_RGB('',0.117647059261799,0.117647059261799,0.117647059261799);
#5751=CARTESIAN_POINT('',(12.6960051495511,4.01,-9.16173183379723));
#5752=CARTESIAN_POINT('',(12.9826619822027,4.01,-9.16173183379723));
#5753=VECTOR('',#7433,10.0);
#5754=CARTESIAN_POINT('',(12.6960051495511,4.05,-9.16173183379723));
#5755=CARTESIAN_POINT('',(12.6960051495511,3.95,-9.16173183379723));
#5756=VECTOR('',#7434,1.0);
#5757=CARTESIAN_POINT('',(13.4653239644054,4.05,-9.16173183379723));
#5758=VECTOR('',#7435,10.0);
#5759=COLOUR_RGB('',0.117647059261799,0.117647059261799,0.117647059261799);
#5760=CARTESIAN_POINT('',(12.6960051495511,4.01,-10.7131206040835));
#5761=CARTESIAN_POINT('',(12.6960051495511,4.01,-10.8308659168986));
#5762=VECTOR('',#7436,10.0);
#5763=CARTESIAN_POINT('',(12.6960051495511,4.05,-10.7131206040835));
#5764=CARTESIAN_POINT('',(12.6960051495511,3.95,-10.7131206040835));
#5765=VECTOR('',#7437,1.0);
#5766=CARTESIAN_POINT('',(12.6960051495511,4.05,-9.16173183379723));
#5767=VECTOR('',#7438,10.0);
#5768=COLOUR_RGB('',0.117647059261799,0.117647059261799,0.117647059261799);
#5769=CARTESIAN_POINT('',(12.2369640887541,4.01,-10.7131206040835));
#5770=CARTESIAN_POINT('',(12.5980025747756,4.01,-10.7131206040835));
#5771=VECTOR('',#7439,10.0);
#5772=CARTESIAN_POINT('',(12.2369640887541,4.05,-10.7131206040835));
#5773=CARTESIAN_POINT('',(12.2369640887541,3.95,-10.7131206040835));
#5774=VECTOR('',#7440,1.0);
#5775=CARTESIAN_POINT('',(12.6960051495511,4.05,-10.7131206040835));
#5776=VECTOR('',#7441,10.0);
#5777=COLOUR_RGB('',0.117647059261799,0.117647059261799,0.117647059261799);
#5778=CARTESIAN_POINT('',(12.2369640887541,4.01,-11.6065603020417));
#5779=VECTOR('',#7442,10.0);
#5780=CARTESIAN_POINT('',(12.2369640887541,4.05,-10.7131206040835));
#5781=VECTOR('',#7443,10.0);
#5782=COLOUR_RGB('',0.117647059261799,0.117647059261799,0.117647059261799);
#5783=COLOUR_RGB('',0.117647059261799,0.117647059261799,0.117647059261799);
#5784=CARTESIAN_POINT('',(16.4139136530473,4.01,-6.73272292378536));
#5785=CARTESIAN_POINT('',(16.4139136530473,4.01,-7.46120923912033));
#5786=CARTESIAN_POINT('',(16.4139136530473,4.01,-9.98060461956016));
#5787=VECTOR('',#7444,10.0);
#5788=CARTESIAN_POINT('',(16.4139136530473,4.05,-6.73272292378536));
#5789=CARTESIAN_POINT('',(16.4139136530473,3.95,-6.73272292378536));
#5790=VECTOR('',#7445,1.0);
#5791=CARTESIAN_POINT('',(16.4139136530473,4.05,-7.46120923912033));
#5792=CARTESIAN_POINT('',(16.4139136530473,4.05,-7.46120923912033));
#5793=VECTOR('',#7446,10.0);
#5794=CARTESIAN_POINT('',(16.4139136530473,3.95,-7.46120923912033));
#5795=VECTOR('',#7447,1.0);
#5796=COLOUR_RGB('',0.117647059261799,0.117647059261799,0.117647059261799);
#5797=CARTESIAN_POINT('',(15.8661228681052,4.01,-6.73272292378536));
#5798=CARTESIAN_POINT('',(14.4569568265237,4.01,-6.73272292378536));
#5799=VECTOR('',#7448,10.0);
#5800=CARTESIAN_POINT('',(15.8661228681052,4.05,-6.73272292378536));
#5801=CARTESIAN_POINT('',(15.8661228681052,3.95,-6.73272292378536));
#5802=VECTOR('',#7449,1.0);
#5803=CARTESIAN_POINT('',(16.4139136530473,4.05,-6.73272292378536));
#5804=VECTOR('',#7450,10.0);
#5805=COLOUR_RGB('',0.117647059261799,0.117647059261799,0.117647059261799);
#5806=CARTESIAN_POINT('',(15.5413645997874,4.01,-6.7007428918662));
#5807=CARTESIAN_POINT('',(15.6053610820735,4.01,-6.80420770101642));
#5808=CARTESIAN_POINT('',(15.5413645997874,4.01,-6.7007428918662));
#5809=CARTESIAN_POINT('',(15.5475732137405,4.01,-6.71720320241283));
#5810=CARTESIAN_POINT('',(15.5565266617832,4.01,-6.73421178574891));
#5811=CARTESIAN_POINT('',(15.5681093983547,4.01,-6.75200500185427));
#5812=CARTESIAN_POINT('',(15.5800490405723,4.01,-6.77034649074908));
#5813=CARTESIAN_POINT('',(15.5924662684785,4.01,-6.7877473904698));
#5814=CARTESIAN_POINT('',(15.6053610820735,4.01,-6.80420770101642));
#5815=CARTESIAN_POINT('',(15.5413645997874,4.05,-6.7007428918662));
#5816=CARTESIAN_POINT('',(15.5413645997874,3.95,-6.7007428918662));
#5817=VECTOR('',#7451,1.0);
#5818=CARTESIAN_POINT('',(15.6053610820735,4.05,-6.80420770101642));
#5819=CARTESIAN_POINT('',(15.6053610820735,4.05,-6.80420770101642));
#5820=CARTESIAN_POINT('',(15.5924662684785,4.05,-6.7877473904698));
#5821=CARTESIAN_POINT('',(15.5800490405723,4.05,-6.77034649074908));
#5822=CARTESIAN_POINT('',(15.5565266617832,4.05,-6.73421178574891));
#5823=CARTESIAN_POINT('',(15.5475732137405,4.05,-6.71720320241283));
#5824=CARTESIAN_POINT('',(15.5413645997874,4.05,-6.7007428918662));
#5825=CARTESIAN_POINT('',(15.6053610820735,3.95,-6.80420770101642));
#5826=VECTOR('',#7452,1.0);
#5827=COLOUR_RGB('',0.117647059261799,0.117647059261799,0.117647059261799);
#5828=CARTESIAN_POINT('',(16.4139136530473,4.01,-6.45195705531863));
#5829=CARTESIAN_POINT('',(16.4139136530473,4.01,-6.45195705531863));
#5830=CARTESIAN_POINT('',(16.2007512406563,4.01,-6.45195705531863));
#5831=CARTESIAN_POINT('',(15.9875888282653,4.01,-6.45195705531863));
#5832=CARTESIAN_POINT('',(15.7744264158743,4.01,-6.45195705531863));
#5833=CARTESIAN_POINT('',(15.6941920201722,4.01,-6.45195705531863));
#5834=CARTESIAN_POINT('',(15.6335608918933,4.01,-6.46985321223577));
#5835=CARTESIAN_POINT('',(15.5929438541673,4.01,-6.50604093282897));
#5836=CARTESIAN_POINT('',(15.5528266563162,4.01,-6.5417833214445));
#5837=CARTESIAN_POINT('',(15.5327680573907,4.01,-6.59069395849733));
#5838=CARTESIAN_POINT('',(15.5327680573907,4.01,-6.65277284398747));
#5839=CARTESIAN_POINT('',(15.5327680573907,4.01,-6.66829256536));
#5840=CARTESIAN_POINT('',(15.5356335715229,4.01,-6.68428258131958));
#5841=CARTESIAN_POINT('',(15.5413645997874,4.01,-6.7007428918662));
#5842=CARTESIAN_POINT('',(16.4139136530473,4.05,-6.45195705531863));
#5843=CARTESIAN_POINT('',(16.4139136530473,3.95,-6.45195705531863));
#5844=VECTOR('',#7453,1.0);
#5845=CARTESIAN_POINT('',(15.5413645997874,4.05,-6.7007428918662));
#5846=CARTESIAN_POINT('',(15.5356335715229,4.05,-6.68428258131958));
#5847=CARTESIAN_POINT('',(15.5327680573907,4.05,-6.66829256536));
#5848=CARTESIAN_POINT('',(15.5327680573907,4.05,-6.59069395849733));
#5849=CARTESIAN_POINT('',(15.5528266563162,4.05,-6.5417833214445));
#5850=CARTESIAN_POINT('',(15.6335608918933,4.05,-6.46985321223577));
#5851=CARTESIAN_POINT('',(15.6941920201722,4.05,-6.45195705531863));
#5852=CARTESIAN_POINT('',(15.9875888282653,4.05,-6.45195705531863));
#5853=CARTESIAN_POINT('',(16.2007512406563,4.05,-6.45195705531863));
#5854=CARTESIAN_POINT('',(16.4139136530473,4.05,-6.45195705531863));
#5855=COLOUR_RGB('',0.117647059261799,0.117647059261799,0.117647059261799);
#5856=CARTESIAN_POINT('',(16.7324633074121,4.01,-6.45195705531863));
#5857=CARTESIAN_POINT('',(16.7324633074121,4.01,-6.45195705531863));
#5858=CARTESIAN_POINT('',(16.7324633074121,4.01,-6.37420168359361));
#5859=CARTESIAN_POINT('',(16.7324633074121,4.01,-6.2964463118686));
#5860=CARTESIAN_POINT('',(16.7324633074121,4.01,-6.21869094014358));
#5861=CARTESIAN_POINT('',(16.7324633074121,4.01,-6.15426058171822));
#5862=CARTESIAN_POINT('',(16.7178753138181,4.01,-6.10652933012796));
#5863=CARTESIAN_POINT('',(16.6890030097402,4.01,-6.07478079650737));
#5864=CARTESIAN_POINT('',(16.660347868418,4.01,-6.04327105917526));
#5865=CARTESIAN_POINT('',(16.621663427633,4.01,-6.02775133780272));
#5866=CARTESIAN_POINT('',(16.573427273074,4.01,-6.02775133780272));
#5867=CARTESIAN_POINT('',(16.5256687042038,4.01,-6.02775133780272));
#5868=CARTESIAN_POINT('',(16.487219166543,4.01,-6.04395378682457));
#5869=CARTESIAN_POINT('',(16.457851536408,4.01,-6.07619168026851));
#5870=CARTESIAN_POINT('',(16.4287188093971,4.01,-6.10817171218767));
#5871=CARTESIAN_POINT('',(16.4139136530473,4.01,-6.15567146547936));
#5872=CARTESIAN_POINT('',(16.4139136530473,4.01,-6.21869094014358));
#5873=CARTESIAN_POINT('',(16.4139136530473,4.01,-6.2964463118686));
#5874=CARTESIAN_POINT('',(16.4139136530473,4.01,-6.37420168359361));
#5875=CARTESIAN_POINT('',(16.4139136530473,4.01,-6.45195705531863));
#5876=CARTESIAN_POINT('',(16.7324633074121,4.05,-6.45195705531863));
#5877=CARTESIAN_POINT('',(16.7324633074121,3.95,-6.45195705531863));
#5878=VECTOR('',#7454,1.0);
#5879=CARTESIAN_POINT('',(16.4139136530473,4.05,-6.45195705531863));
#5880=CARTESIAN_POINT('',(16.4139136530473,4.05,-6.37420168359361));
#5881=CARTESIAN_POINT('',(16.4139136530473,4.05,-6.2964463118686));
#5882=CARTESIAN_POINT('',(16.4139136530473,4.05,-6.15567146547936));
#5883=CARTESIAN_POINT('',(16.4287188093971,4.05,-6.10817171218767));
#5884=CARTESIAN_POINT('',(16.487219166543,4.05,-6.04395378682457));
#5885=CARTESIAN_POINT('',(16.5256687042038,4.05,-6.02775133780272));
#5886=CARTESIAN_POINT('',(16.621663427633,4.05,-6.02775133780272));
#5887=CARTESIAN_POINT('',(16.660347868418,4.05,-6.04327105917526));
#5888=CARTESIAN_POINT('',(16.7178753138181,4.05,-6.10652933012796));
#5889=CARTESIAN_POINT('',(16.7324633074121,4.05,-6.15426058171822));
#5890=CARTESIAN_POINT('',(16.7324633074121,4.05,-6.2964463118686));
#5891=CARTESIAN_POINT('',(16.7324633074121,4.05,-6.37420168359361));
#5892=CARTESIAN_POINT('',(16.7324633074121,4.05,-6.45195705531863));
#5893=COLOUR_RGB('',0.117647059261799,0.117647059261799,0.117647059261799);
#5894=CARTESIAN_POINT('',(16.6433504377335,4.01,-7.76632857020953));
#5895=VECTOR('',#7455,10.0);
#5896=CARTESIAN_POINT('',(15.8661228681052,4.05,-6.73272292378536));
#5897=VECTOR('',#7456,10.0);
#5898=COLOUR_RGB('',0.117647059261799,0.117647059261799,0.117647059261799);
#5899=CARTESIAN_POINT('',(16.7324633074121,4.01,-6.73272292378536));
#5900=CARTESIAN_POINT('',(16.7324633074121,4.01,-6.73272292378536));
#5901=CARTESIAN_POINT('',(16.7507707588124,4.01,-6.73272292378536));
#5902=CARTESIAN_POINT('',(16.7690782102126,4.01,-6.73272292378536));
#5903=CARTESIAN_POINT('',(16.7873856616129,4.01,-6.73272292378536));
#5904=CARTESIAN_POINT('',(16.8528149009652,4.01,-6.73272292378536));
#5905=CARTESIAN_POINT('',(16.9048717410338,4.01,-6.72378732663148));
#5906=CARTESIAN_POINT('',(16.9445113531961,4.01,-6.70638642691076));
#5907=CARTESIAN_POINT('',(16.9841509653585,4.01,-6.68898552719004));
#5908=CARTESIAN_POINT('',(17.0037319785953,4.01,-6.65042137105223));
#5909=CARTESIAN_POINT('',(17.0037319785953,4.01,-6.59116425308438));
#5910=CARTESIAN_POINT('',(17.0037319785953,4.01,-6.54272391061859));
#5911=CARTESIAN_POINT('',(16.9874293751769,4.01,-6.50754517212244));
#5912=CARTESIAN_POINT('',(16.9554958240363,4.01,-6.48534797099893));
#5913=CARTESIAN_POINT('',(16.9230199972045,4.01,-6.4627738308207));
#5914=CARTESIAN_POINT('',(16.8747838426455,4.01,-6.45195705531863));
#5915=CARTESIAN_POINT('',(16.8103097746706,4.01,-6.45195705531863));
#5916=CARTESIAN_POINT('',(16.7843609522511,4.01,-6.45195705531863));
#5917=CARTESIAN_POINT('',(16.7584121298316,4.01,-6.45195705531863));
#5918=CARTESIAN_POINT('',(16.7324633074121,4.01,-6.45195705531863));
#5919=CARTESIAN_POINT('',(16.7324633074121,4.05,-6.73272292378536));
#5920=CARTESIAN_POINT('',(16.7324633074121,3.95,-6.73272292378536));
#5921=VECTOR('',#7457,1.0);
#5922=CARTESIAN_POINT('',(16.7324633074121,4.05,-6.45195705531863));
#5923=CARTESIAN_POINT('',(16.7584121298316,4.05,-6.45195705531863));
#5924=CARTESIAN_POINT('',(16.7843609522511,4.05,-6.45195705531863));
#5925=CARTESIAN_POINT('',(16.8747838426455,4.05,-6.45195705531863));
#5926=CARTESIAN_POINT('',(16.9230199972045,4.05,-6.4627738308207));
#5927=CARTESIAN_POINT('',(16.9874293751769,4.05,-6.50754517212244));
#5928=CARTESIAN_POINT('',(17.0037319785953,4.05,-6.54272391061859));
#5929=CARTESIAN_POINT('',(17.0037319785953,4.05,-6.65042137105223));
#5930=CARTESIAN_POINT('',(16.9841509653585,4.05,-6.68898552719004));
#5931=CARTESIAN_POINT('',(16.9048717410338,4.05,-6.72378732663148));
#5932=CARTESIAN_POINT('',(16.8528149009652,4.05,-6.73272292378536));
#5933=CARTESIAN_POINT('',(16.7690782102126,4.05,-6.73272292378536));
#5934=CARTESIAN_POINT('',(16.7507707588124,4.05,-6.73272292378536));
#5935=CARTESIAN_POINT('',(16.7324633074121,4.05,-6.73272292378536));
#5936=COLOUR_RGB('',0.117647059261799,0.117647059261799,0.117647059261799);
#5937=CARTESIAN_POINT('',(15.6053610820735,4.01,-6.80420770101642));
#5938=CARTESIAN_POINT('',(15.6177783099798,4.01,-6.8211383061501));
#5939=CARTESIAN_POINT('',(15.6335677833287,4.01,-6.84133880270504));
#5940=CARTESIAN_POINT('',(15.6521644795664,4.01,-6.86581629191951));
#5941=CARTESIAN_POINT('',(15.877266534175,4.01,-7.16210188175878));
#5942=CARTESIAN_POINT('',(16.1047067914399,4.01,-7.45662549476577));
#5943=CARTESIAN_POINT('',(16.3274706433921,4.01,-7.75467306143732));
#5944=CARTESIAN_POINT('',(16.3714085267528,4.01,-7.81345988481813));
#5945=CARTESIAN_POINT('',(16.40792672302,4.01,-7.8555472159409));
#5946=CARTESIAN_POINT('',(16.4363601804164,4.01,-7.88212289452691));
#5947=CARTESIAN_POINT('',(16.4645377360498,4.01,-7.90845939140151));
#5948=CARTESIAN_POINT('',(16.4989239056364,4.01,-7.92162763983881));
#5949=CARTESIAN_POINT('',(16.5385635177987,4.01,-7.92162763983881));
#5950=CARTESIAN_POINT('',(16.6679892394372,4.01,-7.92162763983881));
#5951=CARTESIAN_POINT('',(16.7324633074121,4.01,-7.84873197884661));
#5952=CARTESIAN_POINT('',(16.7324633074121,4.01,-7.70341095144925));
#5953=CARTESIAN_POINT('',(16.7324633074121,4.01,-7.37984827556129));
#5954=CARTESIAN_POINT('',(16.7324633074121,4.01,-7.05628559967333));
#5955=CARTESIAN_POINT('',(16.7324633074121,4.01,-6.73272292378536));
#5956=CARTESIAN_POINT('',(16.7324633074121,4.05,-6.73272292378536));
#5957=CARTESIAN_POINT('',(16.7324633074121,4.05,-7.05628559967333));
#5958=CARTESIAN_POINT('',(16.7324633074121,4.05,-7.37984827556129));
#5959=CARTESIAN_POINT('',(16.7324633074121,4.05,-7.84873197884661));
#5960=CARTESIAN_POINT('',(16.6679892394372,4.05,-7.92162763983881));
#5961=CARTESIAN_POINT('',(16.4989239056364,4.05,-7.92162763983881));
#5962=CARTESIAN_POINT('',(16.4645377360498,4.05,-7.90845939140151));
#5963=CARTESIAN_POINT('',(16.40792672302,4.05,-7.8555472159409));
#5964=CARTESIAN_POINT('',(16.3714085267528,4.05,-7.81345988481813));
#5965=CARTESIAN_POINT('',(16.1047067914399,4.05,-7.45662549476577));
#5966=CARTESIAN_POINT('',(15.877266534175,4.05,-7.16210188175878));
#5967=CARTESIAN_POINT('',(15.6335677833287,4.05,-6.84133880270504));
#5968=CARTESIAN_POINT('',(15.6177783099798,4.05,-6.8211383061501));
#5969=CARTESIAN_POINT('',(15.6053610820735,4.05,-6.80420770101642));
#5970=COLOUR_RGB('',0.117647059261799,0.117647059261799,0.117647059261799);
#5971=COLOUR_RGB('',0.117647059261799,0.117647059261799,0.117647059261799);
#5972=CARTESIAN_POINT('',(13.6935855701963,4.01,-7.08215180196088));
#5973=CARTESIAN_POINT('',(13.5388478070566,4.01,-7.41041742371931));
#5974=CARTESIAN_POINT('',(13.6935855701963,4.01,-7.08215180196088));
#5975=CARTESIAN_POINT('',(13.7446872388875,4.01,-7.02712733527645));
#5976=CARTESIAN_POINT('',(13.7844819722952,4.01,-6.96275561484896));
#5977=CARTESIAN_POINT('',(13.8125044066833,4.01,-6.88839043209774));
#5978=CARTESIAN_POINT('',(13.8406819623168,4.01,-6.81361359275735));
#5979=CARTESIAN_POINT('',(13.8545319472891,4.01,-6.73601498589469));
#5980=CARTESIAN_POINT('',(13.8545319472891,4.01,-6.6551243169227));
#5981=CARTESIAN_POINT('',(13.8545319472891,4.01,-6.53708037557404));
#5982=CARTESIAN_POINT('',(13.8271074129356,4.01,-6.42996865117526));
#5983=CARTESIAN_POINT('',(13.7723872088322,4.01,-6.33391311396996));
#5984=CARTESIAN_POINT('',(13.7174648546314,4.01,-6.23750272362544));
#5985=CARTESIAN_POINT('',(13.6411621853457,4.01,-6.16252438368801));
#5986=CARTESIAN_POINT('',(13.5431460782549,4.01,-6.10864200677471));
#5987=CARTESIAN_POINT('',(13.4447634263821,4.01,-6.05455812926437));
#5988=CARTESIAN_POINT('',(13.3339635466031,4.01,-6.02775133780272));
#5989=CARTESIAN_POINT('',(13.2097912675404,4.01,-6.02775133780272));
#5990=CARTESIAN_POINT('',(13.0669931466182,4.01,-6.02775133780272));
#5991=CARTESIAN_POINT('',(12.9444700970882,4.01,-6.06241069801654));
#5992=CARTESIAN_POINT('',(12.8406175301731,4.01,-6.1307458523659));
#5993=CARTESIAN_POINT('',(12.7369814357246,4.01,-6.19893856748763));
#5994=CARTESIAN_POINT('',(12.6575376597977,4.01,-6.30045488879834));
#5995=CARTESIAN_POINT('',(12.6027798571991,4.01,-6.43455615559791));
#5996=CARTESIAN_POINT('',(12.5478575029983,4.01,-6.5690604074932));
#5997=CARTESIAN_POINT('',(12.5206351187423,4.01,-6.73272292378536));
#5998=CARTESIAN_POINT('',(12.5206351187423,4.01,-6.92695458823555));
#5999=CARTESIAN_POINT('',(12.5206351187423,4.01,-7.08497356948316));
#6000=CARTESIAN_POINT('',(12.5373506178469,4.01,-7.2260619455971));
#6001=CARTESIAN_POINT('',(12.5703040303674,4.01,-7.35069001116441));
#6002=CARTESIAN_POINT('',(12.6032574428879,4.01,-7.47531807673172));
#6003=CARTESIAN_POINT('',(12.6510160117581,4.01,-7.57878288588194));
#6004=CARTESIAN_POINT('',(12.7131021512895,4.01,-7.66061414402803));
#6005=CARTESIAN_POINT('',(12.7751882908209,4.01,-7.74244540217411));
#6006=CARTESIAN_POINT('',(12.8499877491812,4.01,-7.80490956761037));
#6007=CARTESIAN_POINT('',(12.9385225963572,4.01,-7.84638050591138));
#6008=CARTESIAN_POINT('',(13.0268759487672,4.01,-7.88776642957147));
#6009=CARTESIAN_POINT('',(13.1276465290835,4.01,-7.90892968598856));
#6010=CARTESIAN_POINT('',(13.2403567516174,4.01,-7.90892968598856));
#6011=CARTESIAN_POINT('',(13.3492462886416,4.01,-7.90892968598856));
#6012=CARTESIAN_POINT('',(13.4450486156199,4.01,-7.88833419161571));
#6013=CARTESIAN_POINT('',(13.5278633362164,4.01,-7.84638050591138));
#6014=CARTESIAN_POINT('',(13.610485660362,4.01,-7.80452428766424));
#6015=CARTESIAN_POINT('',(13.6728301844092,4.01,-7.75264291768741));
#6016=CARTESIAN_POINT('',(13.7150769261879,4.01,-7.690712997599));
#6017=CARTESIAN_POINT('',(13.7571044667938,4.01,-7.62910440669591));
#6018=CARTESIAN_POINT('',(13.7781182370967,4.01,-7.56984728872806));
#6019=CARTESIAN_POINT('',(13.7781182370967,4.01,-7.51294164369544));
#6020=CARTESIAN_POINT('',(13.7781182370967,4.01,-7.47861013884105));
#6021=CARTESIAN_POINT('',(13.7649815642713,4.01,-7.44734941124573));
#6022=CARTESIAN_POINT('',(13.7384786249343,4.01,-7.41935302087319));
#6023=CARTESIAN_POINT('',(13.7122114120557,4.01,-7.39160564023745));
#6024=CARTESIAN_POINT('',(13.6787804138465,4.01,-7.37749680262606));
#6025=CARTESIAN_POINT('',(13.6381856303068,4.01,-7.37749680262606));
#6026=CARTESIAN_POINT('',(13.6023667036541,4.01,-7.37749680262606));
#6027=CARTESIAN_POINT('',(13.5694132911336,4.01,-7.38831357812813));
#6028=CARTESIAN_POINT('',(13.5388478070566,4.01,-7.41041742371931));
#6029=CARTESIAN_POINT('',(13.6935855701963,4.05,-7.08215180196088));
#6030=CARTESIAN_POINT('',(13.6935855701963,3.95,-7.08215180196088));
#6031=VECTOR('',#7458,1.0);
#6032=CARTESIAN_POINT('',(13.5388478070566,4.05,-7.41041742371931));
#6033=CARTESIAN_POINT('',(13.5388478070566,4.05,-7.41041742371931));
#6034=CARTESIAN_POINT('',(13.5694132911336,4.05,-7.38831357812813));
#6035=CARTESIAN_POINT('',(13.6023667036541,4.05,-7.37749680262606));
#6036=CARTESIAN_POINT('',(13.6787804138465,4.05,-7.37749680262606));
#6037=CARTESIAN_POINT('',(13.7122114120557,4.05,-7.39160564023745));
#6038=CARTESIAN_POINT('',(13.7649815642713,4.05,-7.44734941124573));
#6039=CARTESIAN_POINT('',(13.7781182370967,4.05,-7.47861013884105));
#6040=CARTESIAN_POINT('',(13.7781182370967,4.05,-7.56984728872806));
#6041=CARTESIAN_POINT('',(13.7571044667938,4.05,-7.62910440669591));
#6042=CARTESIAN_POINT('',(13.6728301844092,4.05,-7.75264291768741));
#6043=CARTESIAN_POINT('',(13.610485660362,4.05,-7.80452428766424));
#6044=CARTESIAN_POINT('',(13.4450486156199,4.05,-7.88833419161571));
#6045=CARTESIAN_POINT('',(13.3492462886416,4.05,-7.90892968598856));
#6046=CARTESIAN_POINT('',(13.1276465290835,4.05,-7.90892968598856));
#6047=CARTESIAN_POINT('',(13.0268759487672,4.05,-7.88776642957147));
#6048=CARTESIAN_POINT('',(12.8499877491812,4.05,-7.80490956761037));
#6049=CARTESIAN_POINT('',(12.7751882908209,4.05,-7.74244540217411));
#6050=CARTESIAN_POINT('',(12.6510160117581,4.05,-7.57878288588194));
#6051=CARTESIAN_POINT('',(12.6032574428879,4.05,-7.47531807673172));
#6052=CARTESIAN_POINT('',(12.5373506178469,4.05,-7.2260619455971));
#6053=CARTESIAN_POINT('',(12.5206351187423,4.05,-7.08497356948316));
#6054=CARTESIAN_POINT('',(12.5206351187423,4.05,-6.73272292378536));
#6055=CARTESIAN_POINT('',(12.5478575029983,4.05,-6.5690604074932));
#6056=CARTESIAN_POINT('',(12.6575376597977,4.05,-6.30045488879834));
#6057=CARTESIAN_POINT('',(12.7369814357246,4.05,-6.19893856748763));
#6058=CARTESIAN_POINT('',(12.9444700970882,4.05,-6.06241069801654));
#6059=CARTESIAN_POINT('',(13.0669931466182,4.05,-6.02775133780272));
#6060=CARTESIAN_POINT('',(13.3339635466031,4.05,-6.02775133780272));
#6061=CARTESIAN_POINT('',(13.4447634263821,4.05,-6.05455812926437));
#6062=CARTESIAN_POINT('',(13.6411621853457,4.05,-6.16252438368801));
#6063=CARTESIAN_POINT('',(13.7174648546314,4.05,-6.23750272362544));
#6064=CARTESIAN_POINT('',(13.8271074129356,4.05,-6.42996865117526));
#6065=CARTESIAN_POINT('',(13.8545319472891,4.05,-6.53708037557404));
#6066=CARTESIAN_POINT('',(13.8545319472891,4.05,-6.73601498589469));
#6067=CARTESIAN_POINT('',(13.8406819623168,4.05,-6.81361359275735));
#6068=CARTESIAN_POINT('',(13.7844819722952,4.05,-6.96275561484896));
#6069=CARTESIAN_POINT('',(13.7446872388875,4.05,-7.02712733527645));
#6070=CARTESIAN_POINT('',(13.6935855701963,4.05,-7.08215180196088));
#6071=CARTESIAN_POINT('',(13.5388478070566,3.95,-7.41041742371931));
#6072=VECTOR('',#7459,1.0);
#6073=COLOUR_RGB('',0.117647059261799,0.117647059261799,0.117647059261799);
#6074=CARTESIAN_POINT('',(13.0622172897312,4.01,-7.20442839459296));
#6075=CARTESIAN_POINT('',(13.0622172897312,4.01,-7.20442839459296));
#6076=CARTESIAN_POINT('',(13.130034457527,4.01,-7.23687872109917));
#6077=CARTESIAN_POINT('',(13.2059705820308,4.01,-7.25333903164579));
#6078=CARTESIAN_POINT('',(13.2900256632425,4.01,-7.25333903164579));
#6079=CARTESIAN_POINT('',(13.3707376446332,4.01,-7.25333903164579));
#6080=CARTESIAN_POINT('',(13.4451660258166,4.01,-7.23811615662177));
#6081=CARTESIAN_POINT('',(13.5135357655553,4.01,-7.20866104587638));
#6082=CARTESIAN_POINT('',(13.5823081047285,4.01,-7.17903248689245));
#6083=CARTESIAN_POINT('',(13.6420063158164,4.01,-7.13670597405827));
#6084=CARTESIAN_POINT('',(13.6935855701963,4.01,-7.08215180196088));
#6085=CARTESIAN_POINT('',(13.0622172897312,4.05,-7.20442839459296));
#6086=CARTESIAN_POINT('',(13.0622172897312,3.95,-7.20442839459296));
#6087=VECTOR('',#7460,1.0);
#6088=CARTESIAN_POINT('',(13.6935855701963,4.05,-7.08215180196088));
#6089=CARTESIAN_POINT('',(13.6420063158164,4.05,-7.13670597405827));
#6090=CARTESIAN_POINT('',(13.5823081047285,4.05,-7.17903248689245));
#6091=CARTESIAN_POINT('',(13.4451660258166,4.05,-7.23811615662177));
#6092=CARTESIAN_POINT('',(13.3707376446332,4.05,-7.25333903164579));
#6093=CARTESIAN_POINT('',(13.2059705820308,4.05,-7.25333903164579));
#6094=CARTESIAN_POINT('',(13.130034457527,4.05,-7.23687872109917));
#6095=CARTESIAN_POINT('',(13.0622172897312,4.05,-7.20442839459296));
#6096=COLOUR_RGB('',0.117647059261799,0.117647059261799,0.117647059261799);
#6097=CARTESIAN_POINT('',(12.8735709426936,4.01,-7.05393412673809));
#6098=CARTESIAN_POINT('',(12.8735709426936,4.01,-7.05393412673809));
#6099=CARTESIAN_POINT('',(12.9313588110267,4.01,-7.12165654727278));
#6100=CARTESIAN_POINT('',(12.9944001219354,4.01,-7.17150777349971));
#6101=CARTESIAN_POINT('',(13.0622172897312,4.01,-7.20442839459296));
#6102=CARTESIAN_POINT('',(12.8735709426936,4.05,-7.05393412673809));
#6103=CARTESIAN_POINT('',(12.8735709426936,3.95,-7.05393412673809));
#6104=VECTOR('',#7461,1.0);
#6105=AXIS2_PLACEMENT_3D('',#7462,#7463,#7464);
#6106=COLOUR_RGB('',0.117647059261799,0.117647059261799,0.117647059261799);
#6107=CARTESIAN_POINT('',(13.4304358557211,4.01,-6.37812080515233));
#6108=CARTESIAN_POINT('',(13.4863133812993,4.01,-6.44725410944816));
#6109=CARTESIAN_POINT('',(13.5144909369328,4.01,-6.53755067016108));
#6110=CARTESIAN_POINT('',(13.5144909369328,4.01,-6.64995107646519));
#6111=CARTESIAN_POINT('',(13.5144909369328,4.01,-6.72566850497967));
#6112=CARTESIAN_POINT('',(13.5009358440504,4.01,-6.79142215849783));
#6113=CARTESIAN_POINT('',(13.4748513247705,4.01,-6.84606391926356));
#6114=CARTESIAN_POINT('',(13.4485841118918,4.01,-6.901088385948));
#6115=CARTESIAN_POINT('',(13.4129778995071,4.01,-6.94281150546884));
#6116=CARTESIAN_POINT('',(13.3669169591236,4.01,-6.97163257400496));
#6117=CARTESIAN_POINT('',(13.3210687330081,4.01,-7.0003205438148));
#6118=CARTESIAN_POINT('',(13.2704446500056,4.01,-7.01489967601324));
#6119=CARTESIAN_POINT('',(13.2150447101161,4.01,-7.01489967601324));
#6120=CARTESIAN_POINT('',(13.1625102843588,4.01,-7.01489967601324));
#6121=CARTESIAN_POINT('',(13.1120053882575,4.01,-7.00105496755824));
#6122=CARTESIAN_POINT('',(13.0641276324861,4.01,-6.97351375235315));
#6123=CARTESIAN_POINT('',(13.0391172404163,4.01,-6.95912676659623));
#6124=CARTESIAN_POINT('',(13.016674741466,4.01,-6.94145248362417));
#6125=CARTESIAN_POINT('',(12.9968001356352,4.01,-6.92049090343691));
#6126=CARTESIAN_POINT('',(12.9968001356352,4.05,-6.9204909034369));
#6127=CARTESIAN_POINT('',(13.016674741466,4.05,-6.94145248362414));
#6128=CARTESIAN_POINT('',(13.0391172404163,4.05,-6.95912676659623));
#6129=CARTESIAN_POINT('',(13.1120053882575,4.05,-7.00105496755824));
#6130=CARTESIAN_POINT('',(13.1625102843588,4.05,-7.01489967601324));
#6131=CARTESIAN_POINT('',(13.2704446500056,4.05,-7.01489967601324));
#6132=CARTESIAN_POINT('',(13.3210687330081,4.05,-7.0003205438148));
#6133=CARTESIAN_POINT('',(13.4129778995071,4.05,-6.94281150546884));
#6134=CARTESIAN_POINT('',(13.4485841118918,4.05,-6.901088385948));
#6135=CARTESIAN_POINT('',(13.5009358440504,4.05,-6.79142215849783));
#6136=CARTESIAN_POINT('',(13.5144909369328,4.05,-6.72566850497967));
#6137=CARTESIAN_POINT('',(13.5144909369328,4.05,-6.53755067016108));
#6138=CARTESIAN_POINT('',(13.4863133812993,4.05,-6.44725410944816));
#6139=CARTESIAN_POINT('',(13.4304358557211,4.05,-6.37812080515233));
#6140=COLOUR_RGB('',0.117647059261799,0.117647059261799,0.117647059261799);
#6141=CARTESIAN_POINT('',(12.9829380654066,4.01,-7.52799107048092));
#6142=CARTESIAN_POINT('',(12.9829380654066,4.01,-7.52799107048092));
#6143=CARTESIAN_POINT('',(12.9213295115639,4.01,-7.43910539352914));
#6144=CARTESIAN_POINT('',(12.8845554135338,4.01,-7.28108641228153));
#6145=CARTESIAN_POINT('',(12.8735709426936,4.01,-7.05393412673809));
#6146=CARTESIAN_POINT('',(12.9829380654066,4.05,-7.52799107048092));
#6147=CARTESIAN_POINT('',(12.9829380654066,3.95,-7.52799107048092));
#6148=VECTOR('',#7465,1.0);
#6149=AXIS2_PLACEMENT_3D('',#7466,#7467,#7468);
#6150=COLOUR_RGB('',0.117647059261799,0.117647059261799,0.117647059261799);
#6151=CARTESIAN_POINT('',(13.3783790156525,4.01,-7.6239311662384));
#6152=CARTESIAN_POINT('',(13.3783790156525,4.01,-7.6239311662384));
#6153=CARTESIAN_POINT('',(13.3358738893579,4.01,-7.65403001980938));
#6154=CARTESIAN_POINT('',(13.2862049777328,4.01,-7.66954974118191));
#6155=CARTESIAN_POINT('',(13.2303274521546,4.01,-7.66954974118191));
#6156=CARTESIAN_POINT('',(13.1854343974165,4.01,-7.66954974118191));
#6157=CARTESIAN_POINT('',(13.1404571805726,4.01,-7.65699841755295));
#6158=CARTESIAN_POINT('',(13.0961258736291,4.01,-7.63145587963114));
#6159=CARTESIAN_POINT('',(13.0512328188911,4.01,-7.60558967734359));
#6160=CARTESIAN_POINT('',(13.0135035494835,4.01,-7.5712581724892));
#6161=CARTESIAN_POINT('',(12.9829380654066,4.01,-7.52799107048092));
#6162=CARTESIAN_POINT('',(13.3783790156525,4.05,-7.6239311662384));
#6163=CARTESIAN_POINT('',(13.3783790156525,3.95,-7.6239311662384));
#6164=VECTOR('',#7469,1.0);
#6165=CARTESIAN_POINT('',(12.9829380654066,4.05,-7.52799107048092));
#6166=CARTESIAN_POINT('',(13.0135035494835,4.05,-7.5712581724892));
#6167=CARTESIAN_POINT('',(13.0512328188911,4.05,-7.60558967734359));
#6168=CARTESIAN_POINT('',(13.1404571805726,4.05,-7.65699841755295));
#6169=CARTESIAN_POINT('',(13.1854343974165,4.05,-7.66954974118191));
#6170=CARTESIAN_POINT('',(13.2862049777328,4.05,-7.66954974118191));
#6171=CARTESIAN_POINT('',(13.3358738893579,4.05,-7.65403001980938));
#6172=CARTESIAN_POINT('',(13.3783790156525,4.05,-7.6239311662384));
#6173=COLOUR_RGB('',0.117647059261799,0.117647059261799,0.117647059261799);
#6174=CARTESIAN_POINT('',(13.5388478070566,4.01,-7.41041742371931));
#6175=CARTESIAN_POINT('',(13.5082823229796,4.01,-7.43299156389754));
#6176=CARTESIAN_POINT('',(13.4861697278344,4.01,-7.46368900651829));
#6177=CARTESIAN_POINT('',(13.4710306392608,4.01,-7.50259516278042));
#6178=CARTESIAN_POINT('',(13.451449626024,4.01,-7.55291668359439));
#6179=CARTESIAN_POINT('',(13.4204065562583,4.01,-7.59336201808038));
#6180=CARTESIAN_POINT('',(13.3783790156525,4.01,-7.6239311662384));
#6181=CARTESIAN_POINT('',(13.3783790156525,4.05,-7.6239311662384));
#6182=CARTESIAN_POINT('',(13.4204065562583,4.05,-7.59336201808038));
#6183=CARTESIAN_POINT('',(13.451449626024,4.05,-7.55291668359439));
#6184=CARTESIAN_POINT('',(13.4861697278344,4.05,-7.46368900651829));
#6185=CARTESIAN_POINT('',(13.5082823229796,4.05,-7.43299156389754));
#6186=CARTESIAN_POINT('',(13.5388478070566,4.05,-7.41041742371931));
#6187=COLOUR_RGB('',0.117647059261799,0.117647059261799,0.117647059261799);
#6188=COLOUR_RGB('',0.117647059261799,0.117647059261799,0.117647059261799);
#6189=CARTESIAN_POINT('',(10.0376671231765,4.01,-7.37232356216855));
#6190=CARTESIAN_POINT('',(9.50706942302772,4.01,-7.16962659515152));
#6191=CARTESIAN_POINT('',(10.0376671231765,4.01,-7.37232356216855));
#6192=CARTESIAN_POINT('',(9.82227597757156,4.01,-7.20913134046343));
#6193=CARTESIAN_POINT('',(9.67708992820591,4.01,-7.12777037690439));
#6194=CARTESIAN_POINT('',(9.60210897507958,4.01,-7.12777037690439));
#6195=CARTESIAN_POINT('',(9.56629004842687,4.01,-7.12777037690439));
#6196=CARTESIAN_POINT('',(9.53476939297249,4.01,-7.14187921451578));
#6197=CARTESIAN_POINT('',(9.50706942302772,4.01,-7.16962659515152));
#6198=CARTESIAN_POINT('',(10.0376671231765,4.05,-7.37232356216855));
#6199=CARTESIAN_POINT('',(10.0376671231765,3.95,-7.37232356216855));
#6200=VECTOR('',#7470,1.0);
#6201=CARTESIAN_POINT('',(9.50706942302772,4.05,-7.16962659515152));
#6202=CARTESIAN_POINT('',(9.50706942302772,4.05,-7.16962659515152));
#6203=CARTESIAN_POINT('',(9.53476939297249,4.05,-7.14187921451578));
#6204=CARTESIAN_POINT('',(9.56629004842687,4.05,-7.12777037690439));
#6205=CARTESIAN_POINT('',(9.67708992820591,4.05,-7.12777037690439));
#6206=CARTESIAN_POINT('',(9.82227597757156,4.05,-7.20913134046343));
#6207=CARTESIAN_POINT('',(10.0376671231765,4.05,-7.37232356216855));
#6208=CARTESIAN_POINT('',(9.50706942302772,3.95,-7.16962659515152));
#6209=VECTOR('',#7471,1.0);
#6210=COLOUR_RGB('',0.117647059261799,0.117647059261799,0.117647059261799);
#6211=CARTESIAN_POINT('',(9.50659183733902,4.01,-7.36103649207943));
#6212=CARTESIAN_POINT('',(9.50659183733902,4.01,-7.36103649207943));
#6213=CARTESIAN_POINT('',(9.53381422159508,4.01,-7.38078886473538));
#6214=CARTESIAN_POINT('',(9.58163222479414,4.01,-7.40699596352511));
#6215=CARTESIAN_POINT('',(9.65034512963856,4.01,-7.4386350989421));
#6216=CARTESIAN_POINT('',(9.75350363839836,4.01,-7.48613485223379));
#6217=CARTESIAN_POINT('',(9.83517079116653,4.01,-7.53645637304776));
#6218=CARTESIAN_POINT('',(9.89677934500919,4.01,-7.58912936679697));
#6219=CARTESIAN_POINT('',(9.95838789885185,4.01,-7.64180236054617));
#6220=CARTESIAN_POINT('',(10.012832667364,4.01,-7.70058918392697));
#6221=CARTESIAN_POINT('',(10.0605912362343,4.01,-7.76596013152643));
#6222=CARTESIAN_POINT('',(10.1083498051045,4.01,-7.83133107912589));
#6223=CARTESIAN_POINT('',(10.1393928748702,4.01,-7.87130611902484));
#6224=CARTESIAN_POINT('',(10.1537204455313,4.01,-7.88635554581032));
#6225=CARTESIAN_POINT('',(10.1680480161924,4.01,-7.90140497259581));
#6226=CARTESIAN_POINT('',(10.1952704004484,4.01,-7.90892968598856));
#6227=CARTESIAN_POINT('',(10.2353875982994,4.01,-7.90892968598856));
#6228=CARTESIAN_POINT('',(10.2802806530375,4.01,-7.90892968598856));
#6229=CARTESIAN_POINT('',(10.3168055115334,4.01,-7.89171110214457));
#6230=CARTESIAN_POINT('',(10.343799549635,4.01,-7.85766757600049));
#6231=CARTESIAN_POINT('',(10.3710219338911,4.01,-7.8233360711461));
#6232=CARTESIAN_POINT('',(10.3843943331747,4.01,-7.77583631785441));
#6233=CARTESIAN_POINT('',(10.3843943331747,4.01,-7.71563861071246));
#6234=CARTESIAN_POINT('',(10.3843943331747,4.01,-7.23703548596152));
#6235=CARTESIAN_POINT('',(10.3843943331747,4.01,-6.75843236121057));
#6236=CARTESIAN_POINT('',(10.3843943331747,4.01,-6.27982923645963));
#6237=CARTESIAN_POINT('',(10.3843943331747,4.01,-6.11193406888404));
#6238=CARTESIAN_POINT('',(10.326128879153,4.01,-6.02775133780272));
#6239=CARTESIAN_POINT('',(10.2095979711095,4.01,-6.02775133780272));
#6240=CARTESIAN_POINT('',(10.1580187167296,4.01,-6.02775133780272));
#6241=CARTESIAN_POINT('',(10.1164687618125,4.01,-6.04468194293639));
#6242=CARTESIAN_POINT('',(10.0849481063581,4.01,-6.07901344779079));
#6243=CARTESIAN_POINT('',(10.0534274509037,4.01,-6.11334495264518));
#6244=CARTESIAN_POINT('',(10.0376671231765,4.01,-6.16413676804619));
#6245=CARTESIAN_POINT('',(10.0376671231765,4.01,-6.23091859940679));
#6246=CARTESIAN_POINT('',(10.0376671231765,4.01,-6.61138692032738));
#6247=CARTESIAN_POINT('',(10.0376671231765,4.01,-6.99185524124796));
#6248=CARTESIAN_POINT('',(10.0376671231765,4.01,-7.37232356216855));
#6249=CARTESIAN_POINT('',(9.50659183733902,4.05,-7.36103649207943));
#6250=CARTESIAN_POINT('',(9.50659183733902,3.95,-7.36103649207943));
#6251=VECTOR('',#7472,1.0);
#6252=CARTESIAN_POINT('',(10.0376671231765,4.05,-7.37232356216855));
#6253=CARTESIAN_POINT('',(10.0376671231765,4.05,-6.99185524124796));
#6254=CARTESIAN_POINT('',(10.0376671231765,4.05,-6.61138692032738));
#6255=CARTESIAN_POINT('',(10.0376671231765,4.05,-6.16413676804619));
#6256=CARTESIAN_POINT('',(10.0534274509037,4.05,-6.11334495264518));
#6257=CARTESIAN_POINT('',(10.1164687618125,4.05,-6.04468194293639));
#6258=CARTESIAN_POINT('',(10.1580187167296,4.05,-6.02775133780272));
#6259=CARTESIAN_POINT('',(10.326128879153,4.05,-6.02775133780272));
#6260=CARTESIAN_POINT('',(10.3843943331747,4.05,-6.11193406888404));
#6261=CARTESIAN_POINT('',(10.3843943331747,4.05,-6.75843236121057));
#6262=CARTESIAN_POINT('',(10.3843943331747,4.05,-7.23703548596152));
#6263=CARTESIAN_POINT('',(10.3843943331747,4.05,-7.77583631785441));
#6264=CARTESIAN_POINT('',(10.3710219338911,4.05,-7.8233360711461));
#6265=CARTESIAN_POINT('',(10.3168055115334,4.05,-7.89171110214457));
#6266=CARTESIAN_POINT('',(10.2802806530375,4.05,-7.90892968598856));
#6267=CARTESIAN_POINT('',(10.1952704004484,4.05,-7.90892968598856));
#6268=CARTESIAN_POINT('',(10.1680480161924,4.05,-7.90140497259581));
#6269=CARTESIAN_POINT('',(10.1393928748702,4.05,-7.87130611902484));
#6270=CARTESIAN_POINT('',(10.1083498051045,4.05,-7.83133107912589));
#6271=CARTESIAN_POINT('',(10.012832667364,4.05,-7.70058918392697));
#6272=CARTESIAN_POINT('',(9.95838789885185,4.05,-7.64180236054617));
#6273=CARTESIAN_POINT('',(9.83517079116653,4.05,-7.53645637304776));
#6274=CARTESIAN_POINT('',(9.75350363839836,4.05,-7.48613485223379));
#6275=CARTESIAN_POINT('',(9.58163222479414,4.05,-7.40699596352511));
#6276=CARTESIAN_POINT('',(9.53381422159508,4.05,-7.38078886473538));
#6277=CARTESIAN_POINT('',(9.50659183733902,4.05,-7.36103649207943));
#6278=COLOUR_RGB('',0.117647059261799,0.117647059261799,0.117647059261799);
#6279=CARTESIAN_POINT('',(9.50706942302772,4.01,-7.16962659515152));
#6280=CARTESIAN_POINT('',(9.47984703877167,4.01,-7.19784427037431));
#6281=CARTESIAN_POINT('',(9.46599705379928,4.01,-7.23029459688052));
#6282=CARTESIAN_POINT('',(9.46599705379928,4.01,-7.26697757467014));
#6283=CARTESIAN_POINT('',(9.46599705379928,4.01,-7.30930408750432));
#6284=CARTESIAN_POINT('',(9.47936945308296,4.01,-7.34081382483643));
#6285=CARTESIAN_POINT('',(9.50659183733902,4.01,-7.36103649207943));
#6286=CARTESIAN_POINT('',(9.50659183733902,4.05,-7.36103649207943));
#6287=CARTESIAN_POINT('',(9.47936945308296,4.05,-7.34081382483643));
#6288=CARTESIAN_POINT('',(9.46599705379928,4.05,-7.30930408750432));
#6289=CARTESIAN_POINT('',(9.46599705379928,4.05,-7.23029459688052));
#6290=CARTESIAN_POINT('',(9.47984703877167,4.05,-7.19784427037431));
#6291=CARTESIAN_POINT('',(9.50706942302772,4.05,-7.16962659515152));
#6292=COLOUR_RGB('',0.117647059261799,0.117647059261799,0.117647059261799);
#6293=COLOUR_RGB('',0.117647059261799,0.117647059261799,0.117647059261799);
#6294=CARTESIAN_POINT('',(8.26916731791012,4.01,-7.51011987617316));
#6295=CARTESIAN_POINT('',(8.15884502381978,4.01,-7.27826464475925));
#6296=CARTESIAN_POINT('',(8.26916731791012,4.01,-7.51011987617316));
#6297=CARTESIAN_POINT('',(8.26057077551347,4.01,-7.49742192232291));
#6298=CARTESIAN_POINT('',(8.24596454762406,4.01,-7.46365898060988));
#6299=CARTESIAN_POINT('',(8.22618460592686,4.01,-7.40712536160999));
#6300=CARTESIAN_POINT('',(8.20660359269005,4.01,-7.35116030575146));
#6301=CARTESIAN_POINT('',(8.18415706532102,4.01,-7.30836349833023));
#6302=CARTESIAN_POINT('',(8.15884502381978,4.01,-7.27826464475925));
#6303=CARTESIAN_POINT('',(8.26916731791012,4.05,-7.51011987617316));
#6304=CARTESIAN_POINT('',(8.26916731791012,3.95,-7.51011987617316));
#6305=VECTOR('',#7473,1.0);
#6306=CARTESIAN_POINT('',(8.15884502381978,4.05,-7.27826464475925));
#6307=CARTESIAN_POINT('',(8.15884502381978,4.05,-7.27826464475925));
#6308=CARTESIAN_POINT('',(8.18415706532102,4.05,-7.30836349833023));
#6309=CARTESIAN_POINT('',(8.20660359269005,4.05,-7.35116030575146));
#6310=CARTESIAN_POINT('',(8.24596454762406,4.05,-7.46365898060988));
#6311=CARTESIAN_POINT('',(8.26057077551347,4.05,-7.49742192232291));
#6312=CARTESIAN_POINT('',(8.26916731791012,4.05,-7.51011987617316));
#6313=CARTESIAN_POINT('',(8.15884502381978,3.95,-7.27826464475925));
#6314=VECTOR('',#7474,1.0);
#6315=COLOUR_RGB('',0.117647059261799,0.117647059261799,0.117647059261799);
#6316=CARTESIAN_POINT('',(8.5060498195067,4.01,-6.92930606117078));
#6317=CARTESIAN_POINT('',(8.5060498195067,4.01,-6.92930606117078));
#6318=CARTESIAN_POINT('',(8.5752997443686,4.01,-6.97774640363657));
#6319=CARTESIAN_POINT('',(8.63356519839034,4.01,-7.0266570406894));
#6320=CARTESIAN_POINT('',(8.67989101019451,4.01,-7.07556767774223));
#6321=CARTESIAN_POINT('',(8.72621682199868,4.01,-7.12447831479506));
#6322=CARTESIAN_POINT('',(8.76108057727398,4.01,-7.17479983560903));
#6323=CARTESIAN_POINT('',(8.78543744739782,4.01,-7.22606194559709));
#6324=CARTESIAN_POINT('',(8.80979431752166,4.01,-7.27732405558516));
#6325=CARTESIAN_POINT('',(8.82173395973923,4.01,-7.32811587098618));
#6326=CARTESIAN_POINT('',(8.82173395973923,4.01,-7.37749680262606));
#6327=CARTESIAN_POINT('',(8.82173395973923,4.01,-7.43064009096231));
#6328=CARTESIAN_POINT('',(8.80918481789609,4.01,-7.47882270257849));
#6329=CARTESIAN_POINT('',(8.78304951895431,4.01,-7.52093665167523));
#6330=CARTESIAN_POINT('',(8.75678230607566,4.01,-7.56326316450941));
#6331=CARTESIAN_POINT('',(8.72181442909936,4.01,-7.59551576925827));
#6332=CARTESIAN_POINT('',(8.67702549606229,4.01,-7.61922822036794));
#6333=CARTESIAN_POINT('',(8.63261002701293,4.01,-7.64274294972026));
#6334=CARTESIAN_POINT('',(8.58389628676525,4.01,-7.65450031439642));
#6335=CARTESIAN_POINT('',(8.53136186100795,4.01,-7.65450031439642));
#6336=CARTESIAN_POINT('',(8.4200843955402,4.01,-7.65450031439642));
#6337=CARTESIAN_POINT('',(8.33268621450759,4.01,-7.60653026651768));
#6338=CARTESIAN_POINT('',(8.26916731791012,4.01,-7.51011987617316));
#6339=CARTESIAN_POINT('',(8.5060498195067,4.05,-6.92930606117078));
#6340=CARTESIAN_POINT('',(8.5060498195067,3.95,-6.92930606117078));
#6341=VECTOR('',#7475,1.0);
#6342=CARTESIAN_POINT('',(8.26916731791012,4.05,-7.51011987617316));
#6343=CARTESIAN_POINT('',(8.33268621450759,4.05,-7.60653026651768));
#6344=CARTESIAN_POINT('',(8.4200843955402,4.05,-7.65450031439642));
#6345=CARTESIAN_POINT('',(8.58389628676525,4.05,-7.65450031439642));
#6346=CARTESIAN_POINT('',(8.63261002701293,4.05,-7.64274294972026));
#6347=CARTESIAN_POINT('',(8.72181442909936,4.05,-7.59551576925827));
#6348=CARTESIAN_POINT('',(8.75678230607566,4.05,-7.56326316450941));
#6349=CARTESIAN_POINT('',(8.80918481789609,4.05,-7.47882270257849));
#6350=CARTESIAN_POINT('',(8.82173395973923,4.05,-7.43064009096231));
#6351=CARTESIAN_POINT('',(8.82173395973923,4.05,-7.32811587098618));
#6352=CARTESIAN_POINT('',(8.80979431752166,4.05,-7.27732405558516));
#6353=CARTESIAN_POINT('',(8.76108057727398,4.05,-7.17479983560903));
#6354=CARTESIAN_POINT('',(8.72621682199868,4.05,-7.12447831479506));
#6355=CARTESIAN_POINT('',(8.63356519839034,4.05,-7.0266570406894));
#6356=CARTESIAN_POINT('',(8.5752997443686,4.05,-6.97774640363657));
#6357=CARTESIAN_POINT('',(8.5060498195067,4.05,-6.92930606117078));
#6358=COLOUR_RGB('',0.117647059261799,0.117647059261799,0.117647059261799);
#6359=CARTESIAN_POINT('',(8.99891825024797,4.01,-6.35507637038706));
#6360=CARTESIAN_POINT('',(8.99891825024797,4.01,-6.35507637038706));
#6361=CARTESIAN_POINT('',(9.06530266097765,4.01,-6.35507637038706));
#6362=CARTESIAN_POINT('',(9.11567515222531,4.01,-6.3417343548897));
#6363=CARTESIAN_POINT('',(9.15031291356675,4.01,-6.31510133048811));
#6364=CARTESIAN_POINT('',(9.18517666884205,4.01,-6.28829453902646));
#6365=CARTESIAN_POINT('',(9.20284733932405,4.01,-6.25161156123684));
#6366=CARTESIAN_POINT('',(9.20284733932405,4.01,-6.20599298629333));
#6367=CARTESIAN_POINT('',(9.20284733932405,4.01,-6.16507735722029));
#6368=CARTESIAN_POINT('',(9.18876328871794,4.01,-6.13050343810164));
#6369=CARTESIAN_POINT('',(9.16129738440691,4.01,-6.10205788255606));
#6370=CARTESIAN_POINT('',(9.13359741446215,4.01,-6.07336991274623));
#6371=CARTESIAN_POINT('',(9.09204745954501,4.01,-6.05926107513483));
#6372=CARTESIAN_POINT('',(9.03569234827808,4.01,-6.05926107513483));
#6373=CARTESIAN_POINT('',(8.72319211263689,4.01,-6.05926107513483));
#6374=CARTESIAN_POINT('',(8.41069187699571,4.01,-6.05926107513483));
#6375=CARTESIAN_POINT('',(8.09819164135452,4.01,-6.05926107513483));
#6376=CARTESIAN_POINT('',(8.03467274475705,4.01,-6.05926107513483));
#6377=CARTESIAN_POINT('',(7.9850070096125,4.01,-6.07666524447136));
#6378=CARTESIAN_POINT('',(7.94918490647925,4.01,-6.11146377429699));
#6379=CARTESIAN_POINT('',(7.91384356551525,4.01,-6.14579527915138));
#6380=CARTESIAN_POINT('',(7.89569530934454,4.01,-6.18671090822442));
#6381=CARTESIAN_POINT('',(7.89569530934454,4.01,-6.23327007234202));
#6382=CARTESIAN_POINT('',(7.89569530934454,4.01,-6.263368925913));
#6383=CARTESIAN_POINT('',(7.90715736587341,4.01,-6.30334396581195));
#6384=CARTESIAN_POINT('',(7.93008147893115,4.01,-6.35319519203887));
#6385=CARTESIAN_POINT('',(7.95300559198888,4.01,-6.4030464182658));
#6386=CARTESIAN_POINT('',(7.97817985127336,4.01,-6.44221444390486));
#6387=CARTESIAN_POINT('',(8.00554001774618,4.01,-6.47029854421344));
#6388=CARTESIAN_POINT('',(8.11825024028004,4.01,-6.58599101262687));
#6389=CARTESIAN_POINT('',(8.22045357766243,4.01,-6.68475287590663));
#6390=CARTESIAN_POINT('',(8.31119485851596,4.01,-6.76705442863976));
#6391=CARTESIAN_POINT('',(8.40193613936949,4.01,-6.84935598137288));
#6392=CARTESIAN_POINT('',(8.46688779303307,4.01,-6.90343985888323));
#6393=CARTESIAN_POINT('',(8.5060498195067,4.01,-6.92930606117078));
#6394=CARTESIAN_POINT('',(8.99891825024797,4.05,-6.35507637038706));
#6395=CARTESIAN_POINT('',(8.99891825024797,3.95,-6.35507637038706));
#6396=VECTOR('',#7476,1.0);
#6397=CARTESIAN_POINT('',(8.5060498195067,4.05,-6.92930606117078));
#6398=CARTESIAN_POINT('',(8.46688779303307,4.05,-6.90343985888323));
#6399=CARTESIAN_POINT('',(8.40193613936949,4.05,-6.84935598137288));
#6400=CARTESIAN_POINT('',(8.22045357766243,4.05,-6.68475287590663));
#6401=CARTESIAN_POINT('',(8.11825024028004,4.05,-6.58599101262687));
#6402=CARTESIAN_POINT('',(7.97817985127336,4.05,-6.44221444390486));
#6403=CARTESIAN_POINT('',(7.95300559198888,4.05,-6.4030464182658));
#6404=CARTESIAN_POINT('',(7.90715736587341,4.05,-6.30334396581195));
#6405=CARTESIAN_POINT('',(7.89569530934454,4.05,-6.263368925913));
#6406=CARTESIAN_POINT('',(7.89569530934454,4.05,-6.18671090822442));
#6407=CARTESIAN_POINT('',(7.91384356551525,4.05,-6.14579527915138));
#6408=CARTESIAN_POINT('',(7.9850070096125,4.05,-6.07666524447136));
#6409=CARTESIAN_POINT('',(8.03467274475705,4.05,-6.05926107513483));
#6410=CARTESIAN_POINT('',(8.41069187699571,4.05,-6.05926107513483));
#6411=CARTESIAN_POINT('',(8.72319211263689,4.05,-6.05926107513483));
#6412=CARTESIAN_POINT('',(9.09204745954501,4.05,-6.05926107513483));
#6413=CARTESIAN_POINT('',(9.13359741446215,4.05,-6.07336991274623));
#6414=CARTESIAN_POINT('',(9.18876328871794,4.05,-6.13050343810164));
#6415=CARTESIAN_POINT('',(9.20284733932405,4.05,-6.16507735722029));
#6416=CARTESIAN_POINT('',(9.20284733932405,4.05,-6.25161156123684));
#6417=CARTESIAN_POINT('',(9.18517666884205,4.05,-6.28829453902646));
#6418=CARTESIAN_POINT('',(9.11567515222531,4.05,-6.3417343548897));
#6419=CARTESIAN_POINT('',(9.06530266097765,4.05,-6.35507637038706));
#6420=CARTESIAN_POINT('',(8.99891825024797,4.05,-6.35507637038706));
#6421=COLOUR_RGB('',0.117647059261799,0.117647059261799,0.117647059261799);
#6422=CARTESIAN_POINT('',(8.3341189715737,4.01,-6.35507637038706));
#6423=CARTESIAN_POINT('',(10.749459125124,4.01,-6.35507637038706));
#6424=VECTOR('',#7477,10.0);
#6425=CARTESIAN_POINT('',(8.3341189715737,4.05,-6.35507637038706));
#6426=CARTESIAN_POINT('',(8.3341189715737,3.95,-6.35507637038706));
#6427=VECTOR('',#7478,1.0);
#6428=CARTESIAN_POINT('',(8.99891825024797,4.05,-6.35507637038706));
#6429=VECTOR('',#7479,10.0);
#6430=COLOUR_RGB('',0.117647059261799,0.117647059261799,0.117647059261799);
#6431=CARTESIAN_POINT('',(8.39668269679376,4.01,-6.43643733394609));
#6432=CARTESIAN_POINT('',(8.39668269679376,4.01,-6.43643733394609));
#6433=CARTESIAN_POINT('',(8.37614651217954,4.01,-6.41386319376786));
#6434=CARTESIAN_POINT('',(8.35561032756532,4.01,-6.38658610771917));
#6435=CARTESIAN_POINT('',(8.3341189715737,4.01,-6.35507637038706));
#6436=CARTESIAN_POINT('',(8.39668269679376,4.05,-6.43643733394609));
#6437=CARTESIAN_POINT('',(8.39668269679376,3.95,-6.43643733394609));
#6438=VECTOR('',#7480,1.0);
#6439=CARTESIAN_POINT('',(8.3341189715737,4.05,-6.35507637038706));
#6440=CARTESIAN_POINT('',(8.35561032756532,4.05,-6.38658610771917));
#6441=CARTESIAN_POINT('',(8.37614651217954,4.05,-6.41386319376786));
#6442=CARTESIAN_POINT('',(8.39668269679376,4.05,-6.43643733394609));
#6443=COLOUR_RGB('',0.117647059261799,0.117647059261799,0.117647059261799);
#6444=CARTESIAN_POINT('',(8.87140287136432,4.01,-7.84873197884661));
#6445=CARTESIAN_POINT('',(8.87140287136432,4.01,-7.84873197884661));
#6446=CARTESIAN_POINT('',(8.93110108245217,4.01,-7.82192518738496));
#6447=CARTESIAN_POINT('',(8.98292236245391,4.01,-7.78501621738149));
#6448=CARTESIAN_POINT('',(9.02805097725884,4.01,-7.73821275089069));
#6449=CARTESIAN_POINT('',(9.0729440319969,4.01,-7.69165358677309));
#6450=CARTESIAN_POINT('',(9.10787620265231,4.01,-7.6374031887091));
#6451=CARTESIAN_POINT('',(9.13311982877345,4.01,-7.57596111835966));
#6452=CARTESIAN_POINT('',(9.1584318702747,4.01,-7.51435252745658));
#6453=CARTESIAN_POINT('',(9.17084909818097,4.01,-7.45086275820531));
#6454=CARTESIAN_POINT('',(9.17084909818097,4.01,-7.38455122143176));
#6455=CARTESIAN_POINT('',(9.17084909818097,4.01,-7.28108641228153));
#6456=CARTESIAN_POINT('',(9.1443727207575,4.01,-7.18668546910752));
#6457=CARTESIAN_POINT('',(9.09252504523371,4.01,-7.10190417461683));
#6458=CARTESIAN_POINT('',(9.04046820516511,4.01,-7.01678085436142));
#6459=CARTESIAN_POINT('',(8.98676833389759,4.01,-6.95070692398983));
#6460=CARTESIAN_POINT('',(8.93253383951828,4.01,-6.90249926970913));
#6461=CARTESIAN_POINT('',(8.87856665669486,4.01,-6.8545292218304));
#6462=CARTESIAN_POINT('',(8.78693039969815,4.01,-6.77933070775557));
#6463=CARTESIAN_POINT('',(8.65935482558029,4.01,-6.67628757333978));
#6464=CARTESIAN_POINT('',(8.53183944669665,4.01,-6.57329305877661));
#6465=CARTESIAN_POINT('',(8.44396367997533,4.01,-6.49334297897872));
#6466=CARTESIAN_POINT('',(8.39668269679376,4.01,-6.43643733394609));
#6467=CARTESIAN_POINT('',(8.87140287136432,4.05,-7.84873197884661));
#6468=CARTESIAN_POINT('',(8.87140287136432,3.95,-7.84873197884661));
#6469=VECTOR('',#7481,1.0);
#6470=CARTESIAN_POINT('',(8.39668269679376,4.05,-6.43643733394609));
#6471=CARTESIAN_POINT('',(8.44396367997533,4.05,-6.49334297897872));
#6472=CARTESIAN_POINT('',(8.53183944669665,4.05,-6.57329305877661));
#6473=CARTESIAN_POINT('',(8.78693039969815,4.05,-6.77933070775557));
#6474=CARTESIAN_POINT('',(8.87856665669486,4.05,-6.8545292218304));
#6475=CARTESIAN_POINT('',(8.98676833389759,4.05,-6.95070692398983));
#6476=CARTESIAN_POINT('',(9.04046820516511,4.05,-7.01678085436142));
#6477=CARTESIAN_POINT('',(9.1443727207575,4.05,-7.18668546910752));
#6478=CARTESIAN_POINT('',(9.17084909818097,4.05,-7.28108641228153));
#6479=CARTESIAN_POINT('',(9.17084909818097,4.05,-7.45086275820531));
#6480=CARTESIAN_POINT('',(9.1584318702747,4.05,-7.51435252745658));
#6481=CARTESIAN_POINT('',(9.10787620265231,4.05,-7.6374031887091));
#6482=CARTESIAN_POINT('',(9.0729440319969,4.05,-7.69165358677309));
#6483=CARTESIAN_POINT('',(8.98292236245391,4.05,-7.78501621738149));
#6484=CARTESIAN_POINT('',(8.93110108245217,4.05,-7.82192518738496));
#6485=CARTESIAN_POINT('',(8.87140287136432,4.05,-7.84873197884661));
#6486=COLOUR_RGB('',0.117647059261799,0.117647059261799,0.117647059261799);
#6487=CARTESIAN_POINT('',(8.15884502381978,4.01,-7.27826464475925));
#6488=CARTESIAN_POINT('',(8.13401056800723,4.01,-7.24816579118828));
#6489=CARTESIAN_POINT('',(8.09723646997712,4.01,-7.23311636440279));
#6490=CARTESIAN_POINT('',(8.04852272972943,4.01,-7.23311636440279));
#6491=CARTESIAN_POINT('',(8.00649518912359,4.01,-7.23311636440279));
#6492=CARTESIAN_POINT('',(7.97115384815958,4.01,-7.24675490742714));
#6493=CARTESIAN_POINT('',(7.94297629252612,4.01,-7.27450228806288));
#6494=CARTESIAN_POINT('',(7.91527632258136,4.01,-7.30177937411158));
#6495=CARTESIAN_POINT('',(7.90094875192027,4.01,-7.33940294107529));
#6496=CARTESIAN_POINT('',(7.90094875192027,4.01,-7.38737298895403));
#6497=CARTESIAN_POINT('',(7.90094875192027,4.01,-7.4447489285737));
#6498=CARTESIAN_POINT('',(7.91415316734773,4.01,-7.50501691631866));
#6499=CARTESIAN_POINT('',(7.94058836408261,4.01,-7.56796611037987));
#6500=CARTESIAN_POINT('',(7.96685557696126,4.01,-7.63051529045705));
#6501=CARTESIAN_POINT('',(8.00601974044918,4.01,-7.68741874534292));
#6502=CARTESIAN_POINT('',(8.05807444350349,4.01,-7.7382127508907));
#6503=CARTESIAN_POINT('',(8.11060886926079,4.01,-7.78947486087876));
#6504=CARTESIAN_POINT('',(8.17651569430178,4.01,-7.8303904899518));
#6505=CARTESIAN_POINT('',(8.25675009000384,4.01,-7.86190022728391));
#6506=CARTESIAN_POINT('',(8.33698448570591,4.01,-7.89340996461602));
#6507=CARTESIAN_POINT('',(8.43106886638036,4.01,-7.90892968598856));
#6508=CARTESIAN_POINT('',(8.53900323202719,4.01,-7.90892968598856));
#6509=CARTESIAN_POINT('',(8.66890653935435,4.01,-7.90892968598856));
#6510=CARTESIAN_POINT('',(8.77970641913339,4.01,-7.88870701874556));
#6511=CARTESIAN_POINT('',(8.87140287136432,4.01,-7.84873197884661));
#6512=CARTESIAN_POINT('',(8.87140287136432,4.05,-7.84873197884661));
#6513=CARTESIAN_POINT('',(8.77970641913339,4.05,-7.88870701874556));
#6514=CARTESIAN_POINT('',(8.66890653935435,4.05,-7.90892968598856));
#6515=CARTESIAN_POINT('',(8.43106886638036,4.05,-7.90892968598856));
#6516=CARTESIAN_POINT('',(8.33698448570591,4.05,-7.89340996461602));
#6517=CARTESIAN_POINT('',(8.17651569430178,4.05,-7.8303904899518));
#6518=CARTESIAN_POINT('',(8.11060886926079,4.05,-7.78947486087876));
#6519=CARTESIAN_POINT('',(8.00601974044918,4.05,-7.68741874534292));
#6520=CARTESIAN_POINT('',(7.96685557696126,4.05,-7.63051529045705));
#6521=CARTESIAN_POINT('',(7.91415316734773,4.05,-7.50501691631866));
#6522=CARTESIAN_POINT('',(7.90094875192027,4.05,-7.4447489285737));
#6523=CARTESIAN_POINT('',(7.90094875192027,4.05,-7.33940294107529));
#6524=CARTESIAN_POINT('',(7.91527632258136,4.05,-7.30177937411158));
#6525=CARTESIAN_POINT('',(7.97115384815958,4.05,-7.24675490742714));
#6526=CARTESIAN_POINT('',(8.00649518912359,4.05,-7.23311636440279));
#6527=CARTESIAN_POINT('',(8.09723646997712,4.05,-7.23311636440279));
#6528=CARTESIAN_POINT('',(8.13401056800723,4.05,-7.24816579118828));
#6529=CARTESIAN_POINT('',(8.15884502381978,4.05,-7.27826464475925));
#6530=COLOUR_RGB('',0.117647059261799,0.117647059261799,0.117647059261799);
#6531=COLOUR_RGB('',0.117647059261799,0.117647059261799,0.117647059261799);
#6532=CARTESIAN_POINT('',(11.587432683017,4.01,-7.37232356216855));
#6533=CARTESIAN_POINT('',(11.0568349828682,4.01,-7.16962659515152));
#6534=CARTESIAN_POINT('',(11.587432683017,4.01,-7.37232356216855));
#6535=CARTESIAN_POINT('',(11.3720415374121,4.01,-7.20913134046343));
#6536=CARTESIAN_POINT('',(11.2268554880464,4.01,-7.12777037690439));
#6537=CARTESIAN_POINT('',(11.1518745349201,4.01,-7.12777037690439));
#6538=CARTESIAN_POINT('',(11.1160556082674,4.01,-7.12777037690439));
#6539=CARTESIAN_POINT('',(11.084534952813,4.01,-7.14187921451578));
#6540=CARTESIAN_POINT('',(11.0568349828682,4.01,-7.16962659515152));
#6541=CARTESIAN_POINT('',(11.587432683017,4.05,-7.37232356216855));
#6542=CARTESIAN_POINT('',(11.587432683017,3.95,-7.37232356216855));
#6543=VECTOR('',#7482,1.0);
#6544=CARTESIAN_POINT('',(11.0568349828682,4.05,-7.16962659515152));
#6545=CARTESIAN_POINT('',(11.0568349828682,4.05,-7.16962659515152));
#6546=CARTESIAN_POINT('',(11.084534952813,4.05,-7.14187921451578));
#6547=CARTESIAN_POINT('',(11.1160556082674,4.05,-7.12777037690439));
#6548=CARTESIAN_POINT('',(11.2268554880464,4.05,-7.12777037690439));
#6549=CARTESIAN_POINT('',(11.3720415374121,4.05,-7.20913134046343));
#6550=CARTESIAN_POINT('',(11.587432683017,4.05,-7.37232356216855));
#6551=CARTESIAN_POINT('',(11.0568349828682,3.95,-7.16962659515152));
#6552=VECTOR('',#7483,1.0);
#6553=COLOUR_RGB('',0.117647059261799,0.117647059261799,0.117647059261799);
#6554=CARTESIAN_POINT('',(11.0563573971795,4.01,-7.36103649207943));
#6555=CARTESIAN_POINT('',(11.0563573971795,4.01,-7.36103649207943));
#6556=CARTESIAN_POINT('',(11.0835797814356,4.01,-7.38078886473538));
#6557=CARTESIAN_POINT('',(11.1313977846347,4.01,-7.40699596352511));
#6558=CARTESIAN_POINT('',(11.2001106894791,4.01,-7.4386350989421));
#6559=CARTESIAN_POINT('',(11.3032691982389,4.01,-7.48613485223379));
#6560=CARTESIAN_POINT('',(11.3849363510071,4.01,-7.53645637304776));
#6561=CARTESIAN_POINT('',(11.4465449048498,4.01,-7.58912936679697));
#6562=CARTESIAN_POINT('',(11.5081534586924,4.01,-7.64180236054617));
#6563=CARTESIAN_POINT('',(11.5625982272045,4.01,-7.70058918392697));
#6564=CARTESIAN_POINT('',(11.6103567960747,4.01,-7.76596013152643));
#6565=CARTESIAN_POINT('',(11.658115364945,4.01,-7.83133107912589));
#6566=CARTESIAN_POINT('',(11.6891584347107,4.01,-7.87130611902484));
#6567=CARTESIAN_POINT('',(11.7034860053718,4.01,-7.88635554581033));
#6568=CARTESIAN_POINT('',(11.7178135760329,4.01,-7.90140497259581));
#6569=CARTESIAN_POINT('',(11.745035960289,4.01,-7.90892968598856));
#6570=CARTESIAN_POINT('',(11.78515315814,4.01,-7.90892968598856));
#6571=CARTESIAN_POINT('',(11.830046212878,4.01,-7.90892968598856));
#6572=CARTESIAN_POINT('',(11.8665710713739,4.01,-7.89171110214457));
#6573=CARTESIAN_POINT('',(11.8935651094755,4.01,-7.85766757600049));
#6574=CARTESIAN_POINT('',(11.9207874937316,4.01,-7.8233360711461));
#6575=CARTESIAN_POINT('',(11.9341598930153,4.01,-7.77583631785441));
#6576=CARTESIAN_POINT('',(11.9341598930153,4.01,-7.71563861071246));
#6577=CARTESIAN_POINT('',(11.9341598930153,4.01,-7.23703548596152));
#6578=CARTESIAN_POINT('',(11.9341598930153,4.01,-6.75843236121057));
#6579=CARTESIAN_POINT('',(11.9341598930153,4.01,-6.27982923645962));
#6580=CARTESIAN_POINT('',(11.9341598930153,4.01,-6.11193406888404));
#6581=CARTESIAN_POINT('',(11.8758944389935,4.01,-6.02775133780272));
#6582=CARTESIAN_POINT('',(11.75936353095,4.01,-6.02775133780272));
#6583=CARTESIAN_POINT('',(11.7077842765701,4.01,-6.02775133780272));
#6584=CARTESIAN_POINT('',(11.666234321653,4.01,-6.04468194293639));
#6585=CARTESIAN_POINT('',(11.6347136661986,4.01,-6.07901344779079));
#6586=CARTESIAN_POINT('',(11.6031930107442,4.01,-6.11334495264518));
#6587=CARTESIAN_POINT('',(11.587432683017,4.01,-6.16413676804619));
#6588=CARTESIAN_POINT('',(11.587432683017,4.01,-6.23091859940679));
#6589=CARTESIAN_POINT('',(11.587432683017,4.01,-6.61138692032738));
#6590=CARTESIAN_POINT('',(11.587432683017,4.01,-6.99185524124796));
#6591=CARTESIAN_POINT('',(11.587432683017,4.01,-7.37232356216855));
#6592=CARTESIAN_POINT('',(11.0563573971795,4.05,-7.36103649207943));
#6593=CARTESIAN_POINT('',(11.0563573971795,3.95,-7.36103649207943));
#6594=VECTOR('',#7484,1.0);
#6595=CARTESIAN_POINT('',(11.587432683017,4.05,-7.37232356216855));
#6596=CARTESIAN_POINT('',(11.587432683017,4.05,-6.99185524124796));
#6597=CARTESIAN_POINT('',(11.587432683017,4.05,-6.61138692032738));
#6598=CARTESIAN_POINT('',(11.587432683017,4.05,-6.16413676804619));
#6599=CARTESIAN_POINT('',(11.6031930107442,4.05,-6.11334495264518));
#6600=CARTESIAN_POINT('',(11.666234321653,4.05,-6.04468194293639));
#6601=CARTESIAN_POINT('',(11.7077842765701,4.05,-6.02775133780272));
#6602=CARTESIAN_POINT('',(11.8758944389935,4.05,-6.02775133780272));
#6603=CARTESIAN_POINT('',(11.9341598930153,4.05,-6.11193406888404));
#6604=CARTESIAN_POINT('',(11.9341598930153,4.05,-6.75843236121057));
#6605=CARTESIAN_POINT('',(11.9341598930153,4.05,-7.23703548596152));
#6606=CARTESIAN_POINT('',(11.9341598930153,4.05,-7.77583631785441));
#6607=CARTESIAN_POINT('',(11.9207874937316,4.05,-7.8233360711461));
#6608=CARTESIAN_POINT('',(11.8665710713739,4.05,-7.89171110214457));
#6609=CARTESIAN_POINT('',(11.830046212878,4.05,-7.90892968598856));
#6610=CARTESIAN_POINT('',(11.745035960289,4.05,-7.90892968598856));
#6611=CARTESIAN_POINT('',(11.7178135760329,4.05,-7.90140497259581));
#6612=CARTESIAN_POINT('',(11.6891584347107,4.05,-7.87130611902484));
#6613=CARTESIAN_POINT('',(11.658115364945,4.05,-7.83133107912589));
#6614=CARTESIAN_POINT('',(11.5625982272045,4.05,-7.70058918392697));
#6615=CARTESIAN_POINT('',(11.5081534586924,4.05,-7.64180236054617));
#6616=CARTESIAN_POINT('',(11.3849363510071,4.05,-7.53645637304776));
#6617=CARTESIAN_POINT('',(11.3032691982389,4.05,-7.48613485223379));
#6618=CARTESIAN_POINT('',(11.1313977846347,4.05,-7.40699596352511));
#6619=CARTESIAN_POINT('',(11.0835797814356,4.05,-7.38078886473538));
#6620=CARTESIAN_POINT('',(11.0563573971795,4.05,-7.36103649207943));
#6621=COLOUR_RGB('',0.117647059261799,0.117647059261799,0.117647059261799);
#6622=CARTESIAN_POINT('',(11.0568349828682,4.01,-7.16962659515152));
#6623=CARTESIAN_POINT('',(11.0296125986122,4.01,-7.19784427037431));
#6624=CARTESIAN_POINT('',(11.0157626136398,4.01,-7.23029459688052));
#6625=CARTESIAN_POINT('',(11.0157626136398,4.01,-7.26697757467014));
#6626=CARTESIAN_POINT('',(11.0157626136398,4.01,-7.30930408750432));
#6627=CARTESIAN_POINT('',(11.0291350129235,4.01,-7.34081382483643));
#6628=CARTESIAN_POINT('',(11.0563573971795,4.01,-7.36103649207943));
#6629=CARTESIAN_POINT('',(11.0563573971795,4.05,-7.36103649207943));
#6630=CARTESIAN_POINT('',(11.0291350129235,4.05,-7.34081382483643));
#6631=CARTESIAN_POINT('',(11.0157626136398,4.05,-7.30930408750432));
#6632=CARTESIAN_POINT('',(11.0157626136398,4.05,-7.23029459688052));
#6633=CARTESIAN_POINT('',(11.0296125986122,4.05,-7.19784427037431));
#6634=CARTESIAN_POINT('',(11.0568349828682,4.05,-7.16962659515152));
#6635=COLOUR_RGB('',0.117647059261799,0.117647059261799,0.117647059261799);
#6636=COLOUR_RGB('',0.117647059261799,0.117647059261799,0.117647059261799);
#6637=CARTESIAN_POINT('',(14.4682295572722,4.01,-7.51011987617316));
#6638=CARTESIAN_POINT('',(14.3579072631819,4.01,-7.27826464475925));
#6639=CARTESIAN_POINT('',(14.4682295572722,4.01,-7.51011987617316));
#6640=CARTESIAN_POINT('',(14.4596330148756,4.01,-7.49742192232291));
#6641=CARTESIAN_POINT('',(14.4450267869861,4.01,-7.46365898060988));
#6642=CARTESIAN_POINT('',(14.4252468452889,4.01,-7.40712536160999));
#6643=CARTESIAN_POINT('',(14.4056658320521,4.01,-7.35116030575146));
#6644=CARTESIAN_POINT('',(14.3832193046831,4.01,-7.30836349833023));
#6645=CARTESIAN_POINT('',(14.3579072631819,4.01,-7.27826464475925));
#6646=CARTESIAN_POINT('',(14.4682295572722,4.05,-7.51011987617316));
#6647=CARTESIAN_POINT('',(14.4682295572722,3.95,-7.51011987617316));
#6648=VECTOR('',#7485,1.0);
#6649=CARTESIAN_POINT('',(14.3579072631819,4.05,-7.27826464475925));
#6650=CARTESIAN_POINT('',(14.3579072631819,4.05,-7.27826464475925));
#6651=CARTESIAN_POINT('',(14.3832193046831,4.05,-7.30836349833023));
#6652=CARTESIAN_POINT('',(14.4056658320521,4.05,-7.35116030575146));
#6653=CARTESIAN_POINT('',(14.4450267869861,4.05,-7.46365898060988));
#6654=CARTESIAN_POINT('',(14.4596330148756,4.05,-7.49742192232291));
#6655=CARTESIAN_POINT('',(14.4682295572722,4.05,-7.51011987617316));
#6656=CARTESIAN_POINT('',(14.3579072631819,3.95,-7.27826464475925));
#6657=VECTOR('',#7486,1.0);
#6658=COLOUR_RGB('',0.117647059261799,0.117647059261799,0.117647059261799);
#6659=CARTESIAN_POINT('',(14.7051120588688,4.01,-6.92930606117078));
#6660=CARTESIAN_POINT('',(14.7051120588688,4.01,-6.92930606117078));
#6661=CARTESIAN_POINT('',(14.7743619837307,4.01,-6.97774640363657));
#6662=CARTESIAN_POINT('',(14.8326274377524,4.01,-7.0266570406894));
#6663=CARTESIAN_POINT('',(14.8789532495566,4.01,-7.07556767774223));
#6664=CARTESIAN_POINT('',(14.9252790613608,4.01,-7.12447831479506));
#6665=CARTESIAN_POINT('',(14.9601428166361,4.01,-7.17479983560904));
#6666=CARTESIAN_POINT('',(14.9844996867599,4.01,-7.2260619455971));
#6667=CARTESIAN_POINT('',(15.0088565568838,4.01,-7.27732405558516));
#6668=CARTESIAN_POINT('',(15.0207961991013,4.01,-7.32811587098618));
#6669=CARTESIAN_POINT('',(15.0207961991013,4.01,-7.37749680262606));
#6670=CARTESIAN_POINT('',(15.0207961991013,4.01,-7.43064009096231));
#6671=CARTESIAN_POINT('',(15.0082470572582,4.01,-7.4788227025785));
#6672=CARTESIAN_POINT('',(14.9821117583164,4.01,-7.52093665167523));
#6673=CARTESIAN_POINT('',(14.9558445454377,4.01,-7.56326316450941));
#6674=CARTESIAN_POINT('',(14.9208766684615,4.01,-7.59551576925827));
#6675=CARTESIAN_POINT('',(14.8760877354244,4.01,-7.61922822036794));
#6676=CARTESIAN_POINT('',(14.831672266375,4.01,-7.64274294972026));
#6677=CARTESIAN_POINT('',(14.7829585261273,4.01,-7.65450031439642));
#6678=CARTESIAN_POINT('',(14.73042410037,4.01,-7.65450031439642));
#6679=CARTESIAN_POINT('',(14.6191466349023,4.01,-7.65450031439642));
#6680=CARTESIAN_POINT('',(14.5317484538697,4.01,-7.60653026651768));
#6681=CARTESIAN_POINT('',(14.4682295572722,4.01,-7.51011987617316));
#6682=CARTESIAN_POINT('',(14.7051120588688,4.05,-6.92930606117078));
#6683=CARTESIAN_POINT('',(14.7051120588688,3.95,-6.92930606117078));
#6684=VECTOR('',#7487,1.0);
#6685=CARTESIAN_POINT('',(14.4682295572722,4.05,-7.51011987617316));
#6686=CARTESIAN_POINT('',(14.5317484538697,4.05,-7.60653026651768));
#6687=CARTESIAN_POINT('',(14.6191466349023,4.05,-7.65450031439642));
#6688=CARTESIAN_POINT('',(14.7829585261273,4.05,-7.65450031439642));
#6689=CARTESIAN_POINT('',(14.831672266375,4.05,-7.64274294972026));
#6690=CARTESIAN_POINT('',(14.9208766684615,4.05,-7.59551576925827));
#6691=CARTESIAN_POINT('',(14.9558445454377,4.05,-7.56326316450941));
#6692=CARTESIAN_POINT('',(15.0082470572582,4.05,-7.4788227025785));
#6693=CARTESIAN_POINT('',(15.0207961991013,4.05,-7.43064009096231));
#6694=CARTESIAN_POINT('',(15.0207961991013,4.05,-7.32811587098618));
#6695=CARTESIAN_POINT('',(15.0088565568838,4.05,-7.27732405558516));
#6696=CARTESIAN_POINT('',(14.9601428166361,4.05,-7.17479983560904));
#6697=CARTESIAN_POINT('',(14.9252790613608,4.05,-7.12447831479506));
#6698=CARTESIAN_POINT('',(14.8326274377524,4.05,-7.0266570406894));
#6699=CARTESIAN_POINT('',(14.7743619837307,4.05,-6.97774640363657));
#6700=CARTESIAN_POINT('',(14.7051120588688,4.05,-6.92930606117078));
#6701=COLOUR_RGB('',0.117647059261799,0.117647059261799,0.117647059261799);
#6702=CARTESIAN_POINT('',(15.1979804896101,4.01,-6.35507637038706));
#6703=CARTESIAN_POINT('',(15.1979804896101,4.01,-6.35507637038706));
#6704=CARTESIAN_POINT('',(15.2643649003397,4.01,-6.35507637038706));
#6705=CARTESIAN_POINT('',(15.3147373915874,4.01,-6.3417343548897));
#6706=CARTESIAN_POINT('',(15.3493751529288,4.01,-6.31510133048811));
#6707=CARTESIAN_POINT('',(15.3842389082041,4.01,-6.28829453902646));
#6708=CARTESIAN_POINT('',(15.4019095786861,4.01,-6.25161156123684));
#6709=CARTESIAN_POINT('',(15.4019095786861,4.01,-6.20599298629333));
#6710=CARTESIAN_POINT('',(15.4019095786861,4.01,-6.16507735722029));
#6711=CARTESIAN_POINT('',(15.38782552808,4.01,-6.13050343810164));
#6712=CARTESIAN_POINT('',(15.360359623769,4.01,-6.10205788255606));
#6713=CARTESIAN_POINT('',(15.3326596538242,4.01,-6.07336991274623));
#6714=CARTESIAN_POINT('',(15.2911096989071,4.01,-6.05926107513483));
#6715=CARTESIAN_POINT('',(15.2347545876402,4.01,-6.05926107513483));
#6716=CARTESIAN_POINT('',(14.922254351999,4.01,-6.05926107513483));
#6717=CARTESIAN_POINT('',(14.6097541163578,4.01,-6.05926107513483));
#6718=CARTESIAN_POINT('',(14.2972538807166,4.01,-6.05926107513483));
#6719=CARTESIAN_POINT('',(14.2337349841191,4.01,-6.05926107513483));
#6720=CARTESIAN_POINT('',(14.1840692489746,4.01,-6.07666524447136));
#6721=CARTESIAN_POINT('',(14.1482471458413,4.01,-6.11146377429699));
#6722=CARTESIAN_POINT('',(14.1129058048773,4.01,-6.14579527915138));
#6723=CARTESIAN_POINT('',(14.0947575487066,4.01,-6.18671090822442));
#6724=CARTESIAN_POINT('',(14.0947575487066,4.01,-6.23327007234202));
#6725=CARTESIAN_POINT('',(14.0947575487066,4.01,-6.263368925913));
#6726=CARTESIAN_POINT('',(14.1062196052355,4.01,-6.30334396581195));
#6727=CARTESIAN_POINT('',(14.1291437182933,4.01,-6.35319519203887));
#6728=CARTESIAN_POINT('',(14.152067831351,4.01,-6.4030464182658));
#6729=CARTESIAN_POINT('',(14.1772420906354,4.01,-6.44221444390486));
#6730=CARTESIAN_POINT('',(14.2046022571082,4.01,-6.47029854421344));
#6731=CARTESIAN_POINT('',(14.3173124796421,4.01,-6.58599101262687));
#6732=CARTESIAN_POINT('',(14.4195158170245,4.01,-6.68475287590663));
#6733=CARTESIAN_POINT('',(14.510257097878,4.01,-6.76705442863976));
#6734=CARTESIAN_POINT('',(14.6009983787316,4.01,-6.84935598137288));
#6735=CARTESIAN_POINT('',(14.6659500323952,4.01,-6.90343985888323));
#6736=CARTESIAN_POINT('',(14.7051120588688,4.01,-6.92930606117078));
#6737=CARTESIAN_POINT('',(15.1979804896101,4.05,-6.35507637038706));
#6738=CARTESIAN_POINT('',(15.1979804896101,3.95,-6.35507637038706));
#6739=VECTOR('',#7488,1.0);
#6740=CARTESIAN_POINT('',(14.7051120588688,4.05,-6.92930606117078));
#6741=CARTESIAN_POINT('',(14.6659500323952,4.05,-6.90343985888323));
#6742=CARTESIAN_POINT('',(14.6009983787316,4.05,-6.84935598137288));
#6743=CARTESIAN_POINT('',(14.4195158170245,4.05,-6.68475287590663));
#6744=CARTESIAN_POINT('',(14.3173124796421,4.05,-6.58599101262687));
#6745=CARTESIAN_POINT('',(14.1772420906354,4.05,-6.44221444390486));
#6746=CARTESIAN_POINT('',(14.152067831351,4.05,-6.4030464182658));
#6747=CARTESIAN_POINT('',(14.1062196052355,4.05,-6.30334396581195));
#6748=CARTESIAN_POINT('',(14.0947575487066,4.05,-6.263368925913));
#6749=CARTESIAN_POINT('',(14.0947575487066,4.05,-6.18671090822442));
#6750=CARTESIAN_POINT('',(14.1129058048773,4.05,-6.14579527915138));
#6751=CARTESIAN_POINT('',(14.1840692489746,4.05,-6.07666524447136));
#6752=CARTESIAN_POINT('',(14.2337349841191,4.05,-6.05926107513483));
#6753=CARTESIAN_POINT('',(14.6097541163578,4.05,-6.05926107513483));
#6754=CARTESIAN_POINT('',(14.922254351999,4.05,-6.05926107513483));
#6755=CARTESIAN_POINT('',(15.2911096989071,4.05,-6.05926107513483));
#6756=CARTESIAN_POINT('',(15.3326596538242,4.05,-6.07336991274623));
#6757=CARTESIAN_POINT('',(15.38782552808,4.05,-6.13050343810164));
#6758=CARTESIAN_POINT('',(15.4019095786861,4.05,-6.16507735722029));
#6759=CARTESIAN_POINT('',(15.4019095786861,4.05,-6.25161156123684));
#6760=CARTESIAN_POINT('',(15.3842389082041,4.05,-6.28829453902646));
#6761=CARTESIAN_POINT('',(15.3147373915874,4.05,-6.3417343548897));
#6762=CARTESIAN_POINT('',(15.2643649003397,4.05,-6.35507637038706));
#6763=CARTESIAN_POINT('',(15.1979804896101,4.05,-6.35507637038706));
#6764=COLOUR_RGB('',0.117647059261799,0.117647059261799,0.117647059261799);
#6765=CARTESIAN_POINT('',(14.5331812109358,4.01,-6.35507637038706));
#6766=CARTESIAN_POINT('',(13.8489902448051,4.01,-6.35507637038706));
#6767=VECTOR('',#7489,10.0);
#6768=CARTESIAN_POINT('',(14.5331812109358,4.05,-6.35507637038706));
#6769=CARTESIAN_POINT('',(14.5331812109358,3.95,-6.35507637038706));
#6770=VECTOR('',#7490,1.0);
#6771=CARTESIAN_POINT('',(15.1979804896101,4.05,-6.35507637038706));
#6772=VECTOR('',#7491,10.0);
#6773=COLOUR_RGB('',0.117647059261799,0.117647059261799,0.117647059261799);
#6774=CARTESIAN_POINT('',(14.5957449361558,4.01,-6.43643733394609));
#6775=CARTESIAN_POINT('',(14.5957449361558,4.01,-6.43643733394609));
#6776=CARTESIAN_POINT('',(14.5752087515416,4.01,-6.41386319376786));
#6777=CARTESIAN_POINT('',(14.5546725669274,4.01,-6.38658610771917));
#6778=CARTESIAN_POINT('',(14.5331812109358,4.01,-6.35507637038706));
#6779=CARTESIAN_POINT('',(14.5957449361558,4.05,-6.43643733394609));
#6780=CARTESIAN_POINT('',(14.5957449361558,3.95,-6.43643733394609));
#6781=VECTOR('',#7492,1.0);
#6782=CARTESIAN_POINT('',(14.5331812109358,4.05,-6.35507637038706));
#6783=CARTESIAN_POINT('',(14.5546725669274,4.05,-6.38658610771917));
#6784=CARTESIAN_POINT('',(14.5752087515416,4.05,-6.41386319376786));
#6785=CARTESIAN_POINT('',(14.5957449361558,4.05,-6.43643733394609));
#6786=COLOUR_RGB('',0.117647059261799,0.117647059261799,0.117647059261799);
#6787=CARTESIAN_POINT('',(15.0704651107264,4.01,-7.84873197884661));
#6788=CARTESIAN_POINT('',(15.0704651107264,4.01,-7.84873197884661));
#6789=CARTESIAN_POINT('',(15.1301633218143,4.01,-7.82192518738496));
#6790=CARTESIAN_POINT('',(15.181984601816,4.01,-7.78501621738149));
#6791=CARTESIAN_POINT('',(15.2271132166209,4.01,-7.73821275089069));
#6792=CARTESIAN_POINT('',(15.272006271359,4.01,-7.69165358677309));
#6793=CARTESIAN_POINT('',(15.3069384420144,4.01,-7.6374031887091));
#6794=CARTESIAN_POINT('',(15.3321820681355,4.01,-7.57596111835966));
#6795=CARTESIAN_POINT('',(15.3574941096368,4.01,-7.51435252745658));
#6796=CARTESIAN_POINT('',(15.3699113375431,4.01,-7.45086275820531));
#6797=CARTESIAN_POINT('',(15.3699113375431,4.01,-7.38455122143176));
#6798=CARTESIAN_POINT('',(15.3699113375431,4.01,-7.28108641228153));
#6799=CARTESIAN_POINT('',(15.3434349601196,4.01,-7.18668546910752));
#6800=CARTESIAN_POINT('',(15.2915872845958,4.01,-7.10190417461683));
#6801=CARTESIAN_POINT('',(15.2395304445272,4.01,-7.01678085436142));
#6802=CARTESIAN_POINT('',(15.1858305732597,4.01,-6.95070692398984));
#6803=CARTESIAN_POINT('',(15.1315960788804,4.01,-6.90249926970914));
#6804=CARTESIAN_POINT('',(15.077628896057,4.01,-6.8545292218304));
#6805=CARTESIAN_POINT('',(14.9859926390602,4.01,-6.77933070775557));
#6806=CARTESIAN_POINT('',(14.8584170649423,4.01,-6.67628757333978));
#6807=CARTESIAN_POINT('',(14.7309016860587,4.01,-6.57329305877661));
#6808=CARTESIAN_POINT('',(14.6430259193374,4.01,-6.49334297897872));
#6809=CARTESIAN_POINT('',(14.5957449361558,4.01,-6.43643733394609));
#6810=CARTESIAN_POINT('',(15.0704651107264,4.05,-7.84873197884661));
#6811=CARTESIAN_POINT('',(15.0704651107264,3.95,-7.84873197884661));
#6812=VECTOR('',#7493,1.0);
#6813=CARTESIAN_POINT('',(14.5957449361558,4.05,-6.43643733394609));
#6814=CARTESIAN_POINT('',(14.6430259193374,4.05,-6.49334297897872));
#6815=CARTESIAN_POINT('',(14.7309016860587,4.05,-6.57329305877661));
#6816=CARTESIAN_POINT('',(14.9859926390602,4.05,-6.77933070775557));
#6817=CARTESIAN_POINT('',(15.077628896057,4.05,-6.8545292218304));
#6818=CARTESIAN_POINT('',(15.1858305732597,4.05,-6.95070692398984));
#6819=CARTESIAN_POINT('',(15.2395304445272,4.05,-7.01678085436142));
#6820=CARTESIAN_POINT('',(15.3434349601196,4.05,-7.18668546910752));
#6821=CARTESIAN_POINT('',(15.3699113375431,4.05,-7.28108641228153));
#6822=CARTESIAN_POINT('',(15.3699113375431,4.05,-7.45086275820531));
#6823=CARTESIAN_POINT('',(15.3574941096368,4.05,-7.51435252745658));
#6824=CARTESIAN_POINT('',(15.3069384420144,4.05,-7.6374031887091));
#6825=CARTESIAN_POINT('',(15.272006271359,4.05,-7.69165358677309));
#6826=CARTESIAN_POINT('',(15.181984601816,4.05,-7.78501621738149));
#6827=CARTESIAN_POINT('',(15.1301633218143,4.05,-7.82192518738496));
#6828=CARTESIAN_POINT('',(15.0704651107264,4.05,-7.84873197884661));
#6829=COLOUR_RGB('',0.117647059261799,0.117647059261799,0.117647059261799);
#6830=CARTESIAN_POINT('',(14.3579072631819,4.01,-7.27826464475925));
#6831=CARTESIAN_POINT('',(14.3330728073693,4.01,-7.24816579118828));
#6832=CARTESIAN_POINT('',(14.2962987093392,4.01,-7.23311636440279));
#6833=CARTESIAN_POINT('',(14.2475849690915,4.01,-7.23311636440279));
#6834=CARTESIAN_POINT('',(14.2055574284857,4.01,-7.23311636440279));
#6835=CARTESIAN_POINT('',(14.1702160875217,4.01,-7.24675490742714));
#6836=CARTESIAN_POINT('',(14.1420385318882,4.01,-7.27450228806288));
#6837=CARTESIAN_POINT('',(14.1143385619434,4.01,-7.30177937411158));
#6838=CARTESIAN_POINT('',(14.1000109912824,4.01,-7.33940294107529));
#6839=CARTESIAN_POINT('',(14.1000109912824,4.01,-7.38737298895403));
#6840=CARTESIAN_POINT('',(14.1000109912824,4.01,-7.4447489285737));
#6841=CARTESIAN_POINT('',(14.1132154067098,4.01,-7.50501691631866));
#6842=CARTESIAN_POINT('',(14.1396506034447,4.01,-7.56796611037987));
#6843=CARTESIAN_POINT('',(14.1659178163233,4.01,-7.63051529045705));
#6844=CARTESIAN_POINT('',(14.2050819798113,4.01,-7.68741874534292));
#6845=CARTESIAN_POINT('',(14.2571366828656,4.01,-7.7382127508907));
#6846=CARTESIAN_POINT('',(14.3096711086229,4.01,-7.78947486087876));
#6847=CARTESIAN_POINT('',(14.3755779336639,4.01,-7.8303904899518));
#6848=CARTESIAN_POINT('',(14.455812329366,4.01,-7.86190022728391));
#6849=CARTESIAN_POINT('',(14.536046725068,4.01,-7.89340996461602));
#6850=CARTESIAN_POINT('',(14.6301311057424,4.01,-7.90892968598856));
#6851=CARTESIAN_POINT('',(14.7380654713892,4.01,-7.90892968598856));
#6852=CARTESIAN_POINT('',(14.8679687787164,4.01,-7.90892968598856));
#6853=CARTESIAN_POINT('',(14.9787686584955,4.01,-7.88870701874556));
#6854=CARTESIAN_POINT('',(15.0704651107264,4.01,-7.84873197884661));
#6855=CARTESIAN_POINT('',(15.0704651107264,4.05,-7.84873197884661));
#6856=CARTESIAN_POINT('',(14.9787686584955,4.05,-7.88870701874556));
#6857=CARTESIAN_POINT('',(14.8679687787164,4.05,-7.90892968598856));
#6858=CARTESIAN_POINT('',(14.6301311057424,4.05,-7.90892968598856));
#6859=CARTESIAN_POINT('',(14.536046725068,4.05,-7.89340996461602));
#6860=CARTESIAN_POINT('',(14.3755779336639,4.05,-7.8303904899518));
#6861=CARTESIAN_POINT('',(14.3096711086229,4.05,-7.78947486087876));
#6862=CARTESIAN_POINT('',(14.2050819798113,4.05,-7.68741874534292));
#6863=CARTESIAN_POINT('',(14.1659178163233,4.05,-7.63051529045705));
#6864=CARTESIAN_POINT('',(14.1132154067098,4.05,-7.50501691631866));
#6865=CARTESIAN_POINT('',(14.1000109912824,4.05,-7.4447489285737));
#6866=CARTESIAN_POINT('',(14.1000109912824,4.05,-7.33940294107529));
#6867=CARTESIAN_POINT('',(14.1143385619434,4.05,-7.30177937411158));
#6868=CARTESIAN_POINT('',(14.1702160875217,4.05,-7.24675490742714));
#6869=CARTESIAN_POINT('',(14.2055574284857,4.05,-7.23311636440279));
#6870=CARTESIAN_POINT('',(14.2962987093392,4.05,-7.23311636440279));
#6871=CARTESIAN_POINT('',(14.3330728073693,4.05,-7.24816579118828));
#6872=CARTESIAN_POINT('',(14.3579072631819,4.05,-7.27826464475925));
#6873=COLOUR_RGB('',0.117647059261799,0.117647059261799,0.117647059261799);
#6874=COLOUR_RGB('',0.117647059261799,0.117647059261799,0.117647059261799);
#6875=CARTESIAN_POINT('',(14.1565420432213,4.01,-9.58411336543338));
#6876=CARTESIAN_POINT('',(14.1565420432213,4.01,-9.16173183379723));
#6877=CARTESIAN_POINT('',(14.1565420432213,4.01,-10.8308659168986));
#6878=VECTOR('',#7494,10.0);
#6879=CARTESIAN_POINT('',(14.1565420432213,4.05,-9.58411336543338));
#6880=CARTESIAN_POINT('',(14.1565420432213,3.95,-9.58411336543338));
#6881=VECTOR('',#7495,1.0);
#6882=CARTESIAN_POINT('',(14.1565420432213,4.05,-9.16173183379723));
#6883=CARTESIAN_POINT('',(14.1565420432213,4.05,-9.16173183379723));
#6884=VECTOR('',#7496,10.0);
#6885=CARTESIAN_POINT('',(14.1565420432213,3.95,-9.16173183379723));
#6886=VECTOR('',#7497,1.0);
#6887=COLOUR_RGB('',0.117647059261799,0.117647059261799,0.117647059261799);
#6888=CARTESIAN_POINT('',(14.8822944611018,4.01,-9.58411336543338));
#6889=CARTESIAN_POINT('',(13.3282710216107,4.01,-9.58411336543338));
#6890=VECTOR('',#7498,10.0);
#6891=CARTESIAN_POINT('',(14.8822944611018,4.05,-9.58411336543338));
#6892=CARTESIAN_POINT('',(14.8822944611018,3.95,-9.58411336543338));
#6893=VECTOR('',#7499,1.0);
#6894=CARTESIAN_POINT('',(14.1565420432213,4.05,-9.58411336543338));
#6895=VECTOR('',#7500,10.0);
#6896=COLOUR_RGB('',0.117647059261799,0.117647059261799,0.117647059261799);
#6897=CARTESIAN_POINT('',(14.8822944611018,4.01,-9.94805216942176));
#6898=CARTESIAN_POINT('',(14.8822944611018,4.01,-11.0420566827167));
#6899=VECTOR('',#7501,10.0);
#6900=CARTESIAN_POINT('',(14.8822944611018,4.05,-9.94805216942176));
#6901=CARTESIAN_POINT('',(14.8822944611018,3.95,-9.94805216942176));
#6902=VECTOR('',#7502,1.0);
#6903=CARTESIAN_POINT('',(14.8822944611018,4.05,-9.58411336543338));
#6904=VECTOR('',#7503,10.0);
#6905=COLOUR_RGB('',0.117647059261799,0.117647059261799,0.117647059261799);
#6906=CARTESIAN_POINT('',(14.1565420432213,4.01,-9.94805216942176));
#6907=CARTESIAN_POINT('',(13.6911472305509,4.01,-9.94805216942176));
#6908=VECTOR('',#7504,10.0);
#6909=CARTESIAN_POINT('',(14.1565420432213,4.05,-9.94805216942176));
#6910=CARTESIAN_POINT('',(14.1565420432213,3.95,-9.94805216942176));
#6911=VECTOR('',#7505,1.0);
#6912=CARTESIAN_POINT('',(14.8822944611018,4.05,-9.94805216942176));
#6913=VECTOR('',#7506,10.0);
#6914=COLOUR_RGB('',0.117647059261799,0.117647059261799,0.117647059261799);
#6915=CARTESIAN_POINT('',(14.1565420432213,4.01,-10.3444001223785));
#6916=CARTESIAN_POINT('',(14.1565420432213,4.01,-11.2240260847109));
#6917=VECTOR('',#7507,10.0);
#6918=CARTESIAN_POINT('',(14.1565420432213,4.05,-10.3444001223785));
#6919=CARTESIAN_POINT('',(14.1565420432213,3.95,-10.3444001223785));
#6920=VECTOR('',#7508,1.0);
#6921=CARTESIAN_POINT('',(14.1565420432213,4.05,-9.94805216942176));
#6922=VECTOR('',#7509,10.0);
#6923=COLOUR_RGB('',0.117647059261799,0.117647059261799,0.117647059261799);
#6924=CARTESIAN_POINT('',(15.0788745450079,4.01,-10.3444001223785));
#6925=CARTESIAN_POINT('',(13.3282710216107,4.01,-10.3444001223785));
#6926=VECTOR('',#7510,10.0);
#6927=CARTESIAN_POINT('',(15.0788745450079,4.05,-10.3444001223785));
#6928=CARTESIAN_POINT('',(15.0788745450079,3.95,-10.3444001223785));
#6929=VECTOR('',#7511,1.0);
#6930=CARTESIAN_POINT('',(14.1565420432213,4.05,-10.3444001223785));
#6931=VECTOR('',#7512,10.0);
#6932=COLOUR_RGB('',0.117647059261799,0.117647059261799,0.117647059261799);
#6933=CARTESIAN_POINT('',(15.0788745450079,4.01,-10.7131206040835));
#6934=CARTESIAN_POINT('',(15.0788745450079,4.01,-11.4222000611892));
#6935=VECTOR('',#7513,10.0);
#6936=CARTESIAN_POINT('',(15.0788745450079,4.05,-10.7131206040835));
#6937=CARTESIAN_POINT('',(15.0788745450079,3.95,-10.7131206040835));
#6938=VECTOR('',#7514,1.0);
#6939=CARTESIAN_POINT('',(15.0788745450079,4.05,-10.3444001223785));
#6940=VECTOR('',#7515,10.0);
#6941=COLOUR_RGB('',0.117647059261799,0.117647059261799,0.117647059261799);
#6942=CARTESIAN_POINT('',(13.6964383873761,4.01,-10.7131206040835));
#6943=CARTESIAN_POINT('',(13.7894372725039,4.01,-10.7131206040835));
#6944=VECTOR('',#7516,10.0);
#6945=CARTESIAN_POINT('',(13.6964383873761,4.05,-10.7131206040835));
#6946=CARTESIAN_POINT('',(13.6964383873761,3.95,-10.7131206040835));
#6947=VECTOR('',#7517,1.0);
#6948=CARTESIAN_POINT('',(15.0788745450079,4.05,-10.7131206040835));
#6949=VECTOR('',#7518,10.0);
#6950=COLOUR_RGB('',0.117647059261799,0.117647059261799,0.117647059261799);
#6951=CARTESIAN_POINT('',(13.6964383873761,4.01,-8.77919761646638));
#6952=CARTESIAN_POINT('',(13.6964383873761,4.01,-11.6065603020417));
#6953=VECTOR('',#7519,10.0);
#6954=CARTESIAN_POINT('',(13.6964383873761,4.05,-8.77919761646638));
#6955=CARTESIAN_POINT('',(13.6964383873761,3.95,-8.77919761646638));
#6956=VECTOR('',#7520,1.0);
#6957=CARTESIAN_POINT('',(13.6964383873761,4.05,-10.7131206040835));
#6958=VECTOR('',#7521,10.0);
#6959=COLOUR_RGB('',0.117647059261799,0.117647059261799,0.117647059261799);
#6960=CARTESIAN_POINT('',(15.0788745450079,4.01,-8.77919761646638));
#6961=CARTESIAN_POINT('',(13.098219193688,4.01,-8.77919761646638));
#6962=VECTOR('',#7522,10.0);
#6963=CARTESIAN_POINT('',(15.0788745450079,4.05,-8.77919761646638));
#6964=CARTESIAN_POINT('',(15.0788745450079,3.95,-8.77919761646638));
#6965=VECTOR('',#7523,1.0);
#6966=CARTESIAN_POINT('',(13.6964383873761,4.05,-8.77919761646638));
#6967=VECTOR('',#7524,10.0);
#6968=COLOUR_RGB('',0.117647059261799,0.117647059261799,0.117647059261799);
#6969=CARTESIAN_POINT('',(15.0788745450079,4.01,-9.16173183379723));
#6970=CARTESIAN_POINT('',(15.0788745450079,4.01,-10.6395988082332));
#6971=VECTOR('',#7525,10.0);
#6972=CARTESIAN_POINT('',(15.0788745450079,4.05,-9.16173183379723));
#6973=CARTESIAN_POINT('',(15.0788745450079,3.95,-9.16173183379723));
#6974=VECTOR('',#7526,1.0);
#6975=CARTESIAN_POINT('',(15.0788745450079,4.05,-8.77919761646638));
#6976=VECTOR('',#7527,10.0);
#6977=COLOUR_RGB('',0.117647059261799,0.117647059261799,0.117647059261799);
#6978=CARTESIAN_POINT('',(13.7894372725039,4.01,-9.16173183379723));
#6979=VECTOR('',#7528,10.0);
#6980=CARTESIAN_POINT('',(15.0788745450079,4.05,-9.16173183379723));
#6981=VECTOR('',#7529,10.0);
#6982=COLOUR_RGB('',0.117647059261799,0.117647059261799,0.117647059261799);
#6983=COLOUR_RGB('',0.117647059261799,0.117647059261799,0.117647059261799);
#6984=CARTESIAN_POINT('',(11.7364818210796,4.01,-10.4400336767112));
#6985=CARTESIAN_POINT('',(10.5049341602838,4.01,-9.04272118840541));
#6986=CARTESIAN_POINT('',(11.7364818210796,4.01,-10.4400336767112));
#6987=CARTESIAN_POINT('',(11.8740878798139,4.01,-10.2386719150884));
#6988=CARTESIAN_POINT('',(11.942625260419,4.01,-10.0080887896417));
#6989=CARTESIAN_POINT('',(11.942625260419,4.01,-9.74828430037119));
#6990=CARTESIAN_POINT('',(11.942625260419,4.01,-9.46775920766192));
#6991=CARTESIAN_POINT('',(11.871617237904,4.01,-9.23158542596516));
#6992=CARTESIAN_POINT('',(11.7301062507907,4.01,-9.03847080821285));
#6993=CARTESIAN_POINT('',(11.5887811093879,4.01,-8.84560980697521));
#6994=CARTESIAN_POINT('',(11.3815750750004,4.01,-8.74944495511843));
#6995=CARTESIAN_POINT('',(11.1095507426762,4.01,-8.74944495511843));
#6996=CARTESIAN_POINT('',(10.8492149558816,4.01,-8.74944495511843));
#6997=CARTESIAN_POINT('',(10.6473218967348,4.01,-8.84720369954742));
#6998=CARTESIAN_POINT('',(10.5049341602838,4.01,-9.04272118840541));
#6999=CARTESIAN_POINT('',(11.7364818210796,4.05,-10.4400336767112));
#7000=CARTESIAN_POINT('',(11.7364818210796,3.95,-10.4400336767112));
#7001=VECTOR('',#7530,1.0);
#7002=CARTESIAN_POINT('',(10.5049341602838,4.05,-9.04272118840541));
#7003=CARTESIAN_POINT('',(10.5049341602838,4.05,-9.04272118840541));
#7004=CARTESIAN_POINT('',(10.6473218967348,4.05,-8.84720369954742));
#7005=CARTESIAN_POINT('',(10.8492149558816,4.05,-8.74944495511843));
#7006=CARTESIAN_POINT('',(11.3815750750004,4.05,-8.74944495511843));
#7007=CARTESIAN_POINT('',(11.5887811093879,4.05,-8.84560980697521));
#7008=CARTESIAN_POINT('',(11.871617237904,4.05,-9.23158542596516));
#7009=CARTESIAN_POINT('',(11.942625260419,4.05,-9.46775920766192));
#7010=CARTESIAN_POINT('',(11.942625260419,4.05,-10.0080887896417));
#7011=CARTESIAN_POINT('',(11.8740878798139,4.05,-10.2386719150884));
#7012=CARTESIAN_POINT('',(11.7364818210796,4.05,-10.4400336767112));
#7013=CARTESIAN_POINT('',(10.5049341602838,3.95,-9.04272118840541));
#7014=VECTOR('',#7531,1.0);
#7015=COLOUR_RGB('',0.117647059261799,0.117647059261799,0.117647059261799);
#7016=CARTESIAN_POINT('',(10.7652699470784,4.01,-9.746690407799));
#7017=CARTESIAN_POINT('',(10.7652699470784,4.01,-9.32855925635541));
#7018=CARTESIAN_POINT('',(10.8842805924703,4.01,-9.11922803187158));
#7019=CARTESIAN_POINT('',(11.1223018832539,4.01,-9.11922803187158));
#7020=CARTESIAN_POINT('',(11.3528850087006,4.01,-9.11922803187158));
#7021=CARTESIAN_POINT('',(11.4681765714239,4.01,-9.32802795883134));
#7022=CARTESIAN_POINT('',(11.4681765714239,4.01,-9.74562781275084));
#7023=CARTESIAN_POINT('',(11.4681765714239,4.01,-9.74616767958981));
#7024=CARTESIAN_POINT('',(11.4681763792273,4.01,-9.74670719834917));
#7025=CARTESIAN_POINT('',(11.468175994834,4.01,-9.74724636902775));
#7026=CARTESIAN_POINT('',(11.468175994834,4.05,-9.74724636902775));
#7027=CARTESIAN_POINT('',(11.4681763792273,4.05,-9.74670719834916));
#7028=CARTESIAN_POINT('',(11.4681765714239,4.05,-9.74616767958981));
#7029=CARTESIAN_POINT('',(11.4681765714239,4.05,-9.32802795883134));
#7030=CARTESIAN_POINT('',(11.3528850087006,4.05,-9.11922803187158));
#7031=CARTESIAN_POINT('',(10.8842805924703,4.05,-9.11922803187158));
#7032=CARTESIAN_POINT('',(10.7652699470784,4.05,-9.32855925635541));
#7033=CARTESIAN_POINT('',(10.7652699470784,4.05,-9.746690407799));
#7034=COLOUR_RGB('',0.117647059261799,0.117647059261799,0.117647059261799);
#7035=CARTESIAN_POINT('',(10.5049341602838,4.01,-9.04272118840541));
#7036=CARTESIAN_POINT('',(10.3620151263088,4.01,-9.2382386772634));
#7037=CARTESIAN_POINT('',(10.2908212580834,4.01,-9.47466607547483));
#7038=CARTESIAN_POINT('',(10.2908212580834,4.01,-9.75253468056378));
#7039=CARTESIAN_POINT('',(10.2908212580834,4.01,-10.0346536658453));
#7040=CARTESIAN_POINT('',(10.363333898725,4.01,-10.2703537599755));
#7041=CARTESIAN_POINT('',(10.5075906479042,4.01,-10.4591603875777));
#7042=CARTESIAN_POINT('',(10.6521035744514,4.01,-10.6483023061469));
#7043=CARTESIAN_POINT('',(10.8582470137908,4.01,-10.7428732654314));
#7044=CARTESIAN_POINT('',(11.1254896683983,4.01,-10.7428732654314));
#7045=CARTESIAN_POINT('',(11.3953888106262,4.01,-10.7428732654314));
#7046=CARTESIAN_POINT('',(11.5987967693811,4.01,-10.6415110303549));
#7047=CARTESIAN_POINT('',(11.7364818210796,4.01,-10.4400336767112));
#7048=CARTESIAN_POINT('',(11.7364818210796,4.05,-10.4400336767112));
#7049=CARTESIAN_POINT('',(11.5987967693811,4.05,-10.6415110303549));
#7050=CARTESIAN_POINT('',(11.3953888106262,4.05,-10.7428732654314));
#7051=CARTESIAN_POINT('',(10.8582470137908,4.05,-10.7428732654314));
#7052=CARTESIAN_POINT('',(10.6521035744514,4.05,-10.6483023061469));
#7053=CARTESIAN_POINT('',(10.363333898725,4.05,-10.2703537599755));
#7054=CARTESIAN_POINT('',(10.2908212580834,4.05,-10.0346536658453));
#7055=CARTESIAN_POINT('',(10.2908212580834,4.05,-9.47466607547483));
#7056=CARTESIAN_POINT('',(10.3620151263088,4.05,-9.2382386772634));
#7057=CARTESIAN_POINT('',(10.5049341602838,4.05,-9.04272118840541));
#7058=COLOUR_RGB('',0.117647059261799,0.117647059261799,0.117647059261799);
#7059=COLOUR_RGB('',0.901960790157318,0.890196084976196,0.792156875133514);
#7060=COLOUR_RGB('',0.901960790157318,0.890196084976196,0.792156875133514);
#7061=COLOUR_RGB('',0.901960790157318,0.890196084976196,0.792156875133514);
#7062=CARTESIAN_POINT('',(22.5,4.01,-20.5));
#7063=CARTESIAN_POINT('',(20.5,4.01,-22.5));
#7064=CARTESIAN_POINT('',(20.5,4.01,-22.5));
#7065=VECTOR('',#7532,1.0);
#7066=CARTESIAN_POINT('',(2.5,4.01,-22.5));
#7067=CARTESIAN_POINT('',(12.5,4.01,-22.5));
#7068=VECTOR('',#7533,1.0);
#7069=CARTESIAN_POINT('',(2.5,4.01,-4.5));
#7070=CARTESIAN_POINT('',(2.5,4.01,-12.5));
#7071=VECTOR('',#7534,1.0);
#7072=CARTESIAN_POINT('',(4.5,4.01,-2.5));
#7073=CARTESIAN_POINT('',(4.5,4.01,-2.5));
#7074=VECTOR('',#7535,1.0);
#7075=CARTESIAN_POINT('',(22.5,4.01,-2.5));
#7076=CARTESIAN_POINT('',(12.5,4.01,-2.5));
#7077=VECTOR('',#7536,1.0);
#7078=CARTESIAN_POINT('',(22.5,4.01,-12.5));
#7079=VECTOR('',#7537,1.0);
#7080=AXIS2_PLACEMENT_3D('',#7538,#7539,#7540);
#7081=COLOUR_RGB('',0.901960790157318,0.890196084976196,0.792156875133514);
#7082=COLOUR_RGB('',0.901960790157318,0.890196084976196,0.792156875133514);
#7083=CARTESIAN_POINT('',(2.5,4.0,-22.5));
#7084=CARTESIAN_POINT('',(2.5,4.0,-22.5));
#7085=VECTOR('',#7541,1.0);
#7086=CARTESIAN_POINT('',(2.5,4.0,-4.5));
#7087=CARTESIAN_POINT('',(2.5,4.0,-8.5));
#7088=VECTOR('',#7542,10.0);
#7089=CARTESIAN_POINT('',(2.5,4.0,-4.5));
#7090=VECTOR('',#7543,1.0);
#7091=COLOUR_RGB('',0.901960790157318,0.890196084976196,0.792156875133514);
#7092=CARTESIAN_POINT('',(4.5,4.0,-2.5));
#7093=CARTESIAN_POINT('',(4.0,4.0,-3.0));
#7094=VECTOR('',#7544,10.0);
#7095=CARTESIAN_POINT('',(4.5,4.0,-2.5));
#7096=VECTOR('',#7545,1.0);
#7097=COLOUR_RGB('',0.901960790157318,0.890196084976196,0.792156875133514);
#7098=CARTESIAN_POINT('',(22.5,4.0,-2.5));
#7099=CARTESIAN_POINT('',(17.5,4.0,-2.5));
#7100=VECTOR('',#7546,10.0);
#7101=CARTESIAN_POINT('',(22.5,4.0,-2.5));
#7102=VECTOR('',#7547,1.0);
#7103=COLOUR_RGB('',0.901960790157318,0.890196084976196,0.792156875133514);
#7104=CARTESIAN_POINT('',(22.5,4.0,-20.5));
#7105=CARTESIAN_POINT('',(22.5,4.0,-16.5));
#7106=VECTOR('',#7548,10.0);
#7107=CARTESIAN_POINT('',(22.5,4.0,-20.5));
#7108=VECTOR('',#7549,1.0);
#7109=COLOUR_RGB('',0.901960790157318,0.890196084976196,0.792156875133514);
#7110=CARTESIAN_POINT('',(20.5,4.0,-22.5));
#7111=CARTESIAN_POINT('',(21.0,4.0,-22.0));
#7112=VECTOR('',#7550,10.0);
#7113=CARTESIAN_POINT('',(20.5,4.0,-22.5));
#7114=VECTOR('',#7551,1.0);
#7115=COLOUR_RGB('',0.901960790157318,0.890196084976196,0.792156875133514);
#7116=CARTESIAN_POINT('',(7.5,4.0,-22.5));
#7117=VECTOR('',#7552,10.0);
#7118=COLOUR_RGB('',0.596078455448151,0.596078455448151,0.596078455448151);
#7119=AXIS2_PLACEMENT_3D('',#7553,#7554,#7555);
#7120=COLOUR_RGB('',0.596078455448151,0.596078455448151,0.596078455448151);
#7121=COLOUR_RGB('',0.596078455448151,0.596078455448151,0.596078455448151);
#7122=AXIS2_PLACEMENT_3D('',#7556,#7557,#7558);
#7123=COLOUR_RGB('',0.596078455448151,0.596078455448151,0.596078455448151);
#7124=COLOUR_RGB('',0.847058832645416,0.372549027204514,0.254901975393295);
#7125=CARTESIAN_POINT('',(25.0,4.0,-22.5));
#7126=CARTESIAN_POINT('',(25.0,4.0,-12.5));
#7127=VECTOR('',#7559,1.0);
#7128=CARTESIAN_POINT('',(22.5,4.0,-25.0));
#7129=AXIS2_PLACEMENT_3D('',#7560,#7561,#7562);
#7130=CARTESIAN_POINT('',(2.5,4.0,-25.0));
#7131=CARTESIAN_POINT('',(12.5,4.0,-25.0));
#7132=VECTOR('',#7563,1.0);
#7133=AXIS2_PLACEMENT_3D('',#7564,#7565,#7566);
#7134=COLOUR_RGB('',0.847058832645416,0.372549027204514,0.254901975393295);
#7135=CARTESIAN_POINT('',(2.5,1.53080849893419E-15,-25.0));
#7136=VECTOR('',#7567,1.0);
#7137=CARTESIAN_POINT('',(22.5,1.53080849893419E-15,-25.0));
#7138=VECTOR('',#7568,1.0);
#7139=COLOUR_RGB('',0.847058832645416,0.372549027204514,0.254901975393295);
#7140=CARTESIAN_POINT('',(25.0,1.37772764904077E-15,-22.5));
#7141=VECTOR('',#7569,1.0);
#7142=COLOUR_RGB('',0.847058832645416,0.372549027204514,0.254901975393295);
#7143=COLOUR_RGB('',0.847058832645416,0.372549027204514,0.254901975393295);
#7144=COLOUR_RGB('',0.749019622802734,0.749019622802734,0.749019622802734);
#7145=DIRECTION('',(0.0,-1.0,-6.12323399573676E-17));
#7146=DIRECTION('',(0.0,-1.0,-6.12323399573676E-17));
#7147=DIRECTION('',(-0.707106781186547,-0.707106781186548,-4.32978028117747E-17));
#7148=CARTESIAN_POINT('',(12.5,4.7,-15.1));
#7149=DIRECTION('',(0.0,1.0,6.12323399573676E-17));
#7150=DIRECTION('',(-1.0,0.0,0.0));
#7151=DIRECTION('',(-0.707106781186548,0.707106781186548,-4.32978028117746E-17));
#7152=CARTESIAN_POINT('',(12.5,4.01,-15.1));
#7153=DIRECTION('',(0.0,1.0,6.12323399573676E-17));
#7154=DIRECTION('',(-1.0,0.0,0.0));
#7155=DIRECTION('',(-0.0,1.0,6.12323399573676E-17));
#7156=CARTESIAN_POINT('',(12.5,-4.5,-15.1));
#7157=DIRECTION('',(-0.0,-1.0,-6.12323399573676E-17));
#7158=DIRECTION('',(-1.0,0.0,0.0));
#7159=DIRECTION('',(0.0,-1.0,-6.12323399573676E-17));
#7160=CARTESIAN_POINT('',(12.5,-3.0,-15.1));
#7161=DIRECTION('',(0.0,-1.0,-6.12323399573676E-17));
#7162=DIRECTION('',(1.0,0.0,0.0));
#7163=DIRECTION('',(-0.0,-1.0,-6.12323399573676E-17));
#7164=CARTESIAN_POINT('',(12.5,-3.0,-15.1));
#7165=DIRECTION('',(0.0,-1.0,-6.12323399573676E-17));
#7166=DIRECTION('',(1.0,0.0,0.0));
#7167=DIRECTION('',(0.0,1.0,6.12323399573676E-17));
#7168=CARTESIAN_POINT('',(12.5,-3.1,-15.1));
#7169=DIRECTION('',(-0.0,-1.0,-6.12323399573676E-17));
#7170=DIRECTION('',(-1.0,0.0,0.0));
#7171=DIRECTION('',(4.95635278850516E-16,-6.12323399573676E-17,1.0));
#7172=CARTESIAN_POINT('',(29.5,-3.0,-14.4999999999999));
#7173=DIRECTION('',(0.0,1.0,6.12323399573676E-17));
#7174=DIRECTION('',(-1.0,0.0,0.0));
#7175=DIRECTION('',(-6.93889390390722E-15,-6.12323399573676E-17,1.0));
#7176=CARTESIAN_POINT('',(29.5,-3.0,-17.4999999999999));
#7177=DIRECTION('',(0.0,1.0,6.12323399573676E-17));
#7178=DIRECTION('',(-1.0,0.0,0.0));
#7179=DIRECTION('',(-4.33680868994202E-16,6.12323399573676E-17,-1.0));
#7180=DIRECTION('',(0.0,-1.0,-6.12323399573676E-17));
#7181=DIRECTION('',(4.33680868994202E-16,-6.12323399573676E-17,1.0));
#7182=DIRECTION('',(0.0,1.0,6.12323399573676E-17));
#7183=DIRECTION('',(-1.42030484595601E-15,6.12323399573676E-17,-1.0));
#7184=DIRECTION('',(0.0,1.0,6.12323399573676E-17));
#7185=DIRECTION('',(1.42030484595601E-15,-6.12323399573676E-17,1.0));
#7186=DIRECTION('',(0.0,1.0,6.12323399573676E-17));
#7187=CARTESIAN_POINT('',(0.499999999999962,-3.0,-23.1000000000001));
#7188=DIRECTION('',(-0.0,1.0,6.12323399573676E-17));
#7189=DIRECTION('',(1.0,0.0,0.0));
#7190=DIRECTION('',(0.0,1.0,6.12323399573676E-17));
#7191=CARTESIAN_POINT('',(0.499999999999962,-3.1,-23.1000000000001));
#7192=DIRECTION('',(-0.0,-1.0,-6.12323399573676E-17));
#7193=DIRECTION('',(-1.0,0.0,0.0));
#7194=DIRECTION('',(-1.0,-3.18663532839114E-32,5.20417042793041E-16));
#7195=DIRECTION('',(0.0,1.0,6.12323399573676E-17));
#7196=DIRECTION('',(1.0,3.18663532839114E-32,-5.20417042793041E-16));
#7197=CARTESIAN_POINT('',(24.5,-3.0,-23.1000000000001));
#7198=DIRECTION('',(-0.0,1.0,6.12323399573676E-17));
#7199=DIRECTION('',(1.0,0.0,0.0));
#7200=CARTESIAN_POINT('',(24.5,-3.1,-23.1000000000001));
#7201=DIRECTION('',(-0.0,-1.0,-6.12323399573676E-17));
#7202=DIRECTION('',(-1.0,0.0,0.0));
#7203=DIRECTION('',(-4.33680868994202E-16,6.12323399573676E-17,-1.0));
#7204=DIRECTION('',(0.0,-1.0,-6.12323399573676E-17));
#7205=DIRECTION('',(4.33680868994202E-16,-6.12323399573676E-17,1.0));
#7206=DIRECTION('',(0.0,1.0,6.12323399573676E-17));
#7207=DIRECTION('',(1.0,1.77035296021731E-32,-2.89120579329468E-16));
#7208=DIRECTION('',(0.0,-1.0,-6.12323399573676E-17));
#7209=DIRECTION('',(-1.0,-5.31105888065192E-32,8.67361737988404E-16));
#7210=DIRECTION('',(0.0,1.0,6.12323399573676E-17));
#7211=CARTESIAN_POINT('',(12.5,-3.1,-15.1));
#7212=DIRECTION('',(-0.0,-1.0,-6.12323399573676E-17));
#7213=DIRECTION('',(-1.0,0.0,0.0));
#7214=CARTESIAN_POINT('',(12.5,-3.0,-15.1));
#7215=DIRECTION('',(0.0,-1.0,-6.12323399573676E-17));
#7216=DIRECTION('',(1.0,0.0,0.0));
#7217=DIRECTION('',(-0.707106781186548,4.32978028117746E-17,-0.707106781186547));
#7218=CARTESIAN_POINT('',(28.5,-3.1,-21.4999999999999));
#7219=DIRECTION('',(0.0,1.0,6.12323399573676E-17));
#7220=DIRECTION('',(-1.0,0.0,0.0));
#7221=DIRECTION('',(1.0,-4.67373181497368E-31,7.63278329429794E-15));
#7222=CARTESIAN_POINT('',(29.5,-3.1,-17.4999999999999));
#7223=DIRECTION('',(-0.0,-1.0,-6.12323399573676E-17));
#7224=DIRECTION('',(-1.0,0.0,0.0));
#7225=DIRECTION('',(-6.93889390390722E-15,-6.12323399573676E-17,1.0));
#7226=CARTESIAN_POINT('',(29.5,-3.1,-14.4999999999999));
#7227=DIRECTION('',(-0.0,-1.0,-6.12323399573676E-17));
#7228=DIRECTION('',(-1.0,0.0,0.0));
#7229=DIRECTION('',(-1.0,4.67373181497367E-31,-7.63278329429793E-15));
#7230=CARTESIAN_POINT('',(28.5,-3.1,-10.4999999999999));
#7231=DIRECTION('',(0.0,1.0,6.12323399573676E-17));
#7232=DIRECTION('',(-1.0,0.0,0.0));
#7233=CARTESIAN_POINT('',(24.5,-3.1,0.899999999999932));
#7234=DIRECTION('',(-0.0,-1.0,-6.12323399573676E-17));
#7235=DIRECTION('',(-1.0,0.0,0.0));
#7236=DIRECTION('',(-1.0,4.67373181497368E-31,-7.63278329429794E-15));
#7237=DIRECTION('',(0.0,-1.0,-6.12323399573676E-17));
#7238=DIRECTION('',(0.0,1.0,6.12323399573676E-17));
#7239=DIRECTION('',(0.0,-1.0,-6.12323399573676E-17));
#7240=DIRECTION('',(0.0,1.0,6.12323399573676E-17));
#7241=DIRECTION('',(1.0,-4.67373181497367E-31,7.63278329429793E-15));
#7242=DIRECTION('',(0.0,-1.0,-6.12323399573676E-17));
#7243=DIRECTION('',(0.0,1.0,6.12323399573676E-17));
#7244=CARTESIAN_POINT('',(28.5,-3.0,-10.4999999999999));
#7245=DIRECTION('',(-0.0,-1.0,-6.12323399573676E-17));
#7246=DIRECTION('',(-1.0,0.0,0.0));
#7247=CARTESIAN_POINT('',(29.5,-3.0,-14.4999999999999));
#7248=DIRECTION('',(0.0,1.0,6.12323399573676E-17));
#7249=DIRECTION('',(-1.0,0.0,0.0));
#7250=CARTESIAN_POINT('',(29.5,-3.0,-17.4999999999999));
#7251=DIRECTION('',(0.0,1.0,6.12323399573676E-17));
#7252=DIRECTION('',(-1.0,0.0,0.0));
#7253=CARTESIAN_POINT('',(28.5,-3.0,-21.4999999999999));
#7254=DIRECTION('',(-0.0,-1.0,-6.12323399573676E-17));
#7255=DIRECTION('',(-1.0,0.0,0.0));
#7256=CARTESIAN_POINT('',(24.5,-3.0,0.899999999999932));
#7257=DIRECTION('',(0.0,1.0,6.12323399573676E-17));
#7258=DIRECTION('',(-1.0,0.0,0.0));
#7259=DIRECTION('',(0.707106781186548,-4.32978028117746E-17,0.707106781186547));
#7260=DIRECTION('',(4.95635278850516E-16,-6.12323399573676E-17,1.0));
#7261=CARTESIAN_POINT('',(26.5,-3.0,2.89999999999994));
#7262=DIRECTION('',(-0.0,-1.0,-6.12323399573676E-17));
#7263=DIRECTION('',(-1.0,0.0,0.0));
#7264=DIRECTION('',(-1.0,0.0,0.0));
#7265=CARTESIAN_POINT('',(-1.5,-3.0,2.89999999999994));
#7266=DIRECTION('',(-0.0,-1.0,-6.12323399573676E-17));
#7267=DIRECTION('',(-1.0,0.0,0.0));
#7268=DIRECTION('',(-1.54886024640787E-15,6.12323399573676E-17,-1.0));
#7269=CARTESIAN_POINT('',(-1.50000000000006,-3.0,-25.1000000000001));
#7270=DIRECTION('',(-0.0,-1.0,-6.12323399573676E-17));
#7271=DIRECTION('',(-1.0,0.0,0.0));
#7272=DIRECTION('',(1.0,0.0,0.0));
#7273=CARTESIAN_POINT('',(26.5,-3.0,-25.1000000000001));
#7274=DIRECTION('',(-0.0,-1.0,-6.12323399573676E-17));
#7275=DIRECTION('',(-1.0,0.0,0.0));
#7276=DIRECTION('',(4.95635278850516E-16,-6.12323399573676E-17,1.0));
#7277=DIRECTION('',(3.15967490267204E-15,-6.12323399573676E-17,1.0));
#7278=DIRECTION('',(0.707106781186541,-4.32978028117751E-17,0.707106781186554));
#7279=DIRECTION('',(1.0,0.0,0.0));
#7280=DIRECTION('',(0.0,6.12323399573676E-17,-1.0));
#7281=DIRECTION('',(-0.707106781186547,4.32978028117747E-17,-0.707106781186548));
#7282=DIRECTION('',(-1.0,0.0,0.0));
#7283=DIRECTION('',(0.0,6.12323399573676E-17,-1.0));
#7284=CARTESIAN_POINT('',(22.5,0.0200000000000002,-2.5));
#7285=DIRECTION('',(-0.0,1.0,6.12323399573676E-17));
#7286=DIRECTION('',(1.0,0.0,0.0));
#7287=DIRECTION('',(1.0,0.0,0.0));
#7288=CARTESIAN_POINT('',(2.5,0.0200000000000002,-2.5));
#7289=DIRECTION('',(-0.0,1.0,6.12323399573676E-17));
#7290=DIRECTION('',(1.0,0.0,0.0));
#7291=DIRECTION('',(0.0,-6.12323399573676E-17,1.0));
#7292=CARTESIAN_POINT('',(2.5,0.0200000000000014,-22.5));
#7293=DIRECTION('',(-0.0,1.0,6.12323399573676E-17));
#7294=DIRECTION('',(1.0,0.0,0.0));
#7295=DIRECTION('',(-1.0,0.0,0.0));
#7296=CARTESIAN_POINT('',(22.5,0.0200000000000014,-22.5));
#7297=DIRECTION('',(-0.0,1.0,6.12323399573676E-17));
#7298=DIRECTION('',(1.0,0.0,0.0));
#7299=DIRECTION('',(-0.707106781186541,4.32978028117751E-17,-0.707106781186554));
#7300=DIRECTION('',(0.0,-1.0,-6.12323399573676E-17));
#7301=DIRECTION('',(0.0,-1.0,-6.12323399573676E-17));
#7302=DIRECTION('',(-1.0,-2.12442355226078E-31,3.46944695195363E-15));
#7303=DIRECTION('',(0.0,-1.0,-6.12323399573676E-17));
#7304=DIRECTION('',(2.23035875482732E-15,-6.12323399573676E-17,1.0));
#7305=DIRECTION('',(0.0,-1.0,-6.12323399573676E-17));
#7306=DIRECTION('',(0.707106781186547,-4.32978028117747E-17,0.707106781186548));
#7307=DIRECTION('',(0.0,-1.0,-6.12323399573676E-17));
#7308=DIRECTION('',(1.0,0.0,0.0));
#7309=DIRECTION('',(0.0,-1.0,-6.12323399573676E-17));
#7310=DIRECTION('',(-3.6862873864507E-15,6.12323399573676E-17,-1.0));
#7311=DIRECTION('',(0.0,1.0,6.12323399573676E-17));
#7312=DIRECTION('',(0.0,6.12323399573676E-17,-1.0));
#7313=DIRECTION('',(0.0,-1.0,-6.12323399573676E-17));
#7314=DIRECTION('',(0.0,-1.0,-6.12323399573676E-17));
#7315=CARTESIAN_POINT('',(2.5,4.0,-2.5));
#7316=DIRECTION('',(-0.0,1.0,6.12323399573676E-17));
#7317=DIRECTION('',(1.0,0.0,0.0));
#7318=DIRECTION('',(0.0,1.0,6.12323399573676E-17));
#7319=DIRECTION('',(-1.0,0.0,0.0));
#7320=DIRECTION('',(0.0,-1.0,-6.12323399573676E-17));
#7321=CARTESIAN_POINT('',(22.5,4.0,-2.5));
#7322=DIRECTION('',(-0.0,1.0,6.12323399573676E-17));
#7323=DIRECTION('',(1.0,0.0,0.0));
#7324=CARTESIAN_POINT('',(12.5,-3.0,-15.1));
#7325=DIRECTION('',(0.0,-1.0,-6.12323399573676E-17));
#7326=DIRECTION('',(1.0,0.0,0.0));
#7327=DIRECTION('',(-3.28358372238466E-15,6.12323399573676E-17,-1.0));
#7328=CARTESIAN_POINT('',(-1.5,-1.77573785876362E-16,2.89999999999994));
#7329=DIRECTION('',(-0.0,-1.0,-6.12323399573676E-17));
#7330=DIRECTION('',(-1.0,0.0,0.0));
#7331=DIRECTION('',(-1.0,0.0,0.0));
#7332=CARTESIAN_POINT('',(26.5,-1.77573785876362E-16,2.89999999999994));
#7333=DIRECTION('',(-0.0,-1.0,-6.12323399573676E-17));
#7334=DIRECTION('',(-1.0,0.0,0.0));
#7335=DIRECTION('',(2.23035875482733E-15,-6.12323399573676E-17,1.0));
#7336=CARTESIAN_POINT('',(26.5,1.53693173292993E-15,-25.1000000000001));
#7337=DIRECTION('',(-0.0,-1.0,-6.12323399573676E-17));
#7338=DIRECTION('',(-1.0,0.0,0.0));
#7339=DIRECTION('',(1.0,0.0,0.0));
#7340=CARTESIAN_POINT('',(-1.50000000000006,1.53693173292993E-15,-25.1000000000001));
#7341=DIRECTION('',(-0.0,-1.0,-6.12323399573676E-17));
#7342=DIRECTION('',(-1.0,0.0,0.0));
#7343=DIRECTION('',(0.0,1.0,6.12323399573676E-17));
#7344=DIRECTION('',(0.0,1.0,6.12323399573676E-17));
#7345=DIRECTION('',(0.0,1.0,6.12323399573676E-17));
#7346=DIRECTION('',(0.0,1.0,6.12323399573676E-17));
#7347=DIRECTION('',(0.0,1.0,6.12323399573676E-17));
#7348=DIRECTION('',(0.0,1.0,6.12323399573676E-17));
#7349=DIRECTION('',(0.0,1.0,6.12323399573676E-17));
#7350=DIRECTION('',(0.0,1.0,6.12323399573676E-17));
#7351=DIRECTION('',(-1.0,0.0,0.0));
#7352=DIRECTION('',(0.0,1.0,6.12323399573676E-17));
#7353=DIRECTION('',(1.0,0.0,0.0));
#7354=DIRECTION('',(0.0,1.0,6.12323399573676E-17));
#7355=DIRECTION('',(-0.483619425217061,-5.35953436383072E-17,0.875278385173951));
#7356=DIRECTION('',(0.0,1.0,6.12323399573676E-17));
#7357=DIRECTION('',(0.483619425217026,5.35953436383083E-17,-0.87527838517397));
#7358=DIRECTION('',(-0.483112332742129,5.36124882775222E-17,-0.875558378380596));
#7359=DIRECTION('',(0.0,1.0,6.12323399573676E-17));
#7360=DIRECTION('',(0.483112332742168,-5.36124882775209E-17,0.875558378380574));
#7361=DIRECTION('',(-1.0,0.0,0.0));
#7362=DIRECTION('',(0.0,1.0,6.12323399573676E-17));
#7363=DIRECTION('',(1.0,0.0,0.0));
#7364=DIRECTION('',(0.499914787220708,-5.30317740794531E-17,0.866074595816131));
#7365=DIRECTION('',(0.0,1.0,6.12323399573676E-17));
#7366=DIRECTION('',(-0.499914787220728,5.30317740794524E-17,-0.866074595816119));
#7367=DIRECTION('',(-0.506752745952483,-5.27878762544319E-17,0.862091442057986));
#7368=DIRECTION('',(0.0,1.0,6.12323399573676E-17));
#7369=DIRECTION('',(0.506752745952463,5.27878762544327E-17,-0.862091442057998));
#7370=DIRECTION('',(1.0,0.0,0.0));
#7371=DIRECTION('',(0.0,1.0,6.12323399573676E-17));
#7372=DIRECTION('',(-1.0,0.0,0.0));
#7373=DIRECTION('',(0.488051067384307,5.34445094090748E-17,-0.872815075273702));
#7374=DIRECTION('',(0.0,1.0,6.12323399573676E-17));
#7375=DIRECTION('',(-0.488051067384273,-5.34445094090759E-17,0.872815075273721));
#7376=DIRECTION('',(0.469718775685953,-5.40568957405373E-17,0.882816103029441));
#7377=DIRECTION('',(0.0,1.0,6.12323399573676E-17));
#7378=DIRECTION('',(-0.46971877568594,5.40568957405377E-17,-0.882816103029448));
#7379=DIRECTION('',(1.0,0.0,0.0));
#7380=DIRECTION('',(0.0,1.0,6.12323399573676E-17));
#7381=DIRECTION('',(-1.0,0.0,0.0));
#7382=DIRECTION('',(-0.505004365263241,5.28506606331753E-17,-0.863116788774886));
#7383=DIRECTION('',(0.0,1.0,6.12323399573676E-17));
#7384=DIRECTION('',(0.505004365263217,-5.28506606331762E-17,0.8631167887749));
#7385=DIRECTION('',(0.502426387991304,5.29427050745927E-17,-0.864619988578804));
#7386=DIRECTION('',(-0.502426387991263,-5.29427050745941E-17,0.864619988578828));
#7387=DIRECTION('',(0.29470212095715,5.85129608555701E-17,-0.955589168996466));
#7388=DIRECTION('',(0.0,1.0,6.12323399573676E-17));
#7389=DIRECTION('',(-0.294702120957139,-5.85129608555703E-17,0.95558916899647));
#7390=DIRECTION('',(0.0,1.0,6.12323399573676E-17));
#7391=DIRECTION('',(0.280591964969638,-5.87724620721559E-17,0.959827145476975));
#7392=DIRECTION('',(0.0,1.0,6.12323399573676E-17));
#7393=DIRECTION('',(-0.280591964969635,5.87724620721559E-17,-0.959827145476975));
#7394=DIRECTION('',(1.0,0.0,0.0));
#7395=DIRECTION('',(0.0,1.0,6.12323399573676E-17));
#7396=DIRECTION('',(-1.0,0.0,0.0));
#7397=DIRECTION('',(0.0,6.12323399573676E-17,-1.0));
#7398=DIRECTION('',(0.0,1.0,6.12323399573676E-17));
#7399=DIRECTION('',(0.0,-6.12323399573676E-17,1.0));
#7400=DIRECTION('',(-1.0,0.0,0.0));
#7401=DIRECTION('',(0.0,1.0,6.12323399573676E-17));
#7402=DIRECTION('',(1.0,0.0,0.0));
#7403=DIRECTION('',(0.0,-6.12323399573676E-17,1.0));
#7404=DIRECTION('',(0.0,1.0,6.12323399573676E-17));
#7405=DIRECTION('',(0.0,6.12323399573676E-17,-1.0));
#7406=DIRECTION('',(-0.289004591935616,5.86194158375005E-17,-0.957327710786713));
#7407=DIRECTION('',(0.0,1.0,6.12323399573676E-17));
#7408=DIRECTION('',(0.289004591935616,-5.86194158375005E-17,0.957327710786713));
#7409=DIRECTION('',(-1.0,0.0,0.0));
#7410=DIRECTION('',(0.0,1.0,6.12323399573676E-17));
#7411=DIRECTION('',(1.0,0.0,0.0));
#7412=DIRECTION('',(-0.294606184804751,-5.85147721863979E-17,0.955618750273763));
#7413=DIRECTION('',(0.0,1.0,6.12323399573676E-17));
#7414=DIRECTION('',(0.294606184804752,5.85147721863979E-17,-0.955618750273763));
#7415=DIRECTION('',(0.0,6.12323399573676E-17,-1.0));
#7416=DIRECTION('',(0.0,1.0,6.12323399573676E-17));
#7417=DIRECTION('',(0.0,-6.12323399573676E-17,1.0));
#7418=DIRECTION('',(-1.0,0.0,0.0));
#7419=DIRECTION('',(0.0,1.0,6.12323399573676E-17));
#7420=DIRECTION('',(1.0,0.0,0.0));
#7421=DIRECTION('',(0.0,-6.12323399573676E-17,1.0));
#7422=DIRECTION('',(0.0,1.0,6.12323399573676E-17));
#7423=DIRECTION('',(0.0,6.12323399573676E-17,-1.0));
#7424=DIRECTION('',(1.0,0.0,0.0));
#7425=DIRECTION('',(-1.0,0.0,0.0));
#7426=DIRECTION('',(-1.0,0.0,0.0));
#7427=DIRECTION('',(0.0,1.0,6.12323399573676E-17));
#7428=DIRECTION('',(1.0,0.0,0.0));
#7429=DIRECTION('',(0.0,1.0,6.12323399573676E-17));
#7430=DIRECTION('',(0.0,-6.12323399573676E-17,1.0));
#7431=DIRECTION('',(0.0,1.0,6.12323399573676E-17));
#7432=DIRECTION('',(0.0,6.12323399573676E-17,-1.0));
#7433=DIRECTION('',(1.0,0.0,0.0));
#7434=DIRECTION('',(0.0,1.0,6.12323399573676E-17));
#7435=DIRECTION('',(-1.0,0.0,0.0));
#7436=DIRECTION('',(0.0,-6.12323399573676E-17,1.0));
#7437=DIRECTION('',(0.0,1.0,6.12323399573676E-17));
#7438=DIRECTION('',(0.0,6.12323399573676E-17,-1.0));
#7439=DIRECTION('',(1.0,0.0,0.0));
#7440=DIRECTION('',(0.0,1.0,6.12323399573676E-17));
#7441=DIRECTION('',(-1.0,0.0,0.0));
#7442=DIRECTION('',(0.0,6.12323399573676E-17,-1.0));
#7443=DIRECTION('',(0.0,-6.12323399573676E-17,1.0));
#7444=DIRECTION('',(0.0,6.12323399573676E-17,-1.0));
#7445=DIRECTION('',(0.0,1.0,6.12323399573676E-17));
#7446=DIRECTION('',(0.0,-6.12323399573676E-17,1.0));
#7447=DIRECTION('',(0.0,1.0,6.12323399573676E-17));
#7448=DIRECTION('',(1.0,0.0,0.0));
#7449=DIRECTION('',(0.0,1.0,6.12323399573676E-17));
#7450=DIRECTION('',(-1.0,0.0,0.0));
#7451=DIRECTION('',(0.0,1.0,6.12323399573676E-17));
#7452=DIRECTION('',(0.0,1.0,6.12323399573676E-17));
#7453=DIRECTION('',(0.0,1.0,6.12323399573676E-17));
#7454=DIRECTION('',(0.0,1.0,6.12323399573676E-17));
#7455=DIRECTION('',(-0.601000853992728,-4.89398485362698E-17,0.79924838035495));
#7456=DIRECTION('',(0.601000853992736,4.89398485362694E-17,-0.799248380354944));
#7457=DIRECTION('',(0.0,1.0,6.12323399573676E-17));
#7458=DIRECTION('',(0.0,1.0,6.12323399573676E-17));
#7459=DIRECTION('',(0.0,1.0,6.12323399573676E-17));
#7460=DIRECTION('',(0.0,1.0,6.12323399573676E-17));
#7461=DIRECTION('',(0.0,1.0,6.12323399573676E-17));
#7462=CARTESIAN_POINT('',(19.7554493868963,4.05,13.1125024239767));
#7463=DIRECTION('',(-2.87953579211855E-33,1.0,6.12323399573677E-17));
#7464=DIRECTION('',(0.309971318323663,-5.82163966593946E-17,0.950745908125136));
#7465=DIRECTION('',(0.0,1.0,6.12323399573676E-17));
#7466=CARTESIAN_POINT('',(18.6344664683631,4.05,8.07123088918358));
#7467=DIRECTION('',(7.31448569765072E-33,-1.0,-6.12323399573676E-17));
#7468=DIRECTION('',(-0.334191079215236,5.77118076063511E-17,-0.942505343524882));
#7469=DIRECTION('',(0.0,1.0,6.12323399573676E-17));
#7470=DIRECTION('',(0.0,1.0,6.12323399573676E-17));
#7471=DIRECTION('',(0.0,1.0,6.12323399573676E-17));
#7472=DIRECTION('',(0.0,1.0,6.12323399573676E-17));
#7473=DIRECTION('',(0.0,1.0,6.12323399573676E-17));
#7474=DIRECTION('',(0.0,1.0,6.12323399573676E-17));
#7475=DIRECTION('',(0.0,1.0,6.12323399573676E-17));
#7476=DIRECTION('',(0.0,1.0,6.12323399573676E-17));
#7477=DIRECTION('',(1.0,0.0,0.0));
#7478=DIRECTION('',(0.0,1.0,6.12323399573676E-17));
#7479=DIRECTION('',(-1.0,0.0,0.0));
#7480=DIRECTION('',(0.0,1.0,6.12323399573676E-17));
#7481=DIRECTION('',(0.0,1.0,6.12323399573676E-17));
#7482=DIRECTION('',(0.0,1.0,6.12323399573676E-17));
#7483=DIRECTION('',(0.0,1.0,6.12323399573676E-17));
#7484=DIRECTION('',(0.0,1.0,6.12323399573676E-17));
#7485=DIRECTION('',(0.0,1.0,6.12323399573676E-17));
#7486=DIRECTION('',(0.0,1.0,6.12323399573676E-17));
#7487=DIRECTION('',(0.0,1.0,6.12323399573676E-17));
#7488=DIRECTION('',(0.0,1.0,6.12323399573676E-17));
#7489=DIRECTION('',(1.0,0.0,0.0));
#7490=DIRECTION('',(0.0,1.0,6.12323399573676E-17));
#7491=DIRECTION('',(-1.0,0.0,0.0));
#7492=DIRECTION('',(0.0,1.0,6.12323399573676E-17));
#7493=DIRECTION('',(0.0,1.0,6.12323399573676E-17));
#7494=DIRECTION('',(0.0,-6.12323399573676E-17,1.0));
#7495=DIRECTION('',(0.0,1.0,6.12323399573676E-17));
#7496=DIRECTION('',(0.0,6.12323399573676E-17,-1.0));
#7497=DIRECTION('',(0.0,1.0,6.12323399573676E-17));
#7498=DIRECTION('',(-1.0,0.0,0.0));
#7499=DIRECTION('',(0.0,1.0,6.12323399573676E-17));
#7500=DIRECTION('',(1.0,0.0,0.0));
#7501=DIRECTION('',(0.0,-6.12323399573676E-17,1.0));
#7502=DIRECTION('',(0.0,1.0,6.12323399573676E-17));
#7503=DIRECTION('',(0.0,6.12323399573676E-17,-1.0));
#7504=DIRECTION('',(1.0,0.0,0.0));
#7505=DIRECTION('',(0.0,1.0,6.12323399573676E-17));
#7506=DIRECTION('',(-1.0,0.0,0.0));
#7507=DIRECTION('',(0.0,-6.12323399573676E-17,1.0));
#7508=DIRECTION('',(0.0,1.0,6.12323399573676E-17));
#7509=DIRECTION('',(0.0,6.12323399573676E-17,-1.0));
#7510=DIRECTION('',(-1.0,0.0,0.0));
#7511=DIRECTION('',(0.0,1.0,6.12323399573676E-17));
#7512=DIRECTION('',(1.0,0.0,0.0));
#7513=DIRECTION('',(0.0,-6.12323399573676E-17,1.0));
#7514=DIRECTION('',(0.0,1.0,6.12323399573676E-17));
#7515=DIRECTION('',(0.0,6.12323399573676E-17,-1.0));
#7516=DIRECTION('',(1.0,0.0,0.0));
#7517=DIRECTION('',(0.0,1.0,6.12323399573676E-17));
#7518=DIRECTION('',(-1.0,0.0,0.0));
#7519=DIRECTION('',(0.0,6.12323399573676E-17,-1.0));
#7520=DIRECTION('',(0.0,1.0,6.12323399573676E-17));
#7521=DIRECTION('',(0.0,-6.12323399573676E-17,1.0));
#7522=DIRECTION('',(-1.0,0.0,0.0));
#7523=DIRECTION('',(0.0,1.0,6.12323399573676E-17));
#7524=DIRECTION('',(1.0,0.0,0.0));
#7525=DIRECTION('',(0.0,-6.12323399573676E-17,1.0));
#7526=DIRECTION('',(0.0,1.0,6.12323399573676E-17));
#7527=DIRECTION('',(0.0,6.12323399573676E-17,-1.0));
#7528=DIRECTION('',(1.0,0.0,0.0));
#7529=DIRECTION('',(-1.0,0.0,0.0));
#7530=DIRECTION('',(0.0,1.0,6.12323399573676E-17));
#7531=DIRECTION('',(0.0,-1.0,-6.12323399573676E-17));
#7532=DIRECTION('',(-0.707106781186548,4.32978028117747E-17,-0.707106781186548));
#7533=DIRECTION('',(-1.0,1.05749083490313E-32,-1.72701359386135E-16));
#7534=DIRECTION('',(-1.72701359386135E-16,-6.12323399573676E-17,1.0));
#7535=DIRECTION('',(0.707106781186547,-4.32978028117747E-17,0.707106781186548));
#7536=DIRECTION('',(1.0,-1.05749083490313E-32,1.72701359386135E-16));
#7537=DIRECTION('',(1.72701359386135E-16,6.12323399573676E-17,-1.0));
#7538=CARTESIAN_POINT('',(12.5,4.01,-15.1));
#7539=DIRECTION('',(0.0,1.0,6.12323399573676E-17));
#7540=DIRECTION('',(-1.0,0.0,0.0));
#7541=DIRECTION('',(0.0,1.0,6.12323399573676E-17));
#7542=DIRECTION('',(1.68653671275523E-16,6.12323399573676E-17,-1.0));
#7543=DIRECTION('',(0.0,1.0,6.12323399573676E-17));
#7544=DIRECTION('',(-0.707106781186547,4.32978028117747E-17,-0.707106781186548));
#7545=DIRECTION('',(0.0,1.0,6.12323399573676E-17));
#7546=DIRECTION('',(-1.0,1.18023530681154E-32,-1.92747052886312E-16));
#7547=DIRECTION('',(0.0,1.0,6.12323399573676E-17));
#7548=DIRECTION('',(-1.92747052886312E-16,-6.12323399573676E-17,1.0));
#7549=DIRECTION('',(0.0,1.0,6.12323399573676E-17));
#7550=DIRECTION('',(0.707106781186548,-4.32978028117747E-17,0.707106781186548));
#7551=DIRECTION('',(0.0,1.0,6.12323399573676E-17));
#7552=DIRECTION('',(1.0,0.0,0.0));
#7553=CARTESIAN_POINT('',(12.5,-4.5,-15.1));
#7554=DIRECTION('',(-0.0,-1.0,-6.12323399573676E-17));
#7555=DIRECTION('',(-1.0,0.0,0.0));
#7556=CARTESIAN_POINT('',(12.5,4.7,-15.1));
#7557=DIRECTION('',(0.0,1.0,6.12323399573676E-17));
#7558=DIRECTION('',(-1.0,0.0,0.0));
#7559=DIRECTION('',(0.0,-6.12323399573676E-17,1.0));
#7560=CARTESIAN_POINT('',(22.5,4.0,-22.5));
#7561=DIRECTION('',(-0.0,1.0,6.12323399573676E-17));
#7562=DIRECTION('',(1.0,0.0,0.0));
#7563=DIRECTION('',(1.0,0.0,0.0));
#7564=CARTESIAN_POINT('',(2.5,4.0,-22.5));
#7565=DIRECTION('',(-0.0,1.0,6.12323399573676E-17));
#7566=DIRECTION('',(1.0,0.0,0.0));
#7567=DIRECTION('',(0.0,1.0,6.12323399573676E-17));
#7568=DIRECTION('',(0.0,-1.0,-6.12323399573676E-17));
#7569=DIRECTION('',(0.0,1.0,6.12323399573676E-17));
#7570=PRESENTATION_LAYER_ASSIGNMENT('','',(#182,#184,#186,#188,#190,#192,#194,#196,#198,#200,#202,#204,#206,#208,#210,#212,#214,#216,#218,#220,#222,#224,#226,#228,#230,#232,#234,#236,#238,#240,#242,#244,#246,#248,#250,#252,#254,#256,#258,#260,#262,#264,#266,#268,#270,#272,#274,#276,#278,#280,#282,#284,#286,#288,#290,#292,#294,#296,#298,#300,#302,#304,#306,#308,#310,#312,#314,#316,#318,#320,#322,#324,#326,#328,#330,#332,#334,#336,#338,#340,#342,#344,#346,#348,#350,#352,#354,#356,#358,#360,#362,#364,#366,#368,#370,#372,#374,#376,#378,#380,#382,#384,#386,#388,#390,#392,#394,#396,#398,#400,#402,#404,#406,#408,#410,#412,#414,#416,#418,#420,#422,#424,#426,#428,#430,#432,#434,#436,#438,#440,#442,#444,#446,#448,#450,#452,#454,#456,#458,#460,#462,#464,#466,#468,#470,#472,#474,#476,#478,#480,#482,#484,#486,#488,#490,#492,#494,#496,#3710,#3711,#3712,#3715,#3716,#3717,#3720,#3721,#3722,#3725,#3726,#3727,#3730,#3731,#3732,#3734,#3735,#3736,#3737,#3739,#3740,#3741,#3742,#3744,#3745,#3746,#3747,#3749,#3750,#3751,#3753,#3754,#3755,#3757,#3758,#3760,#3761,#3762,#3763,#3765,#3766,#3767,#3768,#3770,#3771,#3773,#3774,#3775,#3776,#3777,#3778,#3779,#3780,#3781,#3783,#3784,#3785,#3787,#3788,#3790,#3791,#3792,#3794,#3796,#3798,#3800,#3802,#3804,#3806,#3807,#3808,#3809,#3810,#3811,#3812,#3813,#3814,#3816,#3817,#3818,#3819,#3820,#3821,#3822,#3823,#3824,#3825,#3826,#3827,#3828,#3829,#3831,#3832,#3833,#3835,#3836,#3838,#3839,#3841,#3842,#3844,#3845,#3847,#3849,#3850,#3851,#3853,#3854,#3856,#3857,#3859,#3860,#3862,#3864,#3865,#3866,#3867,#3868,#3869,#3870,#3871,#3873,#3874,#3876,#3878,#3880,#3882,#3884,#3886,#3889,#3890,#3891,#3892,#3894,#3895,#3896,#3898,#3899,#3900,#3902,#3903,#3904,#3906,#3907,#3908,#3910,#3911,#3912,#3914,#3915,#3916,#3918,#3919,#3920,#3922,#3923,#3924,#3926,#3927,#3928,#3930,#3931,#3932,#3934,#3935,#3938,#3939,#3940,#3941,#3943,#3944,#3945,#3947,#3948,#3949,#3951,#3952,#3953,#3955,#3956,#3957,#3959,#3960,#3961,#3963,#3964,#3965,#3967,#3968,#3969,#3971,#3972,#3973,#3975,#3976,#3977,#3979,#3980,#3981,#3983,#3984,#3985,#3987,#3988,#3991,#3992,#3993,#3994,#3996,#3997,#3998,#4000,#4001,#4002,#4004,#4005,#4006,#4008,#4009,#4010,#4012,#4013,#4016,#4017,#4018,#4019,#4021,#4022,#4023,#4025,#4026,#4027,#4028,#4030,#4031,#4032,#4034,#4035,#4036,#4038,#4039,#4041,#4042,#4043,#4045,#4046,#4049,#4050,#4051,#4052,#4054,#4055,#4056,#4058,#4059,#4060,#4062,#4063,#4065,#4066,#4067,#4069,#4070,#4071,#4073,#4074,#4077,#4078,#4079,#4080,#4082,#4083,#4084,#4086,#4087,#4090,#4091,#4092,#4093,#4095,#4096,#4097,#4099,#4100,#4101,#4103,#4104,#4105,#4107,#4108,#4109,#4111,#4112,#4113,#4115,#4116,#4119,#4120,#4121,#4122,#4124,#4125,#4126,#4128,#4129,#4132,#4133,#4134,#4135,#4137,#4138,#4139,#4141,#4142,#4143,#4145,#4146,#4147,#4149,#4150,#4151,#4153,#4154,#4155,#4157,#4158,#4161,#4162,#4163,#4164,#4166,#4167,#4168,#4170,#4171,#4172,#4174,#4175,#4176,#4178,#4179,#4180,#4182,#4183,#4184,#4186,#4187,#4188,#4190,#4191,#4192,#4194,#4195,#4196,#4198,#4199,#4200,#4202,#4203,#4204,#4206,#4207,#4210,#4211,#4212,#4213,#4215,#4216,#4218,#4219,#4224,#4225,#4226,#4227,#4228,#4229,#4230,#4233,#4234,#4235,#4237,#4238,#4240,#4241,#4243,#4244,#4246,#4247,#4249,#4251,#4254,#4257,#4258,#4259,#4260,#4262,#4263,#4265,#4273,#4275,#4282,#4284,#4288,#4291,#4293,#4300,#4302,#4309,#4311,#4315,#4316,#4318,#4320,#4324,#4325,#4327,#4329,#4333,#4334,#4336,#4338,#4342,#4344,#4348,#4350,#4357,#4358,#4360,#4362,#4366,#4367,#4369,#4371,#4379,#4381,#4383,#4385,#4387,#4389,#4394,#4395,#4403,#4404,#4421,#4423,#4425,#4427,#4429,#4431,#4433,#4435,#4439,#4440,#4442,#4444,#4446,#4448,#4451,#4452,#4454,#4456,#4458,#4460,#4462,#4464,#4468,#4469,#4474,#4478,#4482,#4486,#4492,#4494,#4498,#4502,#4506,#4512,#4513,#4515,#4517,#4519,#4521,#4523,#4525,#4545,#4546,#4548,#4550,#4554,#4556,#4560,#4562,#4566,#4568,#4572,#4574,#4578,#4580,#4584,#4586,#4590,#4592,#4596,#4598,#4602,#4604,#4608,#4610,#4618,#4619,#4621,#4623,#4627,#4629,#4633,#4635,#4639,#4641,#4645,#4647,#4651,#4653,#4657,#4659,#4663,#4665,#4669,#4671,#4675,#4677,#4681,#4683,#4687,#4689,#4697,#4698,#4700,#4702,#4706,#4708,#4712,#4714,#4718,#4720,#4724,#4726,#4734,#4735,#4737,#4739,#4743,#4745,#4749,#4750,#4752,#4754,#4758,#4760,#4764,#4766,#4773,#4775,#4783,#4784,#4786,#4788,#4792,#4794,#4798,#4800,#4807,#4809,#4813,#4815,#4823,#4824,#4826,#4828,#4832,#4834,#4842,#4843,#4845,#4847,#4851,#4853,#4857,#4859,#4863,#4865,#4869,#4871,#4875,#4877,#4885,#4886,#4888,#4890,#4894,#4896,#4904,#4905,#4907,#4909,#4913,#4915,#4919,#4921,#4925,#4927,#4931,#4933,#4937,#4939,#4947,#4948,#4950,#4952,#4956,#4958,#4962,#4964,#4968,#4970,#4974,#4976,#4980,#4982,#4986,#4988,#4992,#4994,#4998,#5000,#5004,#5006,#5010,#5012,#5020,#5021,#5023,#5025,#5038,#5039,#5041,#5043,#5045,#5047,#5053,#5055,#5059,#5063,#5067,#5071,#5083,#5085,#5087));
ENDSEC;
END-ISO-10303-21;
